-- NPC
-- WayPoints
-- SAI

-- -----
-- NPC
-- -----
-- Lieutenant Walden miss correct phases on 1 and 2
DELETE FROM `creature` WHERE `guid` IN (4833,6716,6565507,6721,6929,7279,7247);
INSERT INTO `creature` (`guid`,`id`,`map`,`spawnMask`,`phaseMask`,`modelid`,`equipment_id`,`position_x`,`position_y`,`position_z`,`orientation`,`spawntimesecs`,`spawndist`,`currentwaypoint`,`curhealth`,`curmana`,`MovementType`,`npcflag`,`unit_flags`,`dynamicflags`) VALUES
(4833, 34863, 638, 1, 1, 0, 0, -1405.52, 1445.8, 35.5562, 2.99158, 600, 0, 0, 42, 0, 0, 0, 0, 0),
(6716, 34863, 638, 1, 2, 0, 0, -1405.52, 1445.8, 35.5562, 2.99158, 600, 0, 0, 42, 0, 0, 0, 0, 0),
(6565507, 50086, 0, 1, 1, 0, 0, -5036.84, -5119.37, 200.979, 0.667424, 600, 0, 0, 63, 0, 0, 0, 0, 0), -- Correct loc for Overlord Sunderfury
(6721, 50138, 0, 1, 2, 0, 0, -3994.35, -5385.46, 38.1009, 1.45912, 300, 0, 0, 116235, 0, 2, 0, 0, 0), -- Karona loc 2
(6929, 50138, 0, 1, 2, 0, 0, -4153.15, -5887.75, 16.5117, 5.26831, 300, 0, 0, 116235, 0, 2, 0, 0, 0), -- Karona loc 3
(7279, 50138, 0, 1, 2, 0, 0, -4810.03, -5185.29, 144.018, 0.00222874, 300, 0, 0, 116235, 0, 2, 0, 0, 0), -- Karona loc 4
(7247, 50138, 0, 1, 2, 0, 0, -4327.02, -5246.22, 62.6014, 3.12419, 300, 0, 0, 116235, 0, 2, 0, 0, 0), -- Karona loc 5
(7282, 50053, 1, 1, 2, 0, 0, 5056.2, -3406.46, 1615.17, 4.94876, 30000, 0, 0, 26066, 0, 0, 0, 0, 0); -- Thartuk the Exile

-- Elites and rare npcs need special respawn
-- Karoma (http://www.wowhead.com/npc=50138) 7 hours for respawn
UPDATE `creature` SET `spawntimesecs`='25000' WHERE `id`='50138';
-- Sambas (http://www.wowhead.com/npc=50159) 6 hours for respawn
UPDATE `creature` SET `spawntimesecs`='21800' WHERE `id`='50159';
-- Overlord Sunderfury (http://www.wowhead.com/npc=50085) 6 hours for respawn
UPDATE `creature` SET `spawntimesecs`='21800' WHERE `id`='50085';
-- Overlord Sunderfury (http://www.wowhead.com/npc=50086) 7 hours for respawn
UPDATE `creature` SET `spawntimesecs`='25000' WHERE `id`='50086';
-- Jadefang (http://www.wowhead.com/npc=49822) 8 hours for respawn
UPDATE `creature` SET `spawntimesecs`='30500' WHERE `id`='49822';
-- Golgarok <The Crimson Shatterer> (http://www.wowhead.com/npc=50059) 5 hours for respawn
UPDATE `creature` SET `spawntimesecs`='19500' WHERE `id`='50059';
-- Terborus (http://www.wowhead.com/npc=50060) 2 hours for respawn
UPDATE `creature` SET `spawntimesecs`='8500' WHERE `id`='50060';
-- Aeonaxx <Mate of Aeosera> (http://www.wowhead.com/npc=50062) 2 days for respawn
UPDATE `creature` SET `spawntimesecs`='215000' WHERE `id`='50062';
-- Lady LaLa (http://www.wowhead.com/npc=49913) 2 hours for respawn
UPDATE `creature` SET `spawntimesecs`='9500' WHERE `id`='49913';
-- Ghostcrawler (http://www.wowhead.com/npc=50051) 8 hours for respawn
UPDATE `creature` SET `spawntimesecs`='30000' WHERE `id`='50051';
-- Burgy Blackheart (http://www.wowhead.com/npc=50052) 16 hours for respawn
UPDATE `creature` SET `spawntimesecs`='59500' WHERE `id`='50052';
-- Poseidus Blackheart (http://www.wowhead.com/npc=50005) 3 days for respawn
UPDATE `creature` SET `spawntimesecs`='270000' WHERE `id`='50005';
-- Armagedillo (http://www.wowhead.com/npc=50065) 4 hours for respawn
UPDATE `creature` SET `spawntimesecs`='16000' WHERE `id`='50065';
-- Cyrus the Black (http://www.wowhead.com/npc=50064) 8 hours for respawn
UPDATE `creature` SET `spawntimesecs`='30000' WHERE `id`='50064';
-- Madexx (http://www.wowhead.com/npc=51404) 2 days for respawn
UPDATE `creature` SET `spawntimesecs`='115000' WHERE `id`='51404';

-- NPC: Rates NPC's are rank 2 (rare) not 1 (Elite)
UPDATE `creature_template` SET `rank`='2' WHERE `entry` IN 
(50138,50159,50085,50086,49822,50059,50060,50062,49913,50051,50052,50005,50065,50064,51404);

-- NPC: Fix HP for rares creatures
UPDATE `creature_template` SET `Health_mod`='2.00' WHERE `entry` IN (50085); -- Overlord Sunderfury
UPDATE `creature` SET `curhealth`='0' WHERE `id` IN (50085);
UPDATE `creature_template` SET `Health_mod`='1.5' WHERE `entry` IN (50086); -- Tarvus the Vile
UPDATE `creature` SET `curhealth`='0' WHERE `id` IN (50086);
UPDATE `creature_template` SET `Health_mod`='9.37' WHERE `entry` IN (49822); -- Jadefang
UPDATE `creature` SET `curhealth`='0' WHERE `id` IN (49822);
UPDATE `creature_template` SET `Health_mod`='9.62' WHERE `entry` IN (50059); -- Golgarok
UPDATE `creature` SET `curhealth`='0' WHERE `id` IN (50059);
UPDATE `creature_template` SET `Health_mod`='109.62' WHERE `entry` IN (50051); -- Ghostcrawler
UPDATE `creature` SET `curhealth`='0' WHERE `id` IN (50051);
UPDATE `creature_template` SET `Health_mod`='4.520' WHERE `entry` IN (50052); -- Burgy Blackheart <Dreaded Captain of Diane's Fancy>
UPDATE `creature` SET `curhealth`='0' WHERE `id` IN (50052);
UPDATE `creature_template` SET `Health_mod`='4.50' WHERE `entry` IN (50005); -- Poseidus
UPDATE `creature` SET `curhealth`='0' WHERE `id` IN (50005);

-- Ramdom pools for Karona now this npc can be respawn on 5 locs with WP inlcuded
DELETE FROM `pool_creature` WHERE `pool_entry`='50138';
INSERT INTO `pool_creature` VALUES
(6564982,50138,20,'Karoma loc 1'),
(6721,50138,20,'Karoma loc 2'),
(6929,50138,20,'Karoma loc 3'),
(7247,50138,20,'Karoma loc 4'),
(7279,50138,20,'Karoma loc 5');

-- Max creature on map from Karona pool = 1
DELETE FROM `pool_template` WHERE `entry`='50138';
INSERT INTO `pool_template` VALUES 
(50138,1,'Karano - Max creature on map 1');

-- ---------
-- WayPoints
-- ---------
-- Waypoint movement type guid 6596579 (Armagedillo)
UPDATE `creature` SET `MovementType`='2' WHERE `guid`='6596579';

-- Set WP for creature guid 6596579 (Armagedillo)
DELETE FROM `creature_addon` WHERE (`guid`=6596579);
INSERT INTO `creature_addon` (`guid`, `path_id`, `mount`, `bytes1`, `bytes2`, `emote`, `auras`) VALUES 
(6596579, '6596579', 0, 0, 1, 0, '');

-- WP For (Armagedillo)
DELETE FROM waypoint_data WHERE id='6596579';
INSERT INTO `waypoint_data` (`id`, `point`, `position_x`, `position_y`, `position_z`, `delay`, `move_flag`, `action`, `action_chance`, `wpguid`) VALUES 
('6596579','1','-9536.32','-298.726','101.644','0','0','0','100','0'),
('6596579','2','-9534.47','-301.697','101.883','0','0','0','100','0'),
('6596579','3','-9528.67','-310.438','102.382','0','0','0','100','0'),
('6596579','4','-9519.26','-324.171','102.787','0','0','0','100','0'),
('6596579','5','-9500.58','-351.377','106.473','0','0','0','100','0'),
('6596579','6','-9483.32','-363.91','109.728','0','0','0','100','0'),
('6596579','7','-9460.82','-375.724','112.76','0','0','0','100','0'),
('6596579','8','-9444.85','-382.875','113.856','0','0','0','100','0'),
('6596579','9','-9411.87','-403.902','117.868','0','0','0','100','0'),
('6596579','10','-9400.19','-412.455','117.661','0','0','0','100','0'),
('6596579','11','-9376','-416.11','116.861','0','0','0','100','0'),
('6596579','12','-9350.29','-404.582','117.796','0','0','0','100','0'),
('6596579','13','-9322.19','-383.709','120.878','0','0','0','100','0'),
('6596579','14','-9294.44','-355.343','129.71','0','0','0','100','0'),
('6596579','15','-9289.97','-338.425','131.339','0','0','0','100','0'),
('6596579','16','-9278.34','-305.46','134.371','0','0','0','100','0'),
('6596579','17','-9272.33','-289.023','136.271','0','0','0','100','0'),
('6596579','18','-9263.1','-265.825','137.96','0','0','0','100','0'),
('6596579','19','-9241.84','-233.557','139.314','0','0','0','100','0'),
('6596579','20','-9230.54','-220.23','140.842','0','0','0','100','0'),
('6596579','21','-9222.18','-210.903','141.467','0','0','0','100','0'),
('6596579','22','-9239.15','-194.099','141.841','0','0','0','100','0'),
('6596579','23','-9264.93','-182.999','141.584','0','0','0','100','0'),
('6596579','24','-9283.66','-189.224','140.107','0','0','0','100','0'),
('6596579','25','-9306.09','-204.961','136.38','0','0','0','100','0'),
('6596579','26','-9319.51','-215.222','133.525','0','0','0','100','0'),
('6596579','27','-9346.17','-231.454','129.332','0','0','0','100','0'),
('6596579','28','-9361.98','-238.955','129.331','0','0','0','100','0'),
('6596579','29','-9377.79','-246.455','132.262','0','0','0','100','0'),
('6596579','30','-9393.53','-254.1','137.532','0','0','0','100','0'),
('6596579','31','-9411.38','-262.922','136.896','0','0','0','100','0'),
('6596579','32','-9411.38','-262.922','136.896','0','0','0','100','0'),
('6596579','33','-9426.31','-266.556','133.204','0','0','0','100','0'),
('6596579','34','-9443.32','-270.694','127.415','0','0','0','100','0'),
('6596579','35','-9460.5','-274.018','121.553','0','0','0','100','0'),
('6596579','36','-9495.29','-277.504','111.26','0','0','0','100','0'),
('6596579','37','-9530.28','-277.932','103.774','0','0','0','100','0'),
('6596579','38','-9562.82','-276.87','99.0189','0','0','0','100','0'),
('6596579','39','-9588.5','-264.348','98.2436','0','0','0','100','0'),
('6596579','40','-9596.15','-248.613','100.256','0','0','0','100','0'),
('6596579','41','-9604.12','-233.073','101.533','0','0','0','100','0'),
('6596579','42','-9622.32','-203.178','100.323','0','0','0','100','0'),
('6596579','43','-9632.16','-174.023','97.7537','0','0','0','100','0'),
('6596579','44','-9627.05','-163.769','99.3545','0','0','0','100','0'),
('6596579','45','-9612.08','-149.82','104.407','0','0','0','100','0'),
('6596579','46','-9601.77','-133.824','105.4','0','0','0','100','0'),
('6596579','47','-9588.32','-101.51','94.1104','0','0','0','100','0'),
('6596579','48','-9583.43','-89.5952','92.4061','0','0','0','100','0'),
('6596579','49','-9605.9','-93.5186','94.61','0','0','0','100','0'),
('6596579','50','-9617.98','-111.078','99.5571','0','0','0','100','0'),
('6596579','51','-9617.26','-120.315','102.197','0','0','0','100','0'),
('6596579','52','-9612.92','-159.473','103.735','0','0','0','100','0'),
('6596579','53','-9622.24','-174.281','100.28','0','0','0','100','0'),
('6596579','54','-9635.38','-201.744','98.4219','0','0','0','100','0'),
('6596579','55','-9623.66','-249.751','99.0679','0','0','0','100','0'),
('6596579','56','-9621.26','-252.342','98.8055','0','0','0','100','0'),
('6596579','57','-9587.48','-280.42','96.6231','0','0','0','100','0'),
('6596579','58','-9577.92','-280.129','97.1149','0','0','0','100','0'),
('6596579','59','-9543.95','-280.567','101.022','0','0','0','100','0'),
('6596579','60','-9540.81','-291.967','101.032','0','0','0','100','0');

-- Waypoint movement type guid 6564982 (Karoma)
UPDATE `creature` SET `MovementType`='2' WHERE `guid`='6564982';

-- Set WP for creature guid 6564982 (Karoma)
DELETE FROM `creature_addon` WHERE (`guid`=6564982);
INSERT INTO `creature_addon` (`guid`, `path_id`, `mount`, `bytes1`, `bytes2`, `emote`, `auras`) VALUES 
(6564982, '6564982', 0, 0, 1, 0, '');

-- WP For (Karoma)
DELETE FROM waypoint_data WHERE id='6564982';
INSERT INTO `waypoint_data` (`id`, `point`, `position_x`, `position_y`, `position_z`, `delay`, `move_flag`, `action`, `action_chance`, `wpguid`) VALUES 
('6564982','1','-3624.5','-5587.19','30.6935','0','0','0','100','0'),
('6564982','2','-3624.5','-5587.19','30.6935','0','0','0','100','0'),
('6564982','3','-3614.27','-5572.99','31.4299','0','0','0','100','0'),
('6564982','4','-3603.83','-5558.95','33.5435','0','0','0','100','0'),
('6564982','5','-3597.81','-5552.77','33.8321','0','0','0','100','0'),
('6564982','6','-3589.31','-5548.49','33.2978','0','0','0','100','0'),
('6564982','7','-3578.99','-5546.56','32.4385','0','0','0','100','0'),
('6564982','8','-3569.02','-5543.33','32.5109','0','0','0','100','0'),
('6564982','9','-3561.39','-5540.36','30.8986','0','0','0','100','0'),
('6564982','10','-3554.45','-5539.49','27.9369','0','0','0','100','0'),
('6564982','11','-3546.02','-5538.38','25.3212','0','0','0','100','0'),
('6564982','12','-3542.9','-5535.79','23.4323','0','0','0','100','0'),
('6564982','13','-3541.46','-5529.67','20.1708','0','0','0','100','0'),
('6564982','14','-3539.12','-5526.05','18.3158','0','0','0','100','0'),
('6564982','15','-3535.47','-5520.51','14.9491','0','0','0','100','0'),
('6564982','16','-3530.96','-5514.36','16.6661','0','0','0','100','0'),
('6564982','17','-3526.02','-5510.31','18.0178','0','0','0','100','0'),
('6564982','18','-3519.79','-5504.75','17.801','0','0','0','100','0'),
('6564982','19','-3517.06','-5501.56','16.0643','0','0','0','100','0'),
('6564982','20','-3513.55','-5495.51','15.3762','0','0','0','100','0'),
('6564982','21','-3511.35','-5490.97','15.2533','0','0','0','100','0'),
('6564982','22','-3508.32','-5480.92','14.8428','0','0','0','100','0'),
('6564982','23','-3505.93','-5475.18','14.7398','0','0','0','100','0'),
('6564982','24','-3500.15','-5468.57','14.1511','0','0','0','100','0'),
('6564982','25','-3495.06','-5463.77','13.9937','0','0','0','100','0'),
('6564982','26','-3491.83','-5461.33','13.4587','0','0','0','100','0'),
('6564982','27','-3485.65','-5458.35','12.1617','0','0','0','100','0'),
('6564982','28','-3479.08','-5455.95','11.1941','0','0','0','100','0'),
('6564982','29','-3472.29','-5454.25','11.7332','0','0','0','100','0'),
('6564982','30','-3466.25','-5452.48','12.661','0','0','0','100','0'),
('6564982','31','-3462.19','-5449.04','14.5928','0','0','0','100','0'),
('6564982','32','-3459.5','-5444.54','14.2598','0','0','0','100','0'),
('6564982','33','-3458.86','-5441.9','14.4534','0','0','0','100','0'),
('6564982','34','-3460.6','-5435.12','10.7603','0','0','0','100','0'),
('6564982','35','-3461.67','-5429.06','8.96532','0','0','0','100','0'),
('6564982','36','-3460.89','-5423.64','7.96543','0','0','0','100','0'),
('6564982','37','-3461.29','-5422.37','7.87611','0','0','0','100','0'),
('6564982','38','-3465.03','-5416.45','8.00295','0','0','0','100','0'),
('6564982','39','-3468.06','-5410.46','8.3509','0','0','0','100','0'),
('6564982','40','-3469.27','-5400.38','8.96095','0','0','0','100','0'),
('6564982','41','-3469.67','-5393.39','9.09026','0','0','0','100','0'),
('6564982','42','-3469.78','-5386.39','9.07022','0','0','0','100','0'),
('6564982','43','-3469.42','-5379.4','9.16495','0','0','0','100','0'),
('6564982','44','-3468.28','-5372.5','9.30354','0','0','0','100','0'),
('6564982','45','-3465.38','-5362.44','9.0662','0','0','0','100','0'),
('6564982','46','-3462.51','-5356.05','8.6684','0','0','0','100','0'),
('6564982','47','-3459.72','-5351.06','8.49131','0','0','0','100','0'),
('6564982','48','-3455.52','-5347.08','8.02473','0','0','0','100','0'),
('6564982','49','-3450.42','-5344.86','7.02227','0','0','0','100','0'),
('6564982','50','-3445.6','-5343.18','6.36577','0','0','0','100','0'),
('6564982','51','-3438.91','-5341.74','6.28775','0','0','0','100','0'),
('6564982','52','-3431.28','-5341.62','6.31277','0','0','0','100','0'),
('6564982','53','-3424.28','-5341.69','7.20008','0','0','0','100','0'),
('6564982','54','-3417.05','-5341.61','8.0745','0','0','0','100','0'),
('6564982','55','-3413.1','-5341.95','8.23807','0','0','0','100','0'),
('6564982','56','-3406.24','-5344.21','8.06733','0','0','0','100','0'),
('6564982','57','-3398.4','-5346.24','8.85796','0','0','0','100','0'),
('6564982','58','-3393.08','-5343.38','9.47055','0','0','0','100','0'),
('6564982','59','-3387.57','-5337.08','9.30157','0','0','0','100','0'),
('6564982','60','-3384.83','-5328.84','9.33954','0','0','0','100','0'),
('6564982','61','-3387.05','-5325.1','10.9828','0','0','0','100','0'),
('6564982','62','-3392.03','-5320.19','11.0925','0','0','0','100','0'),
('6564982','63','-3396.62','-5317.79','10.6675','0','0','0','100','0'),
('6564982','64','-3402.51','-5313.15','10.1049','0','0','0','100','0'),
('6564982','65','-3404.89','-5309.86','10.3695','0','0','0','100','0'),
('6564982','66','-3407.49','-5303.36','9.84957','0','0','0','100','0'),
('6564982','67','-3411.34','-5293.59','9.97974','0','0','0','100','0'),
('6564982','68','-3414.4','-5287.31','9.30168','0','0','0','100','0'),
('6564982','69','-3417.95','-5281.28','8.94391','0','0','0','100','0'),
('6564982','70','-3421.89','-5275.45','8.56452','0','0','0','100','0'),
('6564982','71','-3428.84','-5270.7','8.51654','0','0','0','100','0'),
('6564982','72','-3433.81','-5269.48','8.32427','0','0','0','100','0'),
('6564982','73','-3440.81','-5269.56','7.40086','0','0','0','100','0'),
('6564982','74','-3446.76','-5269.85','6.29263','0','0','0','100','0'),
('6564982','75','-3451.93','-5271.16','6.27761','0','0','0','100','0'),
('6564982','76','-3458.27','-5274.29','7.40099','0','0','0','100','0'),
('6564982','77','-3462.92','-5277.39','8.88848','0','0','0','100','0'),
('6564982','78','-3468.2','-5281.99','10.2644','0','0','0','100','0'),
('6564982','79','-3473.82','-5286.91','10.8845','0','0','0','100','0'),
('6564982','80','-3478.75','-5293.12','11.4547','0','0','0','100','0'),
('6564982','81','-3481.45','-5298.9','12.006','0','0','0','100','0'),
('6564982','82','-3479.67','-5304.29','12.182','0','0','0','100','0'),
('6564982','83','-3478.82','-5313.91','11.1589','0','0','0','100','0'),
('6564982','84','-3478.97','-5317.01','11.0927','0','0','0','100','0'),
('6564982','85','-3480.54','-5325.91','11.0994','0','0','0','100','0'),
('6564982','86','-3481.77','-5329.19','11.1628','0','0','0','100','0'),
('6564982','87','-3486.94','-5338.62','12.1932','0','0','0','100','0'),
('6564982','88','-3489.07','-5341.4','12.2399','0','0','0','100','0'),
('6564982','89','-3493.32','-5346.95','11.9034','0','0','0','100','0'),
('6564982','90','-3499.22','-5353.77','12.0878','0','0','0','100','0'),
('6564982','91','-3503.47','-5356.03','12.3218','0','0','0','100','0'),
('6564982','92','-3510.24','-5357.79','12.5449','0','0','0','100','0'),
('6564982','93','-3515.05','-5357.3','11.9926','0','0','0','100','0'),
('6564982','94','-3516.12','-5355.62','12.7281','0','0','0','100','0'),
('6564982','95','-3519.47','-5349.48','14.2605','0','0','0','100','0'),
('6564982','96','-3521.79','-5346.43','14.3405','0','0','0','100','0'),
('6564982','97','-3523.5','-5345.61','13.6676','0','0','0','100','0'),
('6564982','98','-3531.09','-5344.05','13.4759','0','0','0','100','0'),
('6564982','99','-3536.99','-5343.74','15.3222','0','0','0','100','0'),
('6564982','100','-3542.25','-5345.98','18.1195','0','0','0','100','0'),
('6564982','101','-3548.33','-5346.95','18.521','0','0','0','100','0'),
('6564982','102','-3552.8','-5346.14','18.4531','0','0','0','100','0'),
('6564982','103','-3561.93','-5343.7','20.754','0','0','0','100','0'),
('6564982','104','-3569.27','-5345.83','21.5466','0','0','0','100','0'),
('6564982','105','-3570.84','-5349.95','22.739','0','0','0','100','0'),
('6564982','106','-3572.34','-5356.54','22.02','0','0','0','100','0'),
('6564982','107','-3573.36','-5363.46','23.2725','0','0','0','100','0'),
('6564982','108','-3574.55','-5370.36','22.9473','0','0','0','100','0'),
('6564982','109','-3576.72','-5376.22','23.1156','0','0','0','100','0'),
('6564982','110','-3579.95','-5380.19','23.6682','0','0','0','100','0'),
('6564982','111','-3584.23','-5384.02','24.7939','0','0','0','100','0'),
('6564982','112','-3589.79','-5387.15','26.0114','0','0','0','100','0'),
('6564982','113','-3595.52','-5391.41','27.8106','0','0','0','100','0'),
('6564982','114','-3599.21','-5396.69','28.1565','0','0','0','100','0'),
('6564982','115','-3600.65','-5399.87','28.7301','0','0','0','100','0'),
('6564982','116','-3604.82','-5409.5','32.49','0','0','0','100','0'),
('6564982','117','-3605.78','-5412.87','31.5389','0','0','0','100','0'),
('6564982','118','-3607.64','-5419.62','30.0914','0','0','0','100','0'),
('6564982','119','-3609.5','-5426.37','31.6759','0','0','0','100','0'),
('6564982','120','-3611.36','-5433.12','32.7701','0','0','0','100','0'),
('6564982','121','-3614.35','-5443.18','31.5234','0','0','0','100','0'),
('6564982','122','-3616.01','-5447.88','31.279','0','0','0','100','0'),
('6564982','123','-3621.14','-5457.03','31.0858','0','0','0','100','0'),
('6564982','124','-3625.09','-5462.81','32.2513','0','0','0','100','0'),
('6564982','125','-3631.44','-5471.17','34.4253','0','0','0','100','0'),
('6564982','126','-3635.33','-5476.99','34.7961','0','0','0','100','0'),
('6564982','127','-3638.3','-5483.32','34.1545','0','0','0','100','0'),
('6564982','128','-3642.54','-5491.78','34.2328','0','0','0','100','0'),
('6564982','129','-3644.9','-5494.62','34.4896','0','0','0','100','0'),
('6564982','130','-3652.15','-5500.53','35.7551','0','0','0','100','0'),
('6564982','131','-3656.22','-5502.62','35.3809','0','0','0','100','0'),
('6564982','132','-3665.22','-5504.04','34.4565','0','0','0','100','0'),
('6564982','133','-3672.22','-5504.17','34.5056','0','0','0','100','0'),
('6564982','134','-3680.88','-5504.39','34.9056','0','0','0','100','0'),
('6564982','135','-3687.93','-5506.42','35.4628','0','0','0','100','0'),
('6564982','136','-3693.63','-5511.04','36.6919','0','0','0','100','0'),
('6564982','137','-3697.93','-5520.51','37.3423','0','0','0','100','0'),
('6564982','138','-3698.68','-5524.15','37.0856','0','0','0','100','0'),
('6564982','139','-3698.59','-5531.15','36.156','0','0','0','100','0'),
('6564982','140','-3700.24','-5543.73','35.1421','0','0','0','100','0'),
('6564982','141','-3701.23','-5546.9','35.1964','0','0','0','100','0'),
('6564982','142','-3704.28','-5552.42','35.5784','0','0','0','100','0'),
('6564982','143','-3708.33','-5556.13','36.4243','0','0','0','100','0'),
('6564982','144','-3715.98','-5560.16','38.331','0','0','0','100','0'),
('6564982','145','-3722.68','-5562.18','39.7835','0','0','0','100','0'),
('6564982','146','-3729.46','-5563.91','40.7521','0','0','0','100','0'),
('6564982','147','-3733.97','-5565.37','41.1568','0','0','0','100','0'),
('6564982','148','-3740.7','-5569.98','41.3908','0','0','0','100','0'),
('6564982','149','-3743.12','-5574.24','41.2296','0','0','0','100','0'),
('6564982','150','-3746.49','-5580.37','41.277','0','0','0','100','0'),
('6564982','151','-3750.41','-5586.16','41.5509','0','0','0','100','0'),
('6564982','152','-3753.25','-5591.73','41.6362','0','0','0','100','0'),
('6564982','153','-3752.27','-5597.35','40.8257','0','0','0','100','0'),
('6564982','154','-3746.27','-5603.57','38.8434','0','0','0','100','0'),
('6564982','155','-3742.21','-5607.35','37.9338','0','0','0','100','0'),
('6564982','156','-3734.34','-5610.55','36.8975','0','0','0','100','0'),
('6564982','157','-3727.98','-5614.79','36.0228','0','0','0','100','0'),
('6564982','158','-3725.2','-5619.91','34.9634','0','0','0','100','0'),
('6564982','159','-3721.75','-5627.81','33.7495','0','0','0','100','0'),
('6564982','160','-3719.8','-5634.53','32.8789','0','0','0','100','0'),
('6564982','161','-3718.47','-5643.86','32.8309','0','0','0','100','0'),
('6564982','162','-3719','-5650.55','33.0371','0','0','0','100','0'),
('6564982','163','-3720.72','-5657.34','32.9319','0','0','0','100','0'),
('6564982','164','-3723.31','-5667.51','30.348','0','0','0','100','0'),
('6564982','165','-3724.18','-5670.9','30.7851','0','0','0','100','0'),
('6564982','166','-3725.9','-5677.69','29.8392','0','0','0','100','0'),
('6564982','167','-3727.28','-5683.5','28.8752','0','0','0','100','0'),
('6564982','168','-3728.41','-5693.93','27.8235','0','0','0','100','0'),
('6564982','169','-3727.99','-5699.61','27.3703','0','0','0','100','0'),
('6564982','170','-3725.89','-5706.29','26.5387','0','0','0','100','0'),
('6564982','171','-3722.43','-5715.27','25.3607','0','0','0','100','0'),
('6564982','172','-3718.09','-5720.34','25.3578','0','0','0','100','0'),
('6564982','173','-3711.52','-5722.74','26.1075','0','0','0','100','0'),
('6564982','174','-3704.97','-5723.01','26.3353','0','0','0','100','0'),
('6564982','175','-3699.82','-5720.84','26.8027','0','0','0','100','0'),
('6564982','176','-3696.98','-5718.79','26.6811','0','0','0','100','0'),
('6564982','177','-3692.01','-5715.01','26.3962','0','0','0','100','0'),
('6564982','178','-3688.12','-5708.08','26.2371','0','0','0','100','0'),
('6564982','179','-3683.39','-5703.48','25.81','0','0','0','100','0'),
('6564982','180','-3677.85','-5699.2','24.94','0','0','0','100','0'),
('6564982','181','-3670.16','-5694.37','24.9266','0','0','0','100','0'),
('6564982','182','-3663.92','-5691.2','25.6095','0','0','0','100','0'),
('6564982','183','-3660.75','-5689.1','25.1352','0','0','0','100','0'),
('6564982','184','-3655.38','-5678.12','25.0125','0','0','0','100','0'),
('6564982','185','-3651.61','-5668.32','25.6127','0','0','0','100','0'),
('6564982','186','-3648.32','-5659.41','26.9657','0','0','0','100','0'),
('6564982','187','-3646.4','-5652.68','28.0419','0','0','0','100','0'),
('6564982','188','-3641.55','-5645','29.5174','0','0','0','100','0'),
('6564982','189','-3635.51','-5644.93','29.9209','0','0','0','100','0'),
('6564982','190','-3629.43','-5647.78','29.3064','0','0','0','100','0'),
('6564982','191','-3625.75','-5652.75','28.2409','0','0','0','100','0'),
('6564982','192','-3623.26','-5657.9','28.6757','0','0','0','100','0'),
('6564982','193','-3621.12','-5665.93','29.7823','0','0','0','100','0'),
('6564982','194','-3621.55','-5675.32','29.6206','0','0','0','100','0'),
('6564982','195','-3625.27','-5681.14','28.8794','0','0','0','100','0'),
('6564982','196','-3630.74','-5685.51','26.8699','0','0','0','100','0'),
('6564982','197','-3636.34','-5691.6','23.6097','0','0','0','100','0'),
('6564982','198','-3633.87','-5696.93','21.408','0','0','0','100','0'),
('6564982','199','-3627.04','-5699.72','15.9747','0','0','0','100','0'),
('6564982','200','-3622.58','-5699.3','15.7148','0','0','0','100','0'),
('6564982','201','-3616.1','-5701.93','16.0022','0','0','0','100','0'),
('6564982','202','-3609.83','-5705.05','15.3332','0','0','0','100','0'),
('6564982','203','-3601.93','-5706.35','14.8882','0','0','0','100','0'),
('6564982','204','-3595.03','-5705.2','14.0746','0','0','0','100','0'),
('6564982','205','-3588.15','-5703.9','12.5702','0','0','0','100','0'),
('6564982','206','-3579.46','-5700.8','10.6818','0','0','0','100','0'),
('6564982','207','-3576.67','-5697.68','10.5129','0','0','0','100','0'),
('6564982','208','-3576.15','-5690.71','11.5573','0','0','0','100','0'),
('6564982','209','-3574.66','-5682.44','13.1803','0','0','0','100','0'),
('6564982','210','-3572.08','-5675.94','13.8243','0','0','0','100','0'),
('6564982','211','-3569.11','-5669.61','13.963','0','0','0','100','0'),
('6564982','212','-3566.14','-5663.27','13.8963','0','0','0','100','0'),
('6564982','213','-3565.07','-5658.2','14.4802','0','0','0','100','0'),
('6564982','214','-3566.65','-5653.39','15.2801','0','0','0','100','0'),
('6564982','215','-3570.56','-5647.32','15.9178','0','0','0','100','0'),
('6564982','216','-3576.27','-5644.26','20.7704','0','0','0','100','0'),
('6564982','217','-3579.62','-5643.69','23.5149','0','0','0','100','0'),
('6564982','218','-3586.25','-5645.94','27.8149','0','0','0','100','0'),
('6564982','219','-3592.66','-5648.72','29.7763','0','0','0','100','0'),
('6564982','220','-3598.2','-5648.15','29.793','0','0','0','100','0'),
('6564982','221','-3606.04','-5643.8','29.0411','0','0','0','100','0'),
('6564982','222','-3613','-5643.07','28.2383','0','0','0','100','0'),
('6564982','223','-3621.24','-5641.18','28.8191','0','0','0','100','0'),
('6564982','224','-3627.78','-5638.69','30.3461','0','0','0','100','0'),
('6564982','225','-3634.24','-5636','30.3444','0','0','0','100','0'),
('6564982','226','-3641.63','-5631.44','29.4359','0','0','0','100','0'),
('6564982','227','-3647.23','-5627.24','28.8369','0','0','0','100','0'),
('6564982','228','-3651.4','-5622.9','28.031','0','0','0','100','0'),
('6564982','229','-3654.56','-5617.23','27.3232','0','0','0','100','0'),
('6564982','230','-3655.67','-5611.83','27.7402','0','0','0','100','0'),
('6564982','231','-3654.53','-5604.47','29.2927','0','0','0','100','0'),
('6564982','232','-3650.07','-5599.85','28.6465','0','0','0','100','0'),
('6564982','233','-3645.41','-5598.43','28.628','0','0','0','100','0'),
('6564982','234','-3639.65','-5598.85','29.5521','0','0','0','100','0'),
('6564982','235','-3637.37','-5601.26','29.4591','0','0','0','100','0'),
('6564982','236','-3633.33','-5606.97','28.7982','0','0','0','100','0'),
('6564982','237','-3626.35','-5611.5','29.7327','0','0','0','100','0'),
('6564982','238','-3623.03','-5608.08','29.91','0','0','0','100','0'),
('6564982','239','-3622.44','-5604.91','29.6806','0','0','0','100','0'),
('6564982','240','-3622.11','-5595.47','29.9081','0','0','0','100','0'),
('6564982','241','-3623.17','-5591.1','30.2296','0','0','0','100','0');

-- Waypoint movement type guid 6721 (Karoma)
UPDATE `creature` SET `MovementType`='2' WHERE `guid`='6721';

-- Set WP for creature guid 6564982 (Karoma)
DELETE FROM `creature_addon` WHERE (`guid`=6721);
INSERT INTO `creature_addon` (`guid`, `path_id`, `mount`, `bytes1`, `bytes2`, `emote`, `auras`) VALUES 
(6721, '6721', 0, 0, 1, 0, '');

-- WP For (Karoma)
DELETE FROM waypoint_data WHERE id='6721';
INSERT INTO `waypoint_data` (`id`, `point`, `position_x`, `position_y`, `position_z`, `delay`, `move_flag`, `action`, `action_chance`, `wpguid`) VALUES 
('6721','1','-3994.35','-5385.46','38.1009','0','0','0','100','0'),
('6721','2','-3994.31','-5377.79','35.7223','0','0','0','100','0'),
('6721','3','-3994.25','-5373.87','34.5258','0','0','0','100','0'),
('6721','4','-3990.26','-5364.21','31.8095','0','0','0','100','0'),
('6721','5','-3986.83','-5358.57','30.3276','0','0','0','100','0'),
('6721','6','-3982.08','-5353.59','29.2533','0','0','0','100','0'),
('6721','7','-3973.8','-5347.14','28.0712','0','0','0','100','0'),
('6721','8','-3969.31','-5344.6','27.3787','0','0','0','100','0'),
('6721','9','-3959.42','-5341.11','26.5457','0','0','0','100','0'),
('6721','10','-3952.63','-5339.39','26.0457','0','0','0','100','0'),
('6721','11','-3942.44','-5336.87','25.1865','0','0','0','100','0'),
('6721','12','-3935.66','-5335.12','24.5669','0','0','0','100','0'),
('6721','13','-3930.31','-5332.89','24.0505','0','0','0','100','0'),
('6721','14','-3924.43','-5329.09','23.6794','0','0','0','100','0'),
('6721','15','-3918.7','-5325.07','23.7305','0','0','0','100','0'),
('6721','16','-3912.81','-5321.3','23.9011','0','0','0','100','0'),
('6721','17','-3907.01','-5317.93','24.0557','0','0','0','100','0'),
('6721','18','-3899.17','-5315.31','24.0852','0','0','0','100','0'),
('6721','19','-3895.7','-5314.92','23.8873','0','0','0','100','0'),
('6721','20','-3887.98','-5312.6','24.4648','0','0','0','100','0'),
('6721','21','-3884.78','-5309.91','25.0123','0','0','0','100','0'),
('6721','22','-3881.29','-5303.86','25.1553','0','0','0','100','0'),
('6721','23','-3879.8','-5298.13','25.0978','0','0','0','100','0'),
('6721','24','-3880.34','-5290.24','25.2278','0','0','0','100','0'),
('6721','25','-3882.05','-5285.28','24.5133','0','0','0','100','0'),
('6721','26','-3886.55','-5279.91','24.0097','0','0','0','100','0'),
('6721','27','-3890.47','-5274.15','24.6606','0','0','0','100','0'),
('6721','28','-3893.41','-5267.81','24.8076','0','0','0','100','0'),
('6721','29','-3895.98','-5261.3','24.1902','0','0','0','100','0'),
('6721','30','-3898.62','-5254.82','24.2406','0','0','0','100','0'),
('6721','31','-3900.18','-5251.69','24.3743','0','0','0','100','0'),
('6721','32','-3905.16','-5244.05','24.1756','0','0','0','100','0'),
('6721','33','-3905.75','-5236.92','24.5185','0','0','0','100','0'),
('6721','34','-3904.17','-5231.41','25.4295','0','0','0','100','0'),
('6721','35','-3901.61','-5224.9','27.127','0','0','0','100','0'),
('6721','36','-3899.97','-5221.81','28.0668','0','0','0','100','0'),
('6721','37','-3894.6','-5215','29.9705','0','0','0','100','0'),
('6721','38','-3889.15','-5211.79','30.8473','0','0','0','100','0'),
('6721','39','-3885.71','-5211.14','31.3377','0','0','0','100','0'),
('6721','40','-3878.74','-5210.53','33.0956','0','0','0','100','0'),
('6721','41','-3872.68','-5210.39','34.9525','0','0','0','100','0'),
('6721','42','-3865.68','-5210.54','35.9378','0','0','0','100','0'),
('6721','43','-3858.68','-5210.69','36.4174','0','0','0','100','0'),
('6721','44','-3853.71','-5210.41','36.6293','0','0','0','100','0'),
('6721','45','-3847.12','-5207.99','36.7781','0','0','0','100','0'),
('6721','46','-3843.47','-5205.24','37.4849','0','0','0','100','0'),
('6721','47','-3840.16','-5200.2','37.9921','0','0','0','100','0'),
('6721','48','-3839.27','-5193.96','38.3834','0','0','0','100','0'),
('6721','49','-3840.39','-5190.91','38.7003','0','0','0','100','0'),
('6721','50','-3843.58','-5184.68','39.4869','0','0','0','100','0'),
('6721','51','-3846.83','-5179.47','40.3883','0','0','0','100','0'),
('6721','52','-3852.19','-5175.5','41.1633','0','0','0','100','0'),
('6721','53','-3858.43','-5172.96','41.7905','0','0','0','100','0'),
('6721','54','-3862.74','-5172.22','41.8139','0','0','0','100','0'),
('6721','55','-3869.52','-5171.71','41.354','0','0','0','100','0'),
('6721','56','-3875.5','-5170.63','41.1814','0','0','0','100','0'),
('6721','57','-3881.68','-5168.08','41.4006','0','0','0','100','0'),
('6721','58','-3886.08','-5164.47','41.9387','0','0','0','100','0'),
('6721','59','-3890.46','-5159.84','42.7607','0','0','0','100','0'),
('6721','60','-3893.16','-5157.61','43.1979','0','0','0','100','0'),
('6721','61','-3898.78','-5153.81','43.9934','0','0','0','100','0'),
('6721','62','-3904.04','-5151.26','44.5729','0','0','0','100','0'),
('6721','63','-3907.45','-5150.51','44.7744','0','0','0','100','0'),
('6721','64','-3915.36','-5149.3','45.1522','0','0','0','100','0'),
('6721','65','-3919.16','-5152.51','44.2098','0','0','0','100','0'),
('6721','66','-3920.69','-5157.56','42.1618','0','0','0','100','0'),
('6721','67','-3920.72','-5161.06','40.8421','0','0','0','100','0'),
('6721','68','-3920.31','-5168.04','38.7905','0','0','0','100','0'),
('6721','69','-3919.95','-5171.52','36.9267','0','0','0','100','0'),
('6721','70','-3920.87','-5178.28','34.0995','0','0','0','100','0'),
('6721','71','-3925.8','-5181.01','31.59','0','0','0','100','0'),
('6721','72','-3926.34','-5177.41','32.5409','0','0','0','100','0'),
('6721','73','-3929.85','-5175.02','31.962','0','0','0','100','0'),
('6721','74','-3943.46','-5176.81','24.0876','0','0','0','100','0'),
('6721','75','-3946.3','-5178.86','22.4538','0','0','0','100','0'),
('6721','76','-3952.56','-5185.55','20.5156','0','0','0','100','0'),
('6721','77','-3955.23','-5190.99','19.6666','0','0','0','100','0'),
('6721','78','-3958.02','-5197.4','18.7006','0','0','0','100','0'),
('6721','79','-3961.45','-5203.5','17.2326','0','0','0','100','0'),
('6721','80','-3965.31','-5209.33','15.7743','0','0','0','100','0'),
('6721','81','-3967.53','-5212.04','15.1199','0','0','0','100','0'),
('6721','82','-3972.02','-5217.41','13.9886','0','0','0','100','0'),
('6721','83','-3976.62','-5222.69','12.9163','0','0','0','100','0'),
('6721','84','-3981.38','-5227.81','11.8913','0','0','0','100','0'),
('6721','85','-3983.91','-5230.23','11.4314','0','0','0','100','0'),
('6721','86','-3988.97','-5235.07','10.5172','0','0','0','100','0'),
('6721','87','-3995.03','-5241.05','9.02763','0','0','0','100','0'),
('6721','88','-3996.35','-5245.35','8.57952','0','0','0','100','0'),
('6721','89','-3996.22','-5252.34','8.6743','0','0','0','100','0'),
('6721','90','-3996.94','-5256.76','8.73534','0','0','0','100','0'),
('6721','91','-4000.38','-5263.57','8.66683','0','0','0','100','0'),
('6721','92','-4003.91','-5267.27','8.25465','0','0','0','100','0'),
('6721','93','-4009.58','-5271.37','7.84094','0','0','0','100','0'),
('6721','94','-4015.62','-5274.9','7.29839','0','0','0','100','0'),
('6721','95','-4018.67','-5276.63','7.07152','0','0','0','100','0'),
('6721','96','-4024.03','-5279.67','6.99341','0','0','0','100','0'),
('6721','97','-4030.75','-5281.62','6.93169','0','0','0','100','0'),
('6721','98','-4035.63','-5283.8','6.3296','0','0','0','100','0'),
('6721','99','-4041.71','-5287.25','5.78192','0','0','0','100','0'),
('6721','100','-4048.02','-5290.27','5.85356','0','0','0','100','0'),
('6721','101','-4054.53','-5292.84','6.20716','0','0','0','100','0'),
('6721','102','-4061.05','-5295.4','6.85699','0','0','0','100','0'),
('6721','103','-4065.52','-5297.58','7.34511','0','0','0','100','0'),
('6721','104','-4070.36','-5302.06','8.55105','0','0','0','100','0'),
('6721','105','-4072.49','-5307.99','10.06','0','0','0','100','0'),
('6721','106','-4070.41','-5312.2','11.043','0','0','0','100','0'),
('6721','107','-4062.32','-5315.97','11.8979','0','0','0','100','0'),
('6721','108','-4056.53','-5319.89','13.0867','0','0','0','100','0'),
('6721','109','-4053.77','-5322.04','13.7628','0','0','0','100','0'),
('6721','110','-4045.89','-5328.36','16.0597','0','0','0','100','0'),
('6721','111','-4043.74','-5333.75','17.3183','0','0','0','100','0'),
('6721','112','-4044.43','-5337.38','18.1408','0','0','0','100','0'),
('6721','113','-4048.25','-5344.42','19.8889','0','0','0','100','0'),
('6721','114','-4052.88','-5349.67','21.3576','0','0','0','100','0'),
('6721','115','-4057.52','-5354.91','23.0978','0','0','0','100','0'),
('6721','116','-4062.89','-5363.07','25.9982','0','0','0','100','0'),
('6721','117','-4063.54','-5367.43','27.4556','0','0','0','100','0'),
('6721','118','-4063.65','-5377.2','30.5475','0','0','0','100','0'),
('6721','119','-4064.9','-5383.54','32.4984','0','0','0','100','0'),
('6721','120','-4066.79','-5390.28','34.5632','0','0','0','100','0'),
('6721','121','-4068.67','-5397.02','36.7089','0','0','0','100','0'),
('6721','122','-4069.48','-5402.85','38.7223','0','0','0','100','0'),
('6721','123','-4068.22','-5408.66','40.9663','0','0','0','100','0'),
('6721','124','-4065.86','-5412.59','42.6052','0','0','0','100','0'),
('6721','125','-4060.51','-5418.87','45.5302','0','0','0','100','0'),
('6721','126','-4055.94','-5419.67','45.9386','0','0','0','100','0'),
('6721','127','-4049.16','-5417.91','45.2585','0','0','0','100','0'),
('6721','128','-4045.77','-5417.04','44.9916','0','0','0','100','0'),
('6721','129','-4035.52','-5414.87','44.6379','0','0','0','100','0'),
('6721','130','-4032.04','-5414.44','44.6968','0','0','0','100','0'),
('6721','131','-4026.11','-5413.92','44.9189','0','0','0','100','0'),
('6721','132','-4019.11','-5414.13','45.4893','0','0','0','100','0'),
('6721','133','-4012.11','-5414.39','46.0327','0','0','0','100','0'),
('6721','134','-4005.71','-5414','46.2261','0','0','0','100','0'),
('6721','135','-3998.56','-5411.32','45.5342','0','0','0','100','0'),
('6721','136','-3995','-5407.58','44.4783','0','0','0','100','0'),
('6721','137','-3991.82','-5402.82','43.1515','0','0','0','100','0'),
('6721','138','-3992.33','-5398.03','41.8482','0','0','0','100','0'),
('6721','139','-3995.84','-5394.6','40.8627','0','0','0','100','0'),
('6721','140','-3995.06','-5390.22','39.5518','0','0','0','100','0'),
('6721','141','-3994.83','-5388.84','39.1283','0','0','0','100','0');

-- Waypoint movement type guid 6929 (Karoma)
UPDATE `creature` SET `MovementType`='2' WHERE `guid`='6929';

-- Set WP for creature guid 6564982 (Karoma)
DELETE FROM `creature_addon` WHERE (`guid`=6929);
INSERT INTO `creature_addon` (`guid`, `path_id`, `mount`, `bytes1`, `bytes2`, `emote`, `auras`) VALUES 
(6929, '6929', 0, 0, 1, 0, '');

-- WP For (Karoma)
DELETE FROM waypoint_data WHERE id='6929';
INSERT INTO `waypoint_data` (`id`, `point`, `position_x`, `position_y`, `position_z`, `delay`, `move_flag`, `action`, `action_chance`, `wpguid`) VALUES 
('6929','1','-4153.15','-5887.75','16.5117','0','0','0','100','0'),
('6929','2','-4151.22','-5890.67','16.1036','0','0','0','100','0'),
('6929','3','-4148.99','-5899.72','16.1033','0','0','0','100','0'),
('6929','4','-4150.02','-5910.17','16.6863','0','0','0','100','0'),
('6929','5','-4151.1','-5917.07','16.5518','0','0','0','100','0'),
('6929','6','-4149.75','-5924.08','15.6402','0','0','0','100','0'),
('6929','7','-4142.27','-5929.78','15.0034','0','0','0','100','0'),
('6929','8','-4133.02','-5934.12','14.7611','0','0','0','100','0'),
('6929','9','-4122.82','-5936.63','14.1395','0','0','0','100','0'),
('6929','10','-4113.84','-5938.67','13.9229','0','0','0','100','0'),
('6929','11','-4106.2','-5938.33','13.5049','0','0','0','100','0'),
('6929','12','-4095.84','-5939.84','12.7329','0','0','0','100','0'),
('6929','13','-4089.06','-5941.57','12.407','0','0','0','100','0'),
('6929','14','-4079.52','-5945.55','11.3557','0','0','0','100','0'),
('6929','15','-4073.34','-5948.83','11.3331','0','0','0','100','0'),
('6929','16','-4067.71','-5952.25','11.9295','0','0','0','100','0'),
('6929','17','-4066.1','-5953.74','12.157','0','0','0','100','0'),
('6929','18','-4061.69','-5959.17','11.5415','0','0','0','100','0'),
('6929','19','-4057.27','-5962.11','10.7249','0','0','0','100','0'),
('6929','20','-4054.35','-5962.25','10.3666','0','0','0','100','0'),
('6929','21','-4045.24','-5960.84','10.6859','0','0','0','100','0'),
('6929','22','-4040.78','-5961.58','10.1429','0','0','0','100','0'),
('6929','23','-4032.4','-5966.25','10.4152','0','0','0','100','0'),
('6929','24','-4029.61','-5968.38','10.5599','0','0','0','100','0'),
('6929','25','-4024.37','-5973.01','11.0147','0','0','0','100','0'),
('6929','26','-4019.25','-5977.78','11.3917','0','0','0','100','0'),
('6929','27','-4014.14','-5982.56','11.4602','0','0','0','100','0'),
('6929','28','-4005.9','-5988.28','9.57364','0','0','0','100','0'),
('6929','29','-4002.41','-5988.16','8.89096','0','0','0','100','0'),
('6929','30','-3997.66','-5988.59','7.6411','0','0','0','100','0'),
('6929','31','-3991.91','-5992.25','7.85063','0','0','0','100','0'),
('6929','32','-3990.48','-5995.29','8.65495','0','0','0','100','0'),
('6929','33','-3987.79','-6005.44','9.69056','0','0','0','100','0'),
('6929','34','-3986.03','-6011.26','9.78668','0','0','0','100','0'),
('6929','35','-3982.22','-6017.12','9.92557','0','0','0','100','0'),
('6929','36','-3978.67','-6021.09','10.1012','0','0','0','100','0'),
('6929','37','-3973.09','-6025.32','10.1625','0','0','0','100','0'),
('6929','38','-3967.51','-6029.54','9.57223','0','0','0','100','0'),
('6929','39','-3964.12','-6033.23','8.71451','0','0','0','100','0'),
('6929','40','-3962','-6036.02','7.99334','0','0','0','100','0'),
('6929','41','-3958.18','-6041.88','7.01413','0','0','0','100','0'),
('6929','42','-3956.27','-6044.82','7.38067','0','0','0','100','0'),
('6929','43','-3954.37','-6047.75','7.81769','0','0','0','100','0'),
('6929','44','-3950.3','-6053.45','9.12686','0','0','0','100','0'),
('6929','45','-3946.2','-6059.12','9.91848','0','0','0','100','0'),
('6929','46','-3941.87','-6062.53','10.1656','0','0','0','100','0'),
('6929','47','-3937.74','-6062.24','10.4287','0','0','0','100','0'),
('6929','48','-3934.16','-6058.58','11.0153','0','0','0','100','0'),
('6929','49','-3933.12','-6055.24','11.3424','0','0','0','100','0'),
('6929','50','-3931.13','-6048.52','11.4775','0','0','0','100','0'),
('6929','51','-3930.21','-6043.29','11.1064','0','0','0','100','0'),
('6929','52','-3930.48','-6038.78','10.3236','0','0','0','100','0'),
('6929','53','-3932.71','-6030.8','8.3649','0','0','0','100','0'),
('6929','54','-3935.11','-6026.78','7.56981','0','0','0','100','0'),
('6929','55','-3939.04','-6020.99','7.90105','0','0','0','100','0'),
('6929','56','-3943.05','-6015.25','9.33404','0','0','0','100','0'),
('6929','57','-3945.37','-6010.74','9.65708','0','0','0','100','0'),
('6929','58','-3946.76','-6005.43','10.1612','0','0','0','100','0'),
('6929','59','-3946.71','-6000.28','9.96542','0','0','0','100','0'),
('6929','60','-3945.52','-5994.51','9.24271','0','0','0','100','0'),
('6929','61','-3943.28','-5987.88','7.96204','0','0','0','100','0'),
('6929','62','-3941.03','-5981.26','7.51708','0','0','0','100','0'),
('6929','63','-3938.68','-5974.66','9.10198','0','0','0','100','0'),
('6929','64','-3937.42','-5971.4','9.31125','0','0','0','100','0'),
('6929','65','-3934.71','-5964.95','9.83561','0','0','0','100','0'),
('6929','66','-3931.82','-5958.57','10.3945','0','0','0','100','0'),
('6929','67','-3930.37','-5955.39','10.1574','0','0','0','100','0'),
('6929','68','-3929.1','-5946.94','10.5152','0','0','0','100','0'),
('6929','69','-3930.34','-5943.67','10.79','0','0','0','100','0'),
('6929','70','-3934.62','-5936.93','10.2697','0','0','0','100','0'),
('6929','71','-3936.35','-5935.34','10.287','0','0','0','100','0'),
('6929','72','-3941.63','-5932.35','10.1467','0','0','0','100','0'),
('6929','73','-3948.22','-5930.03','10.2313','0','0','0','100','0'),
('6929','74','-3951.59','-5929.08','10.3455','0','0','0','100','0'),
('6929','75','-3958.09','-5925.7','10.1852','0','0','0','100','0'),
('6929','76','-3959.67','-5921.5','11.6186','0','0','0','100','0'),
('6929','77','-3960.69','-5916.39','12.4276','0','0','0','100','0'),
('6929','78','-3961.95','-5913.82','12.636','0','0','0','100','0'),
('6929','79','-3966.9','-5908.06','12.4581','0','0','0','100','0'),
('6929','80','-3971.56','-5905.91','12.3699','0','0','0','100','0'),
('6929','81','-3974.99','-5905.2','12.5356','0','0','0','100','0'),
('6929','82','-3980.51','-5903.54','12.5147','0','0','0','100','0'),
('6929','83','-3986.7','-5900.27','11.9326','0','0','0','100','0'),
('6929','84','-3992.82','-5896.87','11.6902','0','0','0','100','0'),
('6929','85','-3995.76','-5894.97','11.565','0','0','0','100','0'),
('6929','86','-4000.71','-5890.85','10.9403','0','0','0','100','0'),
('6929','87','-4003.61','-5887.19','10.7386','0','0','0','100','0'),
('6929','88','-4006.68','-5880.91','10.5384','0','0','0','100','0'),
('6929','89','-4009.46','-5874.48','10.8388','0','0','0','100','0'),
('6929','90','-4010.7','-5871.21','11.0803','0','0','0','100','0'),
('6929','91','-4013.19','-5864.67','11.6074','0','0','0','100','0'),
('6929','92','-4017.66','-5850.36','12.7276','0','0','0','100','0'),
('6929','93','-4019.97','-5843.86','13.3038','0','0','0','100','0'),
('6929','94','-4023.76','-5839.78','13.5318','0','0','0','100','0'),
('6929','95','-4026.96','-5838.34','13.424','0','0','0','100','0'),
('6929','96','-4033.5','-5835.85','13.0174','0','0','0','100','0'),
('6929','97','-4041.14','-5832.96','12.1028','0','0','0','100','0'),
('6929','98','-4046.82','-5828.92','12.241','0','0','0','100','0'),
('6929','99','-4051.46','-5823.68','13.1605','0','0','0','100','0'),
('6929','100','-4056','-5818.35','13.2064','0','0','0','100','0'),
('6929','101','-4060.59','-5813.07','13.0855','0','0','0','100','0'),
('6929','102','-4065.62','-5808.97','13.09','0','0','0','100','0'),
('6929','103','-4071.75','-5806.77','12.7753','0','0','0','100','0'),
('6929','104','-4077.65','-5807.12','11.8494','0','0','0','100','0'),
('6929','105','-4084.62','-5807.79','10.6955','0','0','0','100','0'),
('6929','106','-4090.08','-5807.57','10.2596','0','0','0','100','0'),
('6929','107','-4096.18','-5804.34','10.9765','0','0','0','100','0'),
('6929','108','-4099.54','-5800.68','11.5064','0','0','0','100','0'),
('6929','109','-4103.38','-5794.83','12.0153','0','0','0','100','0'),
('6929','110','-4107.22','-5788.97','10.5606','0','0','0','100','0'),
('6929','111','-4111.14','-5784.77','9.36262','0','0','0','100','0'),
('6929','112','-4116.51','-5781.53','9.24842','0','0','0','100','0'),
('6929','113','-4135.43','-5772.41','12.1886','0','0','0','100','0'),
('6929','114','-4141.53','-5769.32','12.2804','0','0','0','100','0'),
('6929','115','-4149.73','-5762.79','12.4485','0','0','0','100','0'),
('6929','116','-4153.82','-5759.19','12.5994','0','0','0','100','0'),
('6929','117','-4162.98','-5754.44','12.7108','0','0','0','100','0'),
('6929','118','-4167.43','-5752.89','12.9798','0','0','0','100','0'),
('6929','119','-4176.39','-5751.34','13.4691','0','0','0','100','0'),
('6929','120','-4182.81','-5752.65','13.4622','0','0','0','100','0'),
('6929','121','-4191.53','-5756.87','13.2461','0','0','0','100','0'),
('6929','122','-4196.72','-5763.18','12.776','0','0','0','100','0'),
('6929','123','-4198.63','-5768.75','12.468','0','0','0','100','0'),
('6929','124','-4199.02','-5774.47','12.314','0','0','0','100','0'),
('6929','125','-4197.57','-5781.32','12.256','0','0','0','100','0'),
('6929','126','-4195.09','-5791.52','10.1715','0','0','0','100','0'),
('6929','127','-4193.8','-5798.4','9.65504','0','0','0','100','0'),
('6929','128','-4192.94','-5805.35','9.5493','0','0','0','100','0'),
('6929','129','-4190.6','-5814.46','9.00059','0','0','0','100','0'),
('6929','130','-4186.02','-5817.24','8.16547','0','0','0','100','0'),
('6929','131','-4179.4','-5819.51','7.57415','0','0','0','100','0'),
('6929','132','-4172.78','-5821.79','7.88518','0','0','0','100','0'),
('6929','133','-4166.36','-5824.73','8.29576','0','0','0','100','0'),
('6929','134','-4162.94','-5827.44','8.53805','0','0','0','100','0'),
('6929','135','-4159.25','-5833.06','9.31809','0','0','0','100','0'),
('6929','136','-4155.75','-5842.06','10.574','0','0','0','100','0'),
('6929','137','-4156.15','-5847.92','11.0376','0','0','0','100','0'),
('6929','138','-4159.9','-5852.31','11.0115','0','0','0','100','0'),
('6929','139','-4167.58','-5859.91','12.7312','0','0','0','100','0'),
('6929','140','-4171.94','-5862','13.4708','0','0','0','100','0'),
('6929','141','-4178.86','-5863.04','14.2163','0','0','0','100','0'),
('6929','142','-4189.2','-5864.88','14.8846','0','0','0','100','0'),
('6929','143','-4196.07','-5866.21','14.8294','0','0','0','100','0'),
('6929','144','-4202.94','-5867.54','14.666','0','0','0','100','0'),
('6929','145','-4209.84','-5868.72','14.9386','0','0','0','100','0'),
('6929','146','-4216.82','-5869.19','15.7272','0','0','0','100','0'),
('6929','147','-4223.82','-5869.19','16.7586','0','0','0','100','0'),
('6929','148','-4231.07','-5868.05','17.419','0','0','0','100','0'),
('6929','149','-4235.58','-5865.91','17.4293','0','0','0','100','0'),
('6929','150','-4241.19','-5861.73','17.1188','0','0','0','100','0'),
('6929','151','-4246.9','-5857.68','17.1043','0','0','0','100','0'),
('6929','152','-4252.86','-5854.01','16.7845','0','0','0','100','0'),
('6929','153','-4258.77','-5850.26','16.9237','0','0','0','100','0'),
('6929','154','-4266.88','-5843.6','18.1657','0','0','0','100','0'),
('6929','155','-4270.84','-5840.17','18.9783','0','0','0','100','0'),
('6929','156','-4277.51','-5832.07','21.7424','0','0','0','100','0'),
('6929','157','-4282.36','-5827.01','23.7682','0','0','0','100','0'),
('6929','158','-4287.71','-5822.5','25.6406','0','0','0','100','0'),
('6929','159','-4293.26','-5818.24','26.5478','0','0','0','100','0'),
('6929','160','-4298.99','-5814.24','27.8433','0','0','0','100','0'),
('6929','161','-4303.42','-5810.55','29.1921','0','0','0','100','0'),
('6929','162','-4308.07','-5805.32','30.22','0','0','0','100','0'),
('6929','163','-4314.25','-5796.83','31.3209','0','0','0','100','0'),
('6929','164','-4318.33','-5791.15','32.2218','0','0','0','100','0'),
('6929','165','-4322.68','-5786.11','33.3726','0','0','0','100','0'),
('6929','166','-4327.74','-5782.44','34.8122','0','0','0','100','0'),
('6929','167','-4332.22','-5780.71','36.0865','0','0','0','100','0'),
('6929','168','-4337.66','-5780.04','37.5345','0','0','0','100','0'),
('6929','169','-4345.13','-5780.79','39.3567','0','0','0','100','0'),
('6929','170','-4349.56','-5782.73','40.2338','0','0','0','100','0'),
('6929','171','-4364.35','-5792.08','43.0061','0','0','0','100','0'),
('6929','172','-4367.64','-5794.81','43.7169','0','0','0','100','0'),
('6929','173','-4372.7','-5804.01','44.3604','0','0','0','100','0'),
('6929','174','-4374.83','-5808.03','44.7837','0','0','0','100','0'),
('6929','175','-4377.13','-5815.54','45.2162','0','0','0','100','0'),
('6929','176','-4376.54','-5821.61','44.5925','0','0','0','100','0'),
('6929','177','-4373.99','-5825.73','43.8981','0','0','0','100','0'),
('6929','178','-4369.31','-5830.94','42.7611','0','0','0','100','0'),
('6929','179','-4364.63','-5836.14','41.7078','0','0','0','100','0'),
('6929','180','-4361.13','-5840.49','40.9795','0','0','0','100','0'),
('6929','181','-4358.03','-5846.76','40.3553','0','0','0','100','0'),
('6929','182','-4355.62','-5853.33','39.8646','0','0','0','100','0'),
('6929','183','-4353.6','-5860.03','39.4073','0','0','0','100','0'),
('6929','184','-4351.58','-5866.73','38.9027','0','0','0','100','0'),
('6929','185','-4349.56','-5873.43','38.2955','0','0','0','100','0'),
('6929','186','-4348.16','-5879.76','38.02','0','0','0','100','0'),
('6929','187','-4348.33','-5885.09','37.7449','0','0','0','100','0'),
('6929','188','-4352.82','-5909.18','34.7863','0','0','0','100','0'),
('6929','189','-4354.12','-5916.06','34.3445','0','0','0','100','0'),
('6929','190','-4355.95','-5926.54','32.6989','0','0','0','100','0'),
('6929','191','-4355.74','-5932.55','31.3207','0','0','0','100','0'),
('6929','192','-4357.07','-5938.39','30.0492','0','0','0','100','0'),
('6929','193','-4359.41','-5944.98','28.631','0','0','0','100','0'),
('6929','194','-4363.48','-5954.66','27.0259','0','0','0','100','0'),
('6929','195','-4365.01','-5959.84','26.3946','0','0','0','100','0'),
('6929','196','-4365.41','-5965.27','25.6996','0','0','0','100','0'),
('6929','197','-4365.48','-5968.77','25.2597','0','0','0','100','0'),
('6929','198','-4364.46','-5975.77','24.0796','0','0','0','100','0'),
('6929','199','-4361.42','-5981.37','22.6214','0','0','0','100','0'),
('6929','200','-4358.18','-5983.92','21.8104','0','0','0','100','0'),
('6929','201','-4353.52','-5985.55','21.0389','0','0','0','100','0'),
('6929','202','-4350.27','-5985.81','20.6714','0','0','0','100','0'),
('6929','203','-4343.27','-5986.08','20.3218','0','0','0','100','0'),
('6929','204','-4336.34','-5987.02','20.0441','0','0','0','100','0'),
('6929','205','-4329.46','-5988.32','19.2147','0','0','0','100','0'),
('6929','206','-4321.57','-5990.42','18.303','0','0','0','100','0'),
('6929','207','-4318.39','-5990.25','18.4071','0','0','0','100','0'),
('6929','208','-4311.64','-5987.82','18.7315','0','0','0','100','0'),
('6929','209','-4306.4','-5983.18','18.9828','0','0','0','100','0'),
('6929','210','-4299.52','-5976.92','19.4227','0','0','0','100','0'),
('6929','211','-4295.7','-5974.48','19.7559','0','0','0','100','0'),
('6929','212','-4288.06','-5971.41','19.8181','0','0','0','100','0'),
('6929','213','-4281.22','-5969.97','19.718','0','0','0','100','0'),
('6929','214','-4274.71','-5969.27','19.2067','0','0','0','100','0'),
('6929','215','-4269.28','-5969.25','18.581','0','0','0','100','0'),
('6929','216','-4262.65','-5971.52','17.8725','0','0','0','100','0'),
('6929','217','-4256','-5973.69','18.2105','0','0','0','100','0'),
('6929','218','-4250.82','-5974.48','18.3796','0','0','0','100','0'),
('6929','219','-4242.25','-5973.33','18.5592','0','0','0','100','0'),
('6929','220','-4236.94','-5971.66','18.448','0','0','0','100','0'),
('6929','221','-4230.63','-5968.63','17.8341','0','0','0','100','0'),
('6929','222','-4221.23','-5965.29','17.7239','0','0','0','100','0'),
('6929','223','-4214.34','-5964.09','17.292','0','0','0','100','0'),
('6929','224','-4210.86','-5963.74','16.7648','0','0','0','100','0'),
('6929','225','-4202.83','-5963.54','16.2056','0','0','0','100','0'),
('6929','226','-4195.87','-5964.25','16.5628','0','0','0','100','0'),
('6929','227','-4188.95','-5965.28','16.3915','0','0','0','100','0'),
('6929','228','-4186.2','-5965.84','16.085','0','0','0','100','0'),
('6929','229','-4179.5','-5967.84','15.1534','0','0','0','100','0'),
('6929','230','-4172.81','-5969.77','14.3486','0','0','0','100','0'),
('6929','231','-4160.44','-5965.92','14.0466','0','0','0','100','0'),
('6929','232','-4156.01','-5963.03','14.1159','0','0','0','100','0'),
('6929','233','-4150.61','-5958.58','14.1176','0','0','0','100','0'),
('6929','234','-4147.29','-5955.17','14.6825','0','0','0','100','0'),
('6929','235','-4142.66','-5949.92','15.2026','0','0','0','100','0'),
('6929','236','-4136.52','-5944.57','14.5913','0','0','0','100','0'),
('6929','237','-4131.32','-5941.65','13.9204','0','0','0','100','0'),
('6929','238','-4124.67','-5939.49','13.6533','0','0','0','100','0'),
('6929','239','-4117.14','-5940.02','13.7','0','0','0','100','0'),
('6929','240','-4114.51','-5942','13.4988','0','0','0','100','0'),
('6929','241','-4110.93','-5950.74','12.6924','0','0','0','100','0'),
('6929','242','-4111.14','-5955.8','12.018','0','0','0','100','0'),
('6929','243','-4112.54','-5959.01','11.6561','0','0','0','100','0'),
('6929','244','-4116.67','-5966.85','10.8553','0','0','0','100','0'),
('6929','245','-4120.39','-5970.56','10.3939','0','0','0','100','0'),
('6929','246','-4125.98','-5974.76','9.88676','0','0','0','100','0'),
('6929','247','-4130.52','-5977.23','9.79702','0','0','0','100','0'),
('6929','248','-4137.42','-5979.46','10.4067','0','0','0','100','0'),
('6929','249','-4142.5','-5979.73','11.1543','0','0','0','100','0'),
('6929','250','-4147.95','-5978.92','11.8164','0','0','0','100','0'),
('6929','251','-4155.36','-5975.29','13.3203','0','0','0','100','0'),
('6929','252','-4160.88','-5971','13.5858','0','0','0','100','0'),
('6929','253','-4169.32','-5964.12','14.541','0','0','0','100','0'),
('6929','254','-4170.38','-5958.18','15.1719','0','0','0','100','0'),
('6929','255','-4170.7','-5951.19','15.4338','0','0','0','100','0'),
('6929','256','-4171.23','-5943.74','16.5056','0','0','0','100','0'),
('6929','257','-4173.9','-5937.71','17.1053','0','0','0','100','0'),
('6929','258','-4175.45','-5934.57','17.3964','0','0','0','100','0'),
('6929','259','-4180.09','-5925.16','17.6285','0','0','0','100','0'),
('6929','260','-4182.48','-5919.8','18.0292','0','0','0','100','0'),
('6929','261','-4183.88','-5914.14','18.8027','0','0','0','100','0'),
('6929','262','-4184.16','-5909.61','19.0959','0','0','0','100','0'),
('6929','263','-4183.03','-5902.71','18.7304','0','0','0','100','0'),
('6929','264','-4181.45','-5894.28','18.6552','0','0','0','100','0'),
('6929','265','-4178.92','-5889.39','17.9191','0','0','0','100','0'),
('6929','266','-4173.52','-5884.33','16.8774','0','0','0','100','0'),
('6929','267','-4169.69','-5883.01','17.0171','0','0','0','100','0'),
('6929','268','-4159.68','-5884.92','16.8067','0','0','0','100','0'),
('6929','269','-4158.55','-5885.36','16.7471','0','0','0','100','0'),
('6929','270','-4155.72','-5883.99','16.5471','0','0','0','100','0');

-- Waypoint movement type guid 7247 (Karoma)
UPDATE `creature` SET `MovementType`='2' WHERE `guid`='7247';

-- Set WP for creature guid 6564982 (Karoma)
DELETE FROM `creature_addon` WHERE (`guid`=7247);
INSERT INTO `creature_addon` (`guid`, `path_id`, `mount`, `bytes1`, `bytes2`, `emote`, `auras`) VALUES 
(7247, '7247', 0, 0, 1, 0, '');

-- WP For (Karoma)
DELETE FROM waypoint_data WHERE id='7247';
INSERT INTO `waypoint_data` (`id`, `point`, `position_x`, `position_y`, `position_z`, `delay`, `move_flag`, `action`, `action_chance`, `wpguid`) VALUES 
('7247','1','-4327.02','-5246.22','62.6014','0','0','0','100','0'),
('7247','2','-4331.05','-5245.74','62.609','0','0','0','100','0'),
('7247','3','-4336.42','-5239.33','62.6609','0','0','0','100','0'),
('7247','4','-4338.64','-5232.95','62.7733','0','0','0','100','0'),
('7247','5','-4341.35','-5226.93','62.9188','0','0','0','100','0'),
('7247','6','-4347.62','-5220.11','63.4978','0','0','0','100','0'),
('7247','7','-4354.89','-5214.59','64.5555','0','0','0','100','0'),
('7247','8','-4360.09','-5207.59','65.3292','0','0','0','100','0'),
('7247','9','-4364.5','-5198.55','64.7133','0','0','0','100','0'),
('7247','10','-4363.66','-5190.21','62.7413','0','0','0','100','0'),
('7247','11','-4367.09','-5186.62','62.4824','0','0','0','100','0'),
('7247','12','-4371.28','-5190.22','64.3197','0','0','0','100','0'),
('7247','13','-4378.57','-5197.77','67.8512','0','0','0','100','0'),
('7247','14','-4383.13','-5204.71','71.4111','0','0','0','100','0'),
('7247','15','-4386.07','-5209.08','73.2729','0','0','0','100','0'),
('7247','16','-4389.29','-5210.67','74.2445','0','0','0','100','0'),
('7247','17','-4396.02','-5212.57','75.6493','0','0','0','100','0'),
('7247','18','-4400.59','-5213.44','76.298','0','0','0','100','0'),
('7247','19','-4409.37','-5212.38','76.9523','0','0','0','100','0'),
('7247','20','-4413.94','-5210.64','76.994','0','0','0','100','0'),
('7247','21','-4416.89','-5208.74','76.9632','0','0','0','100','0'),
('7247','22','-4423.78','-5203.09','76.8632','0','0','0','100','0'),
('7247','23','-4427.35','-5197.77','77.5777','0','0','0','100','0'),
('7247','24','-4432.07','-5193.11','77.5169','0','0','0','100','0'),
('7247','25','-4437.28','-5188.45','78.1403','0','0','0','100','0'),
('7247','26','-4444.45','-5181.27','80.2233','0','0','0','100','0'),
('7247','27','-4449.93','-5177.08','82.175','0','0','0','100','0'),
('7247','28','-4455.83','-5175.5','84.1269','0','0','0','100','0'),
('7247','29','-4459.27','-5176.14','85.1391','0','0','0','100','0'),
('7247','30','-4465.49','-5177.93','87.2208','0','0','0','100','0'),
('7247','31','-4471.69','-5182.64','89.192','0','0','0','100','0'),
('7247','32','-4475.56','-5186.9','90.423','0','0','0','100','0'),
('7247','33','-4477.3','-5189.94','90.89','0','0','0','100','0'),
('7247','34','-4480.62','-5196.1','92.1197','0','0','0','100','0'),
('7247','35','-4483.55','-5202.46','93.5243','0','0','0','100','0'),
('7247','36','-4486.08','-5208.44','94.5655','0','0','0','100','0'),
('7247','37','-4488.11','-5215.13','95.1777','0','0','0','100','0'),
('7247','38','-4489.15','-5218.47','95.4339','0','0','0','100','0'),
('7247','39','-4491.39','-5225.1','95.8949','0','0','0','100','0'),
('7247','40','-4494.08','-5230.79','96.1141','0','0','0','100','0'),
('7247','41','-4497.77','-5236.74','96.1752','0','0','0','100','0'),
('7247','42','-4499.92','-5239.5','96.1003','0','0','0','100','0'),
('7247','43','-4503.97','-5245.84','95.0136','0','0','0','100','0'),
('7247','44','-4505.94','-5250.81','93.4296','0','0','0','100','0'),
('7247','45','-4506.99','-5257.73','91.205','0','0','0','100','0'),
('7247','46','-4508.17','-5264.34','89.5224','0','0','0','100','0'),
('7247','47','-4509.67','-5268.26','88.7792','0','0','0','100','0'),
('7247','48','-4514.84','-5274.45','88.2171','0','0','0','100','0'),
('7247','49','-4518.6','-5276.31','88.5263','0','0','0','100','0'),
('7247','50','-4524.67','-5276.97','89.9716','0','0','0','100','0'),
('7247','51','-4531.4','-5278.05','91.7089','0','0','0','100','0'),
('7247','52','-4536.5','-5280.8','92.1754','0','0','0','100','0'),
('7247','53','-4540.49','-5284.77','91.9172','0','0','0','100','0'),
('7247','54','-4543.88','-5291.37','91.0852','0','0','0','100','0'),
('7247','55','-4544.96','-5297.96','90.7469','0','0','0','100','0'),
('7247','56','-4544.59','-5303.26','91.4587','0','0','0','100','0'),
('7247','57','-4543.24','-5306.48','91.7738','0','0','0','100','0'),
('7247','58','-4539.96','-5314.33','91.5115','0','0','0','100','0'),
('7247','59','-4538.93','-5320.16','91.3377','0','0','0','100','0'),
('7247','60','-4539.25','-5326.38','90.9132','0','0','0','100','0'),
('7247','61','-4540.15','-5330.88','89.8594','0','0','0','100','0'),
('7247','62','-4543.67','-5337.82','87.9805','0','0','0','100','0'),
('7247','63','-4547.15','-5342.68','84.9357','0','0','0','100','0'),
('7247','64','-4552.81','-5348.1','83.3362','0','0','0','100','0'),
('7247','65','-4558.55','-5350.25','83.9804','0','0','0','100','0'),
('7247','66','-4565.48','-5351.03','83.6913','0','0','0','100','0'),
('7247','67','-4573.86','-5351.38','81.9656','0','0','0','100','0'),
('7247','68','-4579.56','-5353.03','81.5359','0','0','0','100','0'),
('7247','69','-4584.79','-5356.35','82.3461','0','0','0','100','0'),
('7247','70','-4588.13','-5361.37','82.0622','0','0','0','100','0'),
('7247','71','-4588.76','-5365.26','81.5499','0','0','0','100','0'),
('7247','72','-4589.17','-5370.93','81.2071','0','0','0','100','0'),
('7247','73','-4588.22','-5377.86','81.1242','0','0','0','100','0'),
('7247','74','-4586.88','-5384.73','79.8626','0','0','0','100','0'),
('7247','75','-4586.19','-5388.16','79.2805','0','0','0','100','0'),
('7247','76','-4584.08','-5396.38','79.2348','0','0','0','100','0'),
('7247','77','-4581.24','-5401.24','80.3555','0','0','0','100','0'),
('7247','78','-4578.35','-5403.27','80.9806','0','0','0','100','0'),
('7247','79','-4571.86','-5405.9','81.7197','0','0','0','100','0'),
('7247','80','-4565.28','-5410.09','81.4985','0','0','0','100','0'),
('7247','81','-4563.25','-5412.19','81.402','0','0','0','100','0'),
('7247','82','-4560.05','-5417.2','81.5954','0','0','0','100','0'),
('7247','83','-4558.62','-5423.83','81.6018','0','0','0','100','0'),
('7247','84','-4559.33','-5430.78','81.2117','0','0','0','100','0'),
('7247','85','-4560.43','-5435.27','80.7575','0','0','0','100','0'),
('7247','86','-4564.15','-5441.55','79.5287','0','0','0','100','0'),
('7247','87','-4568.85','-5446.74','79.3956','0','0','0','100','0'),
('7247','88','-4572.7','-5451.9','78.8993','0','0','0','100','0'),
('7247','89','-4575.06','-5455.96','78.9918','0','0','0','100','0'),
('7247','90','-4576.18','-5462.96','79.475','0','0','0','100','0'),
('7247','91','-4573.67','-5467.09','80.8492','0','0','0','100','0'),
('7247','92','-4571.64','-5469.71','81.208','0','0','0','100','0'),
('7247','93','-4565.77','-5473.51','81.1701','0','0','0','100','0'),
('7247','94','-4559.83','-5477.22','81.5436','0','0','0','100','0'),
('7247','95','-4554.91','-5480.47','82.1352','0','0','0','100','0'),
('7247','96','-4551.82','-5483.49','81.8842','0','0','0','100','0'),
('7247','97','-4547.84','-5489.25','80.9813','0','0','0','100','0'),
('7247','98','-4544.33','-5495.3','79.617','0','0','0','100','0'),
('7247','99','-4540.95','-5501.43','77.7625','0','0','0','100','0'),
('7247','100','-4537.97','-5507.76','76.3632','0','0','0','100','0'),
('7247','101','-4535.93','-5512.47','76.231','0','0','0','100','0'),
('7247','102','-4533.88','-5519','76.0939','0','0','0','100','0'),
('7247','103','-4533.23','-5522.44','75.7623','0','0','0','100','0'),
('7247','104','-4532.54','-5529.41','74.6834','0','0','0','100','0'),
('7247','105','-4532.44','-5534.9','73.6424','0','0','0','100','0'),
('7247','106','-4533','-5541.87','72.6281','0','0','0','100','0'),
('7247','107','-4533.56','-5548.85','72.1759','0','0','0','100','0'),
('7247','108','-4533.81','-5552.34','72.1792','0','0','0','100','0'),
('7247','109','-4533.2','-5560.81','73.0097','0','0','0','100','0'),
('7247','110','-4531.59','-5566.77','74.2285','0','0','0','100','0'),
('7247','111','-4526.56','-5574.6','75.1697','0','0','0','100','0'),
('7247','112','-4523.83','-5576.78','75.2419','0','0','0','100','0'),
('7247','113','-4517.6','-5579.67','74.964','0','0','0','100','0'),
('7247','114','-4511.87','-5579.52','74.5626','0','0','0','100','0'),
('7247','115','-4504.68','-5576.44','74.4178','0','0','0','100','0'),
('7247','116','-4499.49','-5571.76','74.2522','0','0','0','100','0'),
('7247','117','-4497.09','-5569.21','74.0961','0','0','0','100','0'),
('7247','118','-4490.85','-5563.85','74.2576','0','0','0','100','0'),
('7247','119','-4484.47','-5560.98','73.965','0','0','0','100','0'),
('7247','120','-4478.66','-5558.02','73.6534','0','0','0','100','0'),
('7247','121','-4472.95','-5552.07','74.3121','0','0','0','100','0'),
('7247','122','-4468.83','-5546.41','74.8808','0','0','0','100','0'),
('7247','123','-4464.65','-5540.8','75.2009','0','0','0','100','0'),
('7247','124','-4460.02','-5535.56','75.4057','0','0','0','100','0'),
('7247','125','-4457.52','-5533.11','75.512','0','0','0','100','0'),
('7247','126','-4452.32','-5528.43','75.7295','0','0','0','100','0'),
('7247','127','-4446.75','-5524.19','75.6549','0','0','0','100','0'),
('7247','128','-4441.07','-5520.1','75.2658','0','0','0','100','0'),
('7247','129','-4438.26','-5518','75.0271','0','0','0','100','0'),
('7247','130','-4431.58','-5512.2','74.4995','0','0','0','100','0'),
('7247','131','-4426.28','-5505.86','74.3214','0','0','0','100','0'),
('7247','132','-4424.13','-5501.77','74.5307','0','0','0','100','0'),
('7247','133','-4422.93','-5497.04','75.1642','0','0','0','100','0'),
('7247','134','-4422.51','-5490.4','76.4551','0','0','0','100','0'),
('7247','135','-4424.08','-5484.13','77.7314','0','0','0','100','0'),
('7247','136','-4426.64','-5477.62','78.8213','0','0','0','100','0'),
('7247','137','-4429.96','-5469.07','80.2792','0','0','0','100','0'),
('7247','138','-4430.63','-5463.76','80.8236','0','0','0','100','0'),
('7247','139','-4432.39','-5455.67','81.6746','0','0','0','100','0'),
('7247','140','-4433.57','-5453.46','82.098','0','0','0','100','0'),
('7247','141','-4440.58','-5445.64','83.4671','0','0','0','100','0'),
('7247','142','-4442.93','-5443.05','83.5433','0','0','0','100','0'),
('7247','143','-4447.63','-5437.86','83.3909','0','0','0','100','0'),
('7247','144','-4452.33','-5432.68','84.5211','0','0','0','100','0'),
('7247','145','-4457.03','-5427.49','84.8624','0','0','0','100','0'),
('7247','146','-4461.63','-5422.22','85.669','0','0','0','100','0'),
('7247','147','-4465.09','-5416.14','87.2443','0','0','0','100','0'),
('7247','148','-4465.91','-5413.52','87.5783','0','0','0','100','0'),
('7247','149','-4467.29','-5406.66','87.3266','0','0','0','100','0'),
('7247','150','-4467.33','-5397.74','85.8267','0','0','0','100','0'),
('7247','151','-4466.7','-5395.35','85.3268','0','0','0','100','0'),
('7247','152','-4462.62','-5386.78','85.3284','0','0','0','100','0'),
('7247','153','-4459.62','-5382.61','85.6664','0','0','0','100','0'),
('7247','154','-4452','-5375.39','85.799','0','0','0','100','0'),
('7247','155','-4449.3','-5373.17','85.062','0','0','0','100','0'),
('7247','156','-4443.9','-5368.71','83.0365','0','0','0','100','0'),
('7247','157','-4438.5','-5364.26','81.6511','0','0','0','100','0'),
('7247','158','-4432.86','-5359.28','80.7341','0','0','0','100','0'),
('7247','159','-4427.27','-5350.39','77.5435','0','0','0','100','0'),
('7247','160','-4425.1','-5347.26','77.0682','0','0','0','100','0'),
('7247','161','-4417.5','-5340','75.208','0','0','0','100','0'),
('7247','162','-4412.4','-5335.21','74.4866','0','0','0','100','0'),
('7247','163','-4407.34','-5330.38','75.1887','0','0','0','100','0'),
('7247','164','-4402.21','-5325.61','75.8622','0','0','0','100','0'),
('7247','165','-4396.8','-5321.18','75.7825','0','0','0','100','0'),
('7247','166','-4393.64','-5317.88','75.4889','0','0','0','100','0'),
('7247','167','-4390.77','-5311.49','75.2477','0','0','0','100','0'),
('7247','168','-4388.04','-5305.42','74.1158','0','0','0','100','0'),
('7247','169','-4382.63','-5299.54','70.9257','0','0','0','100','0'),
('7247','170','-4377.3','-5297.83','69.2955','0','0','0','100','0'),
('7247','171','-4370.39','-5296.74','67.9312','0','0','0','100','0'),
('7247','172','-4364.6','-5295.46','66.9416','0','0','0','100','0'),
('7247','173','-4360.06','-5293.01','66.6418','0','0','0','100','0'),
('7247','174','-4354.54','-5288.72','66.3913','0','0','0','100','0'),
('7247','175','-4349.97','-5285.19','66.011','0','0','0','100','0'),
('7247','176','-4340.59','-5280.47','64.5414','0','0','0','100','0'),
('7247','177','-4335.13','-5277.03','63.3213','0','0','0','100','0'),
('7247','178','-4332.22','-5275.08','62.7033','0','0','0','100','0'),
('7247','179','-4326.66','-5270.84','61.7758','0','0','0','100','0'),
('7247','180','-4320.31','-5265.5','61.2789','0','0','0','100','0'),
('7247','181','-4317.03','-5260.62','61.5592','0','0','0','100','0'),
('7247','182','-4315.69','-5257.39','61.9735','0','0','0','100','0'),
('7247','183','-4314.44','-5251.27','62.4961','0','0','0','100','0'),
('7247','184','-4317.07','-5248.98','62.5278','0','0','0','100','0'),
('7247','185','-4322.25','-5246.59','62.5886','0','0','0','100','0'),
('7247','186','-4323.92','-5246.38','62.5933','0','0','0','100','0');

-- Waypoint movement type guid 7279 (Karoma)
UPDATE `creature` SET `MovementType`='2' WHERE `guid`='7279';

-- Set WP for creature guid 6564982 (Karoma)
DELETE FROM `creature_addon` WHERE (`guid`=7279);
INSERT INTO `creature_addon` (`guid`, `path_id`, `mount`, `bytes1`, `bytes2`, `emote`, `auras`) VALUES 
(7279, '7279', 0, 0, 1, 0, '');

-- WP For (Karoma)
DELETE FROM waypoint_data WHERE id='7279';
INSERT INTO `waypoint_data` (`id`, `point`, `position_x`, `position_y`, `position_z`, `delay`, `move_flag`, `action`, `action_chance`, `wpguid`) VALUES 
('7279','1','-4810.03','-5185.29','144.018','0','0','0','100','0'),
('7279','2','-4806.53','-5185.22','143.437','0','0','0','100','0'),
('7279','3','-4796.05','-5184.63','140.309','0','0','0','100','0'),
('7279','4','-4787.16','-5182.97','138.321','0','0','0','100','0'),
('7279','5','-4777.33','-5179.27','138.855','0','0','0','100','0'),
('7279','6','-4767.52','-5175.54','139.017','0','0','0','100','0'),
('7279','7','-4759.73','-5174.08','137.986','0','0','0','100','0'),
('7279','8','-4754.28','-5175.23','137.04','0','0','0','100','0'),
('7279','9','-4744.91','-5179.96','136.222','0','0','0','100','0'),
('7279','10','-4738.81','-5183.4','134.9','0','0','0','100','0'),
('7279','11','-4732.88','-5186.67','134.196','0','0','0','100','0'),
('7279','12','-4726.68','-5188.48','133.174','0','0','0','100','0'),
('7279','13','-4719.87','-5187.62','131.6','0','0','0','100','0'),
('7279','14','-4713.06','-5183.61','129.981','0','0','0','100','0'),
('7279','15','-4706.59','-5175.34','129.22','0','0','0','100','0'),
('7279','16','-4703.95','-5168.95','129.112','0','0','0','100','0'),
('7279','17','-4704.2','-5161.97','130.856','0','0','0','100','0'),
('7279','18','-4706.53','-5155.64','134.371','0','0','0','100','0'),
('7279','19','-4709.5','-5149.31','137.011','0','0','0','100','0'),
('7279','20','-4712.12','-5141.45','138.552','0','0','0','100','0'),
('7279','21','-4713.26','-5134.55','140.728','0','0','0','100','0'),
('7279','22','-4714.2','-5129.45','142.383','0','0','0','100','0'),
('7279','23','-4716.18','-5122.74','144.108','0','0','0','100','0'),
('7279','24','-4717.76','-5112.36','145.471','0','0','0','100','0'),
('7279','25','-4718.71','-5105.42','146.15','0','0','0','100','0'),
('7279','26','-4720.58','-5095.1','146.884','0','0','0','100','0'),
('7279','27','-4721.91','-5088.9','147.29','0','0','0','100','0'),
('7279','28','-4725.41','-5081.58','147.717','0','0','0','100','0'),
('7279','29','-4729.66','-5076.03','148.355','0','0','0','100','0'),
('7279','30','-4734.28','-5070.77','149.512','0','0','0','100','0'),
('7279','31','-4736.59','-5068.14','149.784','0','0','0','100','0'),
('7279','32','-4741.19','-5062.86','149.518','0','0','0','100','0'),
('7279','33','-4745.12','-5057.98','149.414','0','0','0','100','0'),
('7279','34','-4747.41','-5053.36','150.213','0','0','0','100','0'),
('7279','35','-4748.51','-5048.26','151.834','0','0','0','100','0'),
('7279','36','-4748.06','-5041.28','154.513','0','0','0','100','0'),
('7279','37','-4746.6','-5035.25','156.315','0','0','0','100','0'),
('7279','38','-4744.2','-5028.68','158.44','0','0','0','100','0'),
('7279','39','-4741.38','-5022.28','159.774','0','0','0','100','0'),
('7279','40','-4738.04','-5016.13','160.473','0','0','0','100','0'),
('7279','41','-4734.55','-5010.06','161.292','0','0','0','100','0'),
('7279','42','-4731.61','-5003.71','162.608','0','0','0','100','0'),
('7279','43','-4729.07','-4997.19','163.99','0','0','0','100','0'),
('7279','44','-4726.75','-4989.1','165.133','0','0','0','100','0'),
('7279','45','-4726.16','-4981.54','165.927','0','0','0','100','0'),
('7279','46','-4728.1','-4976.76','166.711','0','0','0','100','0'),
('7279','47','-4733.9','-4970.72','167.751','0','0','0','100','0'),
('7279','48','-4739.04','-4967.18','168.289','0','0','0','100','0'),
('7279','49','-4744.7','-4965.94','170.013','0','0','0','100','0'),
('7279','50','-4750.66','-4968.72','168.846','0','0','0','100','0'),
('7279','51','-4752.2','-4971.87','166.936','0','0','0','100','0'),
('7279','52','-4758.28','-4976.47','166.41','0','0','0','100','0'),
('7279','53','-4765.92','-4975.37','163.751','0','0','0','100','0'),
('7279','54','-4768.41','-4974.67','162.729','0','0','0','100','0'),
('7279','55','-4775.84','-4971.33','160.08','0','0','0','100','0'),
('7279','56','-4779.82','-4967.99','160.105','0','0','0','100','0'),
('7279','57','-4783.48','-4962.55','160.858','0','0','0','100','0'),
('7279','58','-4785.71','-4956.85','162.084','0','0','0','100','0'),
('7279','59','-4786.26','-4949','165.224','0','0','0','100','0'),
('7279','60','-4785.69','-4944.47','166.937','0','0','0','100','0'),
('7279','61','-4785.02','-4942.62','167.394','0','0','0','100','0'),
('7279','62','-4788.32','-4936.9','170.151','0','0','0','100','0'),
('7279','63','-4792.43','-4928.1','174.184','0','0','0','100','0'),
('7279','64','-4797.94','-4922.58','177.309','0','0','0','100','0'),
('7279','65','-4803.41','-4920.08','179.291','0','0','0','100','0'),
('7279','66','-4811.51','-4917.98','181.644','0','0','0','100','0'),
('7279','67','-4818.92','-4914.51','184.329','0','0','0','100','0'),
('7279','68','-4824.7','-4915.05','185.232','0','0','0','100','0'),
('7279','69','-4831.5','-4916.7','185.509','0','0','0','100','0'),
('7279','70','-4835.03','-4918.01','185.374','0','0','0','100','0'),
('7279','71','-4837.62','-4920.17','184.741','0','0','0','100','0'),
('7279','72','-4846.29','-4927.63','182.328','0','0','0','100','0'),
('7279','73','-4853.1','-4928.04','182.227','0','0','0','100','0'),
('7279','74','-4857.24','-4925.72','182.649','0','0','0','100','0'),
('7279','75','-4862.7','-4925.99','182.326','0','0','0','100','0'),
('7279','76','-4864.44','-4936.34','179.252','0','0','0','100','0'),
('7279','77','-4866.25','-4941.64','177.46','0','0','0','100','0'),
('7279','78','-4870.76','-4948.74','175.3','0','0','0','100','0'),
('7279','79','-4880.12','-4959.16','173.095','0','0','0','100','0'),
('7279','80','-4884.78','-4965.88','172.855','0','0','0','100','0'),
('7279','81','-4887.99','-4972.1','172.715','0','0','0','100','0'),
('7279','82','-4891.17','-4978.34','173.957','0','0','0','100','0'),
('7279','83','-4892.99','-4981.07','176.99','0','0','0','100','0'),
('7279','84','-4897.41','-4987.8','182.786','0','0','0','100','0'),
('7279','85','-4897.07','-4991.74','183.938','0','0','0','100','0'),
('7279','86','-4895.79','-4998.62','184.275','0','0','0','100','0'),
('7279','87','-4895.29','-5004.54','183.474','0','0','0','100','0'),
('7279','88','-4895.15','-5012.46','178.697','0','0','0','100','0'),
('7279','89','-4892.66','-5016.5','176.753','0','0','0','100','0'),
('7279','90','-4888.99','-5019.09','175.548','0','0','0','100','0'),
('7279','91','-4882.59','-5021.92','170.993','0','0','0','100','0'),
('7279','92','-4878.18','-5023.84','167.055','0','0','0','100','0'),
('7279','93','-4873.43','-5025.94','162.709','0','0','0','100','0'),
('7279','94','-4867.12','-5028.97','160.624','0','0','0','100','0'),
('7279','95','-4863.16','-5031.65','158.749','0','0','0','100','0'),
('7279','96','-4857.75','-5036.09','156.129','0','0','0','100','0'),
('7279','97','-4852.37','-5040.57','153.24','0','0','0','100','0'),
('7279','98','-4847.19','-5045.27','151.426','0','0','0','100','0'),
('7279','99','-4840.83','-5051.86','149.96','0','0','0','100','0'),
('7279','100','-4838.11','-5058.19','148.543','0','0','0','100','0'),
('7279','101','-4837.55','-5066.05','147.164','0','0','0','100','0'),
('7279','102','-4839.33','-5071.89','146.36','0','0','0','100','0'),
('7279','103','-4839.65','-5079.12','145.534','0','0','0','100','0'),
('7279','104','-4839.67','-5085.75','144.699','0','0','0','100','0'),
('7279','105','-4840.27','-5092.72','143.444','0','0','0','100','0'),
('7279','106','-4840.59','-5096.19','143.517','0','0','0','100','0'),
('7279','107','-4840.08','-5104.44','144.837','0','0','0','100','0'),
('7279','108','-4837.82','-5111.06','145.123','0','0','0','100','0'),
('7279','109','-4835.03','-5117.48','144.609','0','0','0','100','0'),
('7279','110','-4832.05','-5123.81','144.435','0','0','0','100','0'),
('7279','111','-4829.6','-5129.92','144.654','0','0','0','100','0'),
('7279','112','-4831.11','-5135.3','145.227','0','0','0','100','0'),
('7279','113','-4835.78','-5139.15','145.793','0','0','0','100','0'),
('7279','114','-4842.18','-5142.43','146.926','0','0','0','100','0'),
('7279','115','-4848.08','-5145.44','148.422','0','0','0','100','0'),
('7279','116','-4854.03','-5150.39','149.93','0','0','0','100','0'),
('7279','117','-4856.22','-5153.12','150.197','0','0','0','100','0'),
('7279','118','-4860.54','-5158.62','149.81','0','0','0','100','0'),
('7279','119','-4865.75','-5165.3','148.422','0','0','0','100','0'),
('7279','120','-4867.55','-5170.52','146.893','0','0','0','100','0'),
('7279','121','-4867.58','-5179.6','144.473','0','0','0','100','0'),
('7279','122','-4867.13','-5183.07','143.863','0','0','0','100','0'),
('7279','123','-4866.34','-5191.51','143.185','0','0','0','100','0'),
('7279','124','-4866.99','-5196.72','142.603','0','0','0','100','0'),
('7279','125','-4868.53','-5202.35','141.369','0','0','0','100','0'),
('7279','126','-4872.79','-5209.96','139.431','0','0','0','100','0'),
('7279','127','-4877.86','-5215.18','137.173','0','0','0','100','0'),
('7279','128','-4881.6','-5217.25','136.043','0','0','0','100','0'),
('7279','129','-4887.02','-5218.78','135.135','0','0','0','100','0'),
('7279','130','-4893.9','-5220.03','134.516','0','0','0','100','0'),
('7279','131','-4900.78','-5221.36','132.954','0','0','0','100','0'),
('7279','132','-4906.68','-5222.5','132.324','0','0','0','100','0'),
('7279','133','-4913.67','-5222.74','132.71','0','0','0','100','0'),
('7279','134','-4920.63','-5222.04','132.286','0','0','0','100','0'),
('7279','135','-4927.59','-5221.35','132.535','0','0','0','100','0'),
('7279','136','-4938.04','-5220.3','133.726','0','0','0','100','0'),
('7279','137','-4941.53','-5220.07','134.518','0','0','0','100','0'),
('7279','138','-4952.03','-5220.12','134.202','0','0','0','100','0'),
('7279','139','-4958.2','-5221.59','134.042','0','0','0','100','0'),
('7279','140','-4961.03','-5223.22','134.155','0','0','0','100','0'),
('7279','141','-4966.18','-5229.06','134.675','0','0','0','100','0'),
('7279','142','-4964.14','-5236.11','134.32','0','0','0','100','0'),
('7279','143','-4961.51','-5238.56','133.924','0','0','0','100','0'),
('7279','144','-4955.29','-5242.67','133.599','0','0','0','100','0'),
('7279','145','-4948.98','-5244.69','133.113','0','0','0','100','0'),
('7279','146','-4941.19','-5246.6','130.038','0','0','0','100','0'),
('7279','147','-4934.85','-5249.55','128.342','0','0','0','100','0'),
('7279','148','-4928.74','-5252.97','126.378','0','0','0','100','0'),
('7279','149','-4922.66','-5256.43','125.257','0','0','0','100','0'),
('7279','150','-4916.65','-5260','125.051','0','0','0','100','0'),
('7279','151','-4911.1','-5262.56','124.371','0','0','0','100','0'),
('7279','152','-4904.72','-5264.25','123.474','0','0','0','100','0'),
('7279','153','-4896.44','-5263.43','124.177','0','0','0','100','0'),
('7279','154','-4893.14','-5262.26','124.869','0','0','0','100','0'),
('7279','155','-4885.22','-5259.35','126.288','0','0','0','100','0'),
('7279','156','-4880.25','-5258.64','126.703','0','0','0','100','0'),
('7279','157','-4872.51','-5259.46','125.327','0','0','0','100','0'),
('7279','158','-4865.96','-5261.92','124.317','0','0','0','100','0'),
('7279','159','-4859.75','-5265.14','123.513','0','0','0','100','0'),
('7279','160','-4855.64','-5267.31','123.12','0','0','0','100','0'),
('7279','161','-4845.6','-5270.39','121.445','0','0','0','100','0'),
('7279','162','-4838.85','-5272.33','120.336','0','0','0','100','0'),
('7279','163','-4834.91','-5269.9','120.09','0','0','0','100','0'),
('7279','164','-4831.66','-5265.14','120.848','0','0','0','100','0'),
('7279','165','-4828.02','-5264.74','121.158','0','0','0','100','0'),
('7279','166','-4822.68','-5261.38','121.864','0','0','0','100','0'),
('7279','167','-4817.56','-5260.04','121.701','0','0','0','100','0'),
('7279','168','-4810.65','-5258.92','121.552','0','0','0','100','0'),
('7279','169','-4805.19','-5259.34','121.521','0','0','0','100','0'),
('7279','170','-4798.97','-5262.13','121.122','0','0','0','100','0'),
('7279','171','-4790.09','-5267.74','119.656','0','0','0','100','0'),
('7279','172','-4781.35','-5273.55','117.921','0','0','0','100','0'),
('7279','173','-4774.99','-5276.81','118.103','0','0','0','100','0'),
('7279','174','-4767.62','-5278.34','118.351','0','0','0','100','0'),
('7279','175','-4757.38','-5277.65','117.95','0','0','0','100','0'),
('7279','176','-4751.54','-5275','118.229','0','0','0','100','0'),
('7279','177','-4746.46','-5269.74','117.733','0','0','0','100','0'),
('7279','178','-4744.11','-5267.15','117.209','0','0','0','100','0'),
('7279','179','-4738.11','-5262.66','116.113','0','0','0','100','0'),
('7279','180','-4731.86','-5259.51','115.871','0','0','0','100','0'),
('7279','181','-4722.44','-5254.87','116.026','0','0','0','100','0'),
('7279','182','-4716.07','-5252.19','116.187','0','0','0','100','0'),
('7279','183','-4709.78','-5251.46','116','0','0','0','100','0'),
('7279','184','-4702.78','-5251.27','116.038','0','0','0','100','0'),
('7279','185','-4692.29','-5250.92','117.527','0','0','0','100','0'),
('7279','186','-4684.2','-5250.85','118.156','0','0','0','100','0'),
('7279','187','-4675.62','-5247.98','116.788','0','0','0','100','0'),
('7279','188','-4673.08','-5245.57','115.504','0','0','0','100','0'),
('7279','189','-4666.26','-5240.66','112.719','0','0','0','100','0'),
('7279','190','-4659.31','-5239.79','112.108','0','0','0','100','0'),
('7279','191','-4648.83','-5239.2','111.74','0','0','0','100','0'),
('7279','192','-4641.84','-5238.83','112.855','0','0','0','100','0'),
('7279','193','-4627.86','-5238.08','117.338','0','0','0','100','0'),
('7279','194','-4612.59','-5230.69','119.309','0','0','0','100','0'),
('7279','195','-4605.02','-5227.97','119.947','0','0','0','100','0'),
('7279','196','-4598.23','-5226.28','120.072','0','0','0','100','0'),
('7279','197','-4591.76','-5223.41','119.859','0','0','0','100','0'),
('7279','198','-4586.52','-5217.67','119.465','0','0','0','100','0'),
('7279','199','-4582.76','-5211.76','118.932','0','0','0','100','0'),
('7279','200','-4577.79','-5204.8','118.45','0','0','0','100','0'),
('7279','201','-4575.07','-5197.14','118.286','0','0','0','100','0'),
('7279','202','-4574.36','-5191.44','118.05','0','0','0','100','0'),
('7279','203','-4573.66','-5184.47','117.662','0','0','0','100','0'),
('7279','204','-4572.31','-5174.06','116.463','0','0','0','100','0'),
('7279','205','-4570.59','-5162.08','116.279','0','0','0','100','0'),
('7279','206','-4571.07','-5156.11','116.889','0','0','0','100','0'),
('7279','207','-4572.81','-5150.91','117.367','0','0','0','100','0'),
('7279','208','-4579.44','-5144.38','117.622','0','0','0','100','0'),
('7279','209','-4588.55','-5141.02','117.594','0','0','0','100','0'),
('7279','210','-4594.8','-5139.88','117.83','0','0','0','100','0'),
('7279','211','-4601.17','-5137.29','117.443','0','0','0','100','0'),
('7279','212','-4606.57','-5132.59','117.094','0','0','0','100','0'),
('7279','213','-4609.96','-5131.75','116.753','0','0','0','100','0'),
('7279','214','-4613.41','-5131.15','116.786','0','0','0','100','0'),
('7279','215','-4619.55','-5130.93','119.141','0','0','0','100','0'),
('7279','216','-4625.55','-5134.11','122.436','0','0','0','100','0'),
('7279','217','-4631.19','-5138.25','123.664','0','0','0','100','0'),
('7279','218','-4638.55','-5143.01','123.735','0','0','0','100','0'),
('7279','219','-4646.23','-5144.92','123.74','0','0','0','100','0'),
('7279','220','-4653.21','-5145.44','123.401','0','0','0','100','0'),
('7279','221','-4659.23','-5145.38','123.993','0','0','0','100','0'),
('7279','222','-4667.51','-5142.71','125.359','0','0','0','100','0'),
('7279','223','-4672.83','-5136.39','125.658','0','0','0','100','0'),
('7279','224','-4674.57','-5134.1','127.859','0','0','0','100','0'),
('7279','225','-4675.84','-5138.45','126.53','0','0','0','100','0'),
('7279','226','-4682.99','-5143.24','129.211','0','0','0','100','0'),
('7279','227','-4685.15','-5149.45','125.688','0','0','0','100','0'),
('7279','228','-4691.11','-5157.96','125.544','0','0','0','100','0'),
('7279','229','-4698.21','-5165.67','125.621','0','0','0','100','0'),
('7279','230','-4705.93','-5172.78','129.345','0','0','0','100','0'),
('7279','231','-4714.52','-5179.14','130.718','0','0','0','100','0'),
('7279','232','-4721.42','-5176.01','133.643','0','0','0','100','0'),
('7279','233','-4725.36','-5171.42','135.693','0','0','0','100','0'),
('7279','234','-4729.78','-5159.37','138.976','0','0','0','100','0'),
('7279','235','-4731.86','-5149.54','140.205','0','0','0','100','0'),
('7279','236','-4731.62','-5137.75','143.816','0','0','0','100','0'),
('7279','237','-4728.64','-5128.69','145.324','0','0','0','100','0'),
('7279','238','-4725.92','-5120.36','145.433','0','0','0','100','0'),
('7279','239','-4723.65','-5110.11','146.753','0','0','0','100','0'),
('7279','240','-4722.37','-5097.31','147.258','0','0','0','100','0'),
('7279','241','-4722.62','-5091.07','147.361','0','0','0','100','0'),
('7279','242','-4727.57','-5081.86','147.957','0','0','0','100','0'),
('7279','243','-4728.36','-5074.08','148.318','0','0','0','100','0'),
('7279','244','-4727.9','-5063.59','150.304','0','0','0','100','0'),
('7279','245','-4726.77','-5053.79','151.854','0','0','0','100','0'),
('7279','246','-4724.94','-5047.41','152.955','0','0','0','100','0'),
('7279','247','-4719.83','-5040.31','153.748','0','0','0','100','0'),
('7279','248','-4717.42','-5035.72','154.915','0','0','0','100','0'),
('7279','249','-4713.49','-5027.35','156.443','0','0','0','100','0'),
('7279','250','-4706.7','-5019.35','157.101','0','0','0','100','0'),
('7279','251','-4701.82','-5014.35','157.628','0','0','0','100','0'),
('7279','252','-4695.29','-5011.54','157.413','0','0','0','100','0'),
('7279','253','-4684.81','-5012.1','156.185','0','0','0','100','0'),
('7279','254','-4677.09','-5009.68','156.2','0','0','0','100','0'),
('7279','255','-4636.58','-4998.57','157.835','0','0','0','100','0'),
('7279','256','-4646.91','-4996.8','158.988','0','0','0','100','0'),
('7279','257','-4650.9','-4996.23','159.477','0','0','0','100','0'),
('7279','258','-4660.11','-5000.11','158.655','0','0','0','100','0'),
('7279','259','-4665.78','-5004.22','157.181','0','0','0','100','0'),
('7279','260','-4671.39','-5008.41','156.014','0','0','0','100','0'),
('7279','261','-4676.84','-5012.79','155.097','0','0','0','100','0'),
('7279','262','-4682.14','-5017.37','153.087','0','0','0','100','0'),
('7279','263','-4687.45','-5021.93','150.6','0','0','0','100','0'),
('7279','264','-4693.27','-5025.81','149.223','0','0','0','100','0'),
('7279','265','-4699.54','-5028.92','150.12','0','0','0','100','0'),
('7279','266','-4706.02','-5031.56','152.293','0','0','0','100','0'),
('7279','267','-4725.58','-5037.9','154.921','0','0','0','100','0'),
('7279','268','-4730.16','-5039.01','155.039','0','0','0','100','0'),
('7279','269','-4740.16','-5041.46','154.568','0','0','0','100','0'),
('7279','270','-4745.32','-5045.52','153.012','0','0','0','100','0'),
('7279','271','-4746.96','-5052.98','150.326','0','0','0','100','0'),
('7279','272','-4741.67','-5062.05','149.498','0','0','0','100','0'),
('7279','273','-4736.21','-5070.57','149.545','0','0','0','100','0'),
('7279','274','-4734.66','-5074.78','149.126','0','0','0','100','0'),
('7279','275','-4731.4','-5082.01','148.519','0','0','0','100','0'),
('7279','276','-4727.15','-5086.28','147.984','0','0','0','100','0'),
('7279','277','-4722.77','-5090.6','147.391','0','0','0','100','0'),
('7279','278','-4717.71','-5100.5','146.071','0','0','0','100','0'),
('7279','279','-4719.17','-5107.04','146.164','0','0','0','100','0'),
('7279','280','-4721.78','-5113.71','145.762','0','0','0','100','0'),
('7279','281','-4725.32','-5118.22','145.55','0','0','0','100','0'),
('7279','282','-4733.8','-5119.59','147.525','0','0','0','100','0'),
('7279','283','-4740.39','-5119.93','148.759','0','0','0','100','0'),
('7279','284','-4743.34','-5117.52','149.243','0','0','0','100','0'),
('7279','285','-4746.11','-5110.12','149.589','0','0','0','100','0'),
('7279','286','-4746.12','-5106.42','149.786','0','0','0','100','0'),
('7279','287','-4742.94','-5100.68','150.393','0','0','0','100','0'),
('7279','288','-4737.71','-5091.58','150.422','0','0','0','100','0'),
('7279','289','-4734.03','-5082.89','148.988','0','0','0','100','0'),
('7279','290','-4732.46','-5075.58','148.832','0','0','0','100','0'),
('7279','291','-4731.96','-5068.6','149.744','0','0','0','100','0'),
('7279','292','-4731.17','-5062.89','150.625','0','0','0','100','0'),
('7279','293','-4732.44','-5062.21','150.73','0','0','0','100','0'),
('7279','294','-4736.99','-5065.57','150.015','0','0','0','100','0'),
('7279','295','-4741.49','-5069.25','148.977','0','0','0','100','0'),
('7279','296','-4748.39','-5081.42','148.924','0','0','0','100','0'),
('7279','297','-4751.12','-5087.26','149.099','0','0','0','100','0'),
('7279','298','-4752.07','-5094.55','149.047','0','0','0','100','0'),
('7279','299','-4750.71','-5104.95','149.401','0','0','0','100','0'),
('7279','300','-4749.45','-5111.84','149.403','0','0','0','100','0'),
('7279','301','-4749','-5120.91','148.897','0','0','0','100','0'),
('7279','302','-4751.71','-5131.04','146.82','0','0','0','100','0'),
('7279','303','-4756.1','-5140.56','144.606','0','0','0','100','0'),
('7279','304','-4760.01','-5147.13','144.477','0','0','0','100','0'),
('7279','305','-4767.29','-5151.72','144.178','0','0','0','100','0'),
('7279','306','-4776.04','-5154.91','144.53','0','0','0','100','0'),
('7279','307','-4783.74','-5155.38','145.609','0','0','0','100','0'),
('7279','308','-4790.43','-5154.46','146.146','0','0','0','100','0'),
('7279','309','-4797.15','-5152.53','146.488','0','0','0','100','0'),
('7279','310','-4807.15','-5149.34','146.028','0','0','0','100','0'),
('7279','311','-4811.61','-5148.98','146.195','0','0','0','100','0'),
('7279','312','-4818.13','-5152.2','146.946','0','0','0','100','0'),
('7279','313','-4822.86','-5157.36','147.531','0','0','0','100','0'),
('7279','314','-4828.81','-5165.18','147.181','0','0','0','100','0'),
('7279','315','-4828.87','-5172.18','146.794','0','0','0','100','0'),
('7279','316','-4828.41','-5176.23','146.076','0','0','0','100','0'),
('7279','317','-4822.62','-5181.64','144.876','0','0','0','100','0'),
('7279','318','-4818.17','-5183.93','144.702','0','0','0','100','0'),
('7279','319','-4814.55','-5187.06','143.957','0','0','0','100','0'),
('7279','320','-4813.54','-5185.59','144.284','0','0','0','100','0'),
('7279','321','-4812.57','-5185.53','144.254','0','0','0','100','0');

-- Waypoint movement type guid 6596579 (Garr)
UPDATE `creature` SET `MovementType`='2' WHERE `guid`='6390559';

-- Set WP for creature guid 6596579 (Garr)
DELETE FROM `creature_addon` WHERE (`guid`=6390559);
INSERT INTO `creature_addon` (`guid`, `path_id`, `mount`, `bytes1`, `bytes2`, `emote`, `auras`) VALUES 
(6390559, '6390559', 0, 0, 1, 0, '');

-- WP For (Garr)
DELETE FROM waypoint_data WHERE id='6390559';
INSERT INTO `waypoint_data` (`id`, `point`, `position_x`, `position_y`, `position_z`, `delay`, `move_flag`, `action`, `action_chance`, `wpguid`) VALUES 
('6390559','1','3901.42','-2453.93','1060.38','0','0','0','100','0'),
('6390559','2','3908.16','-2448.3','1059.65','0','0','0','100','0'),
('6390559','3','3909.19','-2441.95','1060.24','0','0','0','100','0'),
('6390559','4','3911.94','-2435.13','1060.25','0','0','0','100','0'),
('6390559','5','3919.08','-2428.31','1060.64','0','0','0','100','0'),
('6390559','6','3924.93','-2426.09','1062.15','0','0','0','100','0'),
('6390559','7','3932.92','-2426.09','1064.19','0','0','0','100','0'),
('6390559','8','3936.3','-2426.98','1064.65','0','0','0','100','0'),
('6390559','9','3945.72','-2430.43','1063.34','0','0','0','100','0'),
('6390559','10','3952','-2434.41','1062.32','0','0','0','100','0'),
('6390559','11','3956.76','-2439.54','1061.91','0','0','0','100','0'),
('6390559','12','3960.5','-2446.73','1060.68','0','0','0','100','0'),
('6390559','13','3961.12','-2450.18','1059.35','0','0','0','100','0'),
('6390559','14','3961.16','-2458.93','1056.67','0','0','0','100','0'),
('6390559','15','3959.44','-2465.71','1055.99','0','0','0','100','0'),
('6390559','16','3957.75','-2472.5','1055.18','0','0','0','100','0'),
('6390559','17','3956.95','-2479.45','1053.93','0','0','0','100','0'),
('6390559','18','3956.9','-2486.44','1052.02','0','0','0','100','0'),
('6390559','19','3957.27','-2493.43','1049.47','0','0','0','100','0'),
('6390559','20','3957.65','-2500.42','1046.43','0','0','0','100','0'),
('6390559','21','3957.86','-2506.84','1043.64','0','0','0','100','0'),
('6390559','22','3956.16','-2514.49','1040.16','0','0','0','100','0'),
('6390559','23','3954.19','-2518.68','1038.82','0','0','0','100','0'),
('6390559','24','3950.04','-2524.31','1037.75','0','0','0','100','0'),
('6390559','25','3945.18','-2531.12','1035.72','0','0','0','100','0'),
('6390559','26','3943.48','-2536.09','1033.52','0','0','0','100','0'),
('6390559','27','3941.81','-2542.89','1029.45','0','0','0','100','0'),
('6390559','28','3939.96','-2549.32','1025.37','0','0','0','100','0'),
('6390559','29','3934.36','-2556.28','1022.83','0','0','0','100','0'),
('6390559','30','3930.13','-2559.17','1022.45','0','0','0','100','0'),
('6390559','31','3924.18','-2562.86','1023.38','0','0','0','100','0'),
('6390559','32','3918.08','-2566.3','1023.87','0','0','0','100','0'),
('6390559','33','3913.66','-2567.71','1023.97','0','0','0','100','0'),
('6390559','34','3903.74','-2569.1','1023.77','0','0','0','100','0'),
('6390559','35','3897','-2568.98','1023.46','0','0','0','100','0'),
('6390559','36','3893.53','-2568.48','1023.4','0','0','0','100','0'),
('6390559','37','3887.98','-2567.8','1023.16','0','0','0','100','0'),
('6390559','38','3879.38','-2568.49','1023.35','0','0','0','100','0'),
('6390559','39','3873.66','-2570.43','1024.18','0','0','0','100','0'),
('6390559','40','3870.05','-2574.04','1023.31','0','0','0','100','0'),
('6390559','41','3865.7','-2579.52','1021.56','0','0','0','100','0'),
('6390559','42','3861.49','-2585.11','1019.54','0','0','0','100','0'),
('6390559','43','3857.22','-2590.66','1017.71','0','0','0','100','0'),
('6390559','44','3854.22','-2599.59','1015.91','0','0','0','100','0'),
('6390559','45','3853.79','-2603.06','1015.04','0','0','0','100','0'),
('6390559','46','3854.07','-2611.51','1011.97','0','0','0','100','0'),
('6390559','47','3854.53','-2614.98','1010.53','0','0','0','100','0'),
('6390559','48','3856.12','-2621.8','1008.74','0','0','0','100','0'),
('6390559','49','3857.75','-2626.71','1008.52','0','0','0','100','0'),
('6390559','50','3860.61','-2631.81','1008.58','0','0','0','100','0'),
('6390559','51','3865','-2637.22','1008.77','0','0','0','100','0'),
('6390559','52','3871.26','-2642.04','1009.32','0','0','0','100','0'),
('6390559','53','3876.35','-2643.67','1010.01','0','0','0','100','0'),
('6390559','54','3882.44','-2643.15','1011.18','0','0','0','100','0'),
('6390559','55','3887.9','-2641.2','1012.51','0','0','0','100','0'),
('6390559','56','3892.11','-2637.9','1013.09','0','0','0','100','0'),
('6390559','57','3895.4','-2634.61','1013.39','0','0','0','100','0'),
('6390559','58','3901.56','-2626.11','1013.42','0','0','0','100','0'),
('6390559','59','3903.65','-2623.29','1013.58','0','0','0','100','0'),
('6390559','60','3907.84','-2617.69','1014.11','0','0','0','100','0'),
('6390559','61','3911.96','-2613.25','1014.59','0','0','0','100','0'),
('6390559','62','3917.47','-2611.03','1015.4','0','0','0','100','0'),
('6390559','63','3924.61','-2613.13','1014.6','0','0','0','100','0'),
('6390559','64','3927.69','-2614.8','1013.97','0','0','0','100','0'),
('6390559','65','3932.85','-2616.69','1013.52','0','0','0','100','0'),
('6390559','66','3940.22','-2614.31','1014.28','0','0','0','100','0'),
('6390559','67','3944.15','-2610.7','1016','0','0','0','100','0'),
('6390559','68','3947.24','-2606.04','1017.78','0','0','0','100','0'),
('6390559','69','3949.87','-2600.58','1018.84','0','0','0','100','0'),
('6390559','70','3952.89','-2594.57','1020.19','0','0','0','100','0'),
('6390559','71','3955.16','-2591.91','1021.58','0','0','0','100','0'),
('6390559','72','3959.7','-2587.21','1023.83','0','0','0','100','0'),
('6390559','73','3963.79','-2584.12','1023.93','0','0','0','100','0'),
('6390559','74','3972.05','-2579.81','1022.53','0','0','0','100','0'),
('6390559','75','3976.03','-2576.58','1022.32','0','0','0','100','0'),
('6390559','76','3980.37','-2571.09','1022.67','0','0','0','100','0'),
('6390559','77','3984.94','-2566.46','1023.75','0','0','0','100','0'),
('6390559','78','3988.73','-2563.37','1024.66','0','0','0','100','0'),
('6390559','79','3997.98','-2558.43','1026.37','0','0','0','100','0'),
('6390559','80','4001.25','-2557.2','1026.96','0','0','0','100','0'),
('6390559','81','4007.99','-2555.3','1027.72','0','0','0','100','0'),
('6390559','82','4014.91','-2554.29','1027.57','0','0','0','100','0'),
('6390559','83','4021.65','-2554.35','1026.87','0','0','0','100','0'),
('6390559','84','4028.53','-2555.58','1026.04','0','0','0','100','0'),
('6390559','85','4033.85','-2557.26','1026.44','0','0','0','100','0'),
('6390559','86','4038.41','-2560.09','1025.95','0','0','0','100','0'),
('6390559','87','4041.73','-2563.37','1024.53','0','0','0','100','0'),
('6390559','88','4045.27','-2568.84','1022.57','0','0','0','100','0'),
('6390559','89','4048.75','-2574.91','1023.84','0','0','0','100','0'),
('6390559','90','4052.43','-2580.87','1023.3','0','0','0','100','0'),
('6390559','91','4055.75','-2587.03','1021.49','0','0','0','100','0'),
('6390559','92','4059.09','-2593.18','1019.83','0','0','0','100','0'),
('6390559','93','4062.44','-2599.32','1018.14','0','0','0','100','0'),
('6390559','94','4065.14','-2605.78','1016.85','0','0','0','100','0'),
('6390559','95','4068.11','-2610.19','1016.25','0','0','0','100','0'),
('6390559','96','4075.37','-2611','1017.19','0','0','0','100','0'),
('6390559','97','4080.23','-2610.08','1017.73','0','0','0','100','0'),
('6390559','98','4084.97','-2607.35','1018.4','0','0','0','100','0'),
('6390559','99','4088.42','-2603.17','1019.12','0','0','0','100','0'),
('6390559','100','4088.79','-2595.07','1018.77','0','0','0','100','0'),
('6390559','101','4084.6','-2591.79','1019.51','0','0','0','100','0'),
('6390559','102','4078.74','-2587.96','1021.9','0','0','0','100','0'),
('6390559','103','4070.13','-2581.95','1024.59','0','0','0','100','0'),
('6390559','104','4064.39','-2577.95','1024.87','0','0','0','100','0'),
('6390559','105','4061.39','-2576.14','1024.74','0','0','0','100','0'),
('6390559','106','4057.24','-2574','1025.2','0','0','0','100','0'),
('6390559','107','4050.18','-2570.74','1024.76','0','0','0','100','0'),
('6390559','108','4048.55','-2567.96','1024.02','0','0','0','100','0'),
('6390559','109','4046.91','-2561.15','1026.02','0','0','0','100','0'),
('6390559','110','4045.91','-2555.65','1028.28','0','0','0','100','0'),
('6390559','111','4043.75','-2548.99','1029.55','0','0','0','100','0'),
('6390559','112','4041.8','-2542.28','1030.1','0','0','0','100','0'),
('6390559','113','4042.1','-2537.18','1031','0','0','0','100','0'),
('6390559','114','4045.63','-2532.09','1032.08','0','0','0','100','0'),
('6390559','115','4048.05','-2529.57','1032.6','0','0','0','100','0'),
('6390559','116','4053.32','-2524.97','1032.97','0','0','0','100','0'),
('6390559','117','4059.35','-2520.6','1033.51','0','0','0','100','0'),
('6390559','118','4065.97','-2518.32','1034.88','0','0','0','100','0'),
('6390559','119','4072.76','-2516.64','1036.84','0','0','0','100','0'),
('6390559','120','4079.55','-2514.94','1038.62','0','0','0','100','0'),
('6390559','121','4085.23','-2513.57','1038.84','0','0','0','100','0'),
('6390559','122','4090.58','-2513.45','1037.97','0','0','0','100','0'),
('6390559','123','4097.45','-2514.78','1035.81','0','0','0','100','0'),
('6390559','124','4107.44','-2518','1035','0','0','0','100','0'),
('6390559','125','4112.14','-2520.04','1036.68','0','0','0','100','0'),
('6390559','126','4117.81','-2524.13','1037.96','0','0','0','100','0'),
('6390559','127','4125.47','-2531.93','1039.08','0','0','0','100','0'),
('6390559','128','4130.06','-2537.22','1038.75','0','0','0','100','0'),
('6390559','129','4133.88','-2540.16','1038.83','0','0','0','100','0'),
('6390559','130','4138.88','-2541.26','1038.94','0','0','0','100','0'),
('6390559','131','4147.73','-2541.38','1038.67','0','0','0','100','0'),
('6390559','132','4153.46','-2540.36','1038.5','0','0','0','100','0'),
('6390559','133','4160.2','-2538.5','1037.95','0','0','0','100','0'),
('6390559','134','4165.2','-2536','1037.7','0','0','0','100','0'),
('6390559','135','4170.55','-2531.49','1038.17','0','0','0','100','0'),
('6390559','136','4175.63','-2526.68','1039.24','0','0','0','100','0'),
('6390559','137','4178.16','-2523.34','1039.51','0','0','0','100','0'),
('6390559','138','4181.83','-2517.37','1039.54','0','0','0','100','0'),
('6390559','139','4187.74','-2509.59','1039.08','0','0','0','100','0'),
('6390559','140','4192.19','-2504.18','1038.65','0','0','0','100','0'),
('6390559','141','4195.18','-2498.5','1038.34','0','0','0','100','0'),
('6390559','142','4194.07','-2492.98','1037.88','0','0','0','100','0'),
('6390559','143','4192.52','-2491.93','1037.74','0','0','0','100','0'),
('6390559','144','4185.59','-2490.94','1037.34','0','0','0','100','0'),
('6390559','145','4178.62','-2490.63','1036.42','0','0','0','100','0'),
('6390559','146','4171.62','-2490.9','1036.59','0','0','0','100','0'),
('6390559','147','4169.3','-2491.07','1037.15','0','0','0','100','0'),
('6390559','148','4161.22','-2492.3','1038.29','0','0','0','100','0'),
('6390559','149','4154.75','-2494.94','1038.34','0','0','0','100','0'),
('6390559','150','4148.48','-2498.05','1038.59','0','0','0','100','0'),
('6390559','151','4142.16','-2501.06','1039.47','0','0','0','100','0'),
('6390559','152','4134.99','-2503.85','1039.8','0','0','0','100','0'),
('6390559','153','4129.2','-2504.18','1039.09','0','0','0','100','0'),
('6390559','154','4123.13','-2502.62','1037.56','0','0','0','100','0'),
('6390559','155','4117.65','-2499.1','1035.85','0','0','0','100','0'),
('6390559','156','4115.14','-2496.66','1035.23','0','0','0','100','0'),
('6390559','157','4109.64','-2491.63','1035.75','0','0','0','100','0'),
('6390559','158','4103.31','-2489.69','1036.84','0','0','0','100','0'),
('6390559','159','4096.52','-2491.22','1038.36','0','0','0','100','0'),
('6390559','160','4093.28','-2492.52','1038.9','0','0','0','100','0'),
('6390559','161','4086.83','-2495.24','1039.86','0','0','0','100','0'),
('6390559','162','4079.06','-2498.42','1039.88','0','0','0','100','0'),
('6390559','163','4074.94','-2499.24','1039.45','0','0','0','100','0'),
('6390559','164','4069.82','-2499.04','1038.84','0','0','0','100','0'),
('6390559','165','4063.52','-2497.43','1038.3','0','0','0','100','0'),
('6390559','166','4059.71','-2495.15','1038.28','0','0','0','100','0'),
('6390559','167','4057.25','-2493.01','1038.54','0','0','0','100','0'),
('6390559','168','4052.7','-2488.01','1039.7','0','0','0','100','0'),
('6390559','169','4049.08','-2482.03','1041.18','0','0','0','100','0'),
('6390559','170','4047.34','-2478.99','1041.7','0','0','0','100','0'),
('6390559','171','4043.42','-2474.11','1042.09','0','0','0','100','0'),
('6390559','172','4039.13','-2471.32','1042.02','0','0','0','100','0'),
('6390559','173','4034.11','-2470.37','1041.83','0','0','0','100','0'),
('6390559','174','4029.25','-2470.9','1043.38','0','0','0','100','0'),
('6390559','175','4023.98','-2471.89','1046.2','0','0','0','100','0'),
('6390559','176','4019.58','-2471.57','1047.46','0','0','0','100','0'),
('6390559','177','4015.67','-2468.69','1048.08','0','0','0','100','0'),
('6390559','178','4013.43','-2466.01','1048.72','0','0','0','100','0'),
('6390559','179','4008.95','-2460.63','1050.28','0','0','0','100','0'),
('6390559','180','4004.36','-2455.35','1051.74','0','0','0','100','0'),
('6390559','181','4000.19','-2451.62','1053.51','0','0','0','100','0'),
('6390559','182','3997.24','-2449.75','1054.44','0','0','0','100','0'),
('6390559','183','3990.02','-2446.54','1058.36','0','0','0','100','0'),
('6390559','184','3984.08','-2445.56','1060.49','0','0','0','100','0'),
('6390559','185','3980.58','-2445.68','1060.69','0','0','0','100','0'),
('6390559','186','3972.21','-2445.15','1060.92','0','0','0','100','0'),
('6390559','187','3968.87','-2444.13','1061.38','0','0','0','100','0'),
('6390559','188','3962.59','-2441.06','1062.56','0','0','0','100','0'),
('6390559','189','3956.46','-2437.68','1062.04','0','0','0','100','0'),
('6390559','190','3950.33','-2434.3','1062.46','0','0','0','100','0'),
('6390559','191','3945.85','-2431.8','1063.09','0','0','0','100','0'),
('6390559','192','3940.31','-2427.51','1064.69','0','0','0','100','0'),
('6390559','193','3933.87','-2423.38','1065.02','0','0','0','100','0'),
('6390559','194','3929.09','-2422.5','1064.08','0','0','0','100','0'),
('6390559','195','3921.66','-2424.42','1061.57','0','0','0','100','0'),
('6390559','196','3915.1','-2426.87','1060.73','0','0','0','100','0'),
('6390559','197','3908.71','-2429.71','1060.95','0','0','0','100','0'),
('6390559','198','3902.39','-2432.74','1061.07','0','0','0','100','0'),
('6390559','199','3899.2','-2434.17','1061.1','0','0','0','100','0'),
('6390559','200','3892.67','-2436.69','1060.65','0','0','0','100','0'),
('6390559','201','3885.25','-2438.55','1060.22','0','0','0','100','0'),
('6390559','202','3881.75','-2438.54','1059.89','0','0','0','100','0'),
('6390559','203','3874.81','-2437.64','1058.92','0','0','0','100','0'),
('6390559','204','3869.66','-2436.16','1057.67','0','0','0','100','0'),
('6390559','205','3865.18','-2433.67','1057.27','0','0','0','100','0'),
('6390559','206','3859.64','-2429.4','1059.68','0','0','0','100','0'),
('6390559','207','3853.61','-2425.48','1063.12','0','0','0','100','0'),
('6390559','208','3849.76','-2424.64','1065.43','0','0','0','100','0'),
('6390559','209','3845.79','-2426.8','1067.45','0','0','0','100','0'),
('6390559','210','3844.34','-2430.43','1067.06','0','0','0','100','0'),
('6390559','211','3846.8','-2435.84','1066.5','0','0','0','100','0'),
('6390559','212','3850.13','-2437.97','1063.93','0','0','0','100','0'),
('6390559','213','3855.25','-2442.52','1060.98','0','0','0','100','0'),
('6390559','214','3856.89','-2447.32','1060.09','0','0','0','100','0'),
('6390559','215','3856.84','-2452.69','1059.29','0','0','0','100','0'),
('6390559','216','3854.75','-2457.69','1058.7','0','0','0','100','0'),
('6390559','217','3850.93','-2462.28','1058.49','0','0','0','100','0'),
('6390559','218','3845.45','-2465.78','1058.9','0','0','0','100','0'),
('6390559','219','3842.24','-2467.18','1059.02','0','0','0','100','0'),
('6390559','220','3838.94','-2468.35','1059.27','0','0','0','100','0'),
('6390559','221','3832.51','-2471.1','1058.7','0','0','0','100','0'),
('6390559','222','3826.72','-2475.37','1056.46','0','0','0','100','0'),
('6390559','223','3823.8','-2480.09','1054.56','0','0','0','100','0'),
('6390559','224','3823.34','-2484.64','1053.38','0','0','0','100','0'),
('6390559','225','3825.09','-2489.46','1052.07','0','0','0','100','0'),
('6390559','226','3828.02','-2494.47','1051.27','0','0','0','100','0'),
('6390559','227','3832.58','-2497.66','1050.86','0','0','0','100','0'),
('6390559','228','3837.66','-2497.14','1051.23','0','0','0','100','0'),
('6390559','229','3843.62','-2493.55','1052.25','0','0','0','100','0'),
('6390559','230','3846.39','-2489.01','1053.38','0','0','0','100','0'),
('6390559','231','3847.58','-2485.48','1054.19','0','0','0','100','0'),
('6390559','232','3848.76','-2478.58','1055.87','0','0','0','100','0'),
('6390559','233','3849.34','-2475.13','1056.59','0','0','0','100','0'),
('6390559','234','3851.95','-2465.72','1057.74','0','0','0','100','0'),
('6390559','235','3854.04','-2461.16','1058','0','0','0','100','0'),
('6390559','236','3858.21','-2455.69','1058.49','0','0','0','100','0'),
('6390559','237','3863.72','-2451.43','1060.31','0','0','0','100','0'),
('6390559','238','3868.56','-2451.02','1061.22','0','0','0','100','0'),
('6390559','239','3875.38','-2452.54','1062.45','0','0','0','100','0'),
('6390559','240','3877.68','-2452.87','1062.75','0','0','0','100','0'),
('6390559','241','3884.68','-2452.93','1062.19','0','0','0','100','0'),
('6390559','242','3891.44','-2453.04','1061.21','0','0','0','100','0');

-- Waypoint movement type guid 6391542 (Blazewing)
UPDATE `creature` SET `MovementType`='2' WHERE `guid`='6391542';

-- Set WP for creature guid 6596579 (Blazewing)
DELETE FROM `creature_addon` WHERE (`guid`=6391542);
INSERT INTO `creature_addon` (`guid`, `path_id`, `mount`, `bytes1`, `bytes2`, `emote`, `auras`) VALUES 
(6391542, '6391542', 0, 0, 1, 0, '');

-- WP For (Blazewing)
DELETE FROM waypoint_data WHERE id='6390559';
INSERT INTO `waypoint_data` (`id`, `point`, `position_x`, `position_y`, `position_z`, `delay`, `move_flag`, `action`, `action_chance`, `wpguid`) VALUES 
('6390559','1','3901.42','-2453.93','1060.38','0','0','0','100','0'),
('6390559','2','3908.16','-2448.3','1059.65','0','0','0','100','0'),
('6390559','3','3909.19','-2441.95','1060.24','0','0','0','100','0'),
('6390559','4','3911.94','-2435.13','1060.25','0','0','0','100','0'),
('6390559','5','3919.08','-2428.31','1060.64','0','0','0','100','0'),
('6390559','6','3924.93','-2426.09','1062.15','0','0','0','100','0'),
('6390559','7','3932.92','-2426.09','1064.19','0','0','0','100','0'),
('6390559','8','3936.3','-2426.98','1064.65','0','0','0','100','0'),
('6390559','9','3945.72','-2430.43','1063.34','0','0','0','100','0'),
('6390559','10','3952','-2434.41','1062.32','0','0','0','100','0'),
('6390559','11','3956.76','-2439.54','1061.91','0','0','0','100','0'),
('6390559','12','3960.5','-2446.73','1060.68','0','0','0','100','0'),
('6390559','13','3961.12','-2450.18','1059.35','0','0','0','100','0'),
('6390559','14','3961.16','-2458.93','1056.67','0','0','0','100','0'),
('6390559','15','3959.44','-2465.71','1055.99','0','0','0','100','0'),
('6390559','16','3957.75','-2472.5','1055.18','0','0','0','100','0'),
('6390559','17','3956.95','-2479.45','1053.93','0','0','0','100','0'),
('6390559','18','3956.9','-2486.44','1052.02','0','0','0','100','0'),
('6390559','19','3957.27','-2493.43','1049.47','0','0','0','100','0'),
('6390559','20','3957.65','-2500.42','1046.43','0','0','0','100','0'),
('6390559','21','3957.86','-2506.84','1043.64','0','0','0','100','0'),
('6390559','22','3956.16','-2514.49','1040.16','0','0','0','100','0'),
('6390559','23','3954.19','-2518.68','1038.82','0','0','0','100','0'),
('6390559','24','3950.04','-2524.31','1037.75','0','0','0','100','0'),
('6390559','25','3945.18','-2531.12','1035.72','0','0','0','100','0'),
('6390559','26','3943.48','-2536.09','1033.52','0','0','0','100','0'),
('6390559','27','3941.81','-2542.89','1029.45','0','0','0','100','0'),
('6390559','28','3939.96','-2549.32','1025.37','0','0','0','100','0'),
('6390559','29','3934.36','-2556.28','1022.83','0','0','0','100','0'),
('6390559','30','3930.13','-2559.17','1022.45','0','0','0','100','0'),
('6390559','31','3924.18','-2562.86','1023.38','0','0','0','100','0'),
('6390559','32','3918.08','-2566.3','1023.87','0','0','0','100','0'),
('6390559','33','3913.66','-2567.71','1023.97','0','0','0','100','0'),
('6390559','34','3903.74','-2569.1','1023.77','0','0','0','100','0'),
('6390559','35','3897','-2568.98','1023.46','0','0','0','100','0'),
('6390559','36','3893.53','-2568.48','1023.4','0','0','0','100','0'),
('6390559','37','3887.98','-2567.8','1023.16','0','0','0','100','0'),
('6390559','38','3879.38','-2568.49','1023.35','0','0','0','100','0'),
('6390559','39','3873.66','-2570.43','1024.18','0','0','0','100','0'),
('6390559','40','3870.05','-2574.04','1023.31','0','0','0','100','0'),
('6390559','41','3865.7','-2579.52','1021.56','0','0','0','100','0'),
('6390559','42','3861.49','-2585.11','1019.54','0','0','0','100','0'),
('6390559','43','3857.22','-2590.66','1017.71','0','0','0','100','0'),
('6390559','44','3854.22','-2599.59','1015.91','0','0','0','100','0'),
('6390559','45','3853.79','-2603.06','1015.04','0','0','0','100','0'),
('6390559','46','3854.07','-2611.51','1011.97','0','0','0','100','0'),
('6390559','47','3854.53','-2614.98','1010.53','0','0','0','100','0'),
('6390559','48','3856.12','-2621.8','1008.74','0','0','0','100','0'),
('6390559','49','3857.75','-2626.71','1008.52','0','0','0','100','0'),
('6390559','50','3860.61','-2631.81','1008.58','0','0','0','100','0'),
('6390559','51','3865','-2637.22','1008.77','0','0','0','100','0'),
('6390559','52','3871.26','-2642.04','1009.32','0','0','0','100','0'),
('6390559','53','3876.35','-2643.67','1010.01','0','0','0','100','0'),
('6390559','54','3882.44','-2643.15','1011.18','0','0','0','100','0'),
('6390559','55','3887.9','-2641.2','1012.51','0','0','0','100','0'),
('6390559','56','3892.11','-2637.9','1013.09','0','0','0','100','0'),
('6390559','57','3895.4','-2634.61','1013.39','0','0','0','100','0'),
('6390559','58','3901.56','-2626.11','1013.42','0','0','0','100','0'),
('6390559','59','3903.65','-2623.29','1013.58','0','0','0','100','0'),
('6390559','60','3907.84','-2617.69','1014.11','0','0','0','100','0'),
('6390559','61','3911.96','-2613.25','1014.59','0','0','0','100','0'),
('6390559','62','3917.47','-2611.03','1015.4','0','0','0','100','0'),
('6390559','63','3924.61','-2613.13','1014.6','0','0','0','100','0'),
('6390559','64','3927.69','-2614.8','1013.97','0','0','0','100','0'),
('6390559','65','3932.85','-2616.69','1013.52','0','0','0','100','0'),
('6390559','66','3940.22','-2614.31','1014.28','0','0','0','100','0'),
('6390559','67','3944.15','-2610.7','1016','0','0','0','100','0'),
('6390559','68','3947.24','-2606.04','1017.78','0','0','0','100','0'),
('6390559','69','3949.87','-2600.58','1018.84','0','0','0','100','0'),
('6390559','70','3952.89','-2594.57','1020.19','0','0','0','100','0'),
('6390559','71','3955.16','-2591.91','1021.58','0','0','0','100','0'),
('6390559','72','3959.7','-2587.21','1023.83','0','0','0','100','0'),
('6390559','73','3963.79','-2584.12','1023.93','0','0','0','100','0'),
('6390559','74','3972.05','-2579.81','1022.53','0','0','0','100','0'),
('6390559','75','3976.03','-2576.58','1022.32','0','0','0','100','0'),
('6390559','76','3980.37','-2571.09','1022.67','0','0','0','100','0'),
('6390559','77','3984.94','-2566.46','1023.75','0','0','0','100','0'),
('6390559','78','3988.73','-2563.37','1024.66','0','0','0','100','0'),
('6390559','79','3997.98','-2558.43','1026.37','0','0','0','100','0'),
('6390559','80','4001.25','-2557.2','1026.96','0','0','0','100','0'),
('6390559','81','4007.99','-2555.3','1027.72','0','0','0','100','0'),
('6390559','82','4014.91','-2554.29','1027.57','0','0','0','100','0'),
('6390559','83','4021.65','-2554.35','1026.87','0','0','0','100','0'),
('6390559','84','4028.53','-2555.58','1026.04','0','0','0','100','0'),
('6390559','85','4033.85','-2557.26','1026.44','0','0','0','100','0'),
('6390559','86','4038.41','-2560.09','1025.95','0','0','0','100','0'),
('6390559','87','4041.73','-2563.37','1024.53','0','0','0','100','0'),
('6390559','88','4045.27','-2568.84','1022.57','0','0','0','100','0'),
('6390559','89','4048.75','-2574.91','1023.84','0','0','0','100','0'),
('6390559','90','4052.43','-2580.87','1023.3','0','0','0','100','0'),
('6390559','91','4055.75','-2587.03','1021.49','0','0','0','100','0'),
('6390559','92','4059.09','-2593.18','1019.83','0','0','0','100','0'),
('6390559','93','4062.44','-2599.32','1018.14','0','0','0','100','0'),
('6390559','94','4065.14','-2605.78','1016.85','0','0','0','100','0'),
('6390559','95','4068.11','-2610.19','1016.25','0','0','0','100','0'),
('6390559','96','4075.37','-2611','1017.19','0','0','0','100','0'),
('6390559','97','4080.23','-2610.08','1017.73','0','0','0','100','0'),
('6390559','98','4084.97','-2607.35','1018.4','0','0','0','100','0'),
('6390559','99','4088.42','-2603.17','1019.12','0','0','0','100','0'),
('6390559','100','4088.79','-2595.07','1018.77','0','0','0','100','0'),
('6390559','101','4084.6','-2591.79','1019.51','0','0','0','100','0'),
('6390559','102','4078.74','-2587.96','1021.9','0','0','0','100','0'),
('6390559','103','4070.13','-2581.95','1024.59','0','0','0','100','0'),
('6390559','104','4064.39','-2577.95','1024.87','0','0','0','100','0'),
('6390559','105','4061.39','-2576.14','1024.74','0','0','0','100','0'),
('6390559','106','4057.24','-2574','1025.2','0','0','0','100','0'),
('6390559','107','4050.18','-2570.74','1024.76','0','0','0','100','0'),
('6390559','108','4048.55','-2567.96','1024.02','0','0','0','100','0'),
('6390559','109','4046.91','-2561.15','1026.02','0','0','0','100','0'),
('6390559','110','4045.91','-2555.65','1028.28','0','0','0','100','0'),
('6390559','111','4043.75','-2548.99','1029.55','0','0','0','100','0'),
('6390559','112','4041.8','-2542.28','1030.1','0','0','0','100','0'),
('6390559','113','4042.1','-2537.18','1031','0','0','0','100','0'),
('6390559','114','4045.63','-2532.09','1032.08','0','0','0','100','0'),
('6390559','115','4048.05','-2529.57','1032.6','0','0','0','100','0'),
('6390559','116','4053.32','-2524.97','1032.97','0','0','0','100','0'),
('6390559','117','4059.35','-2520.6','1033.51','0','0','0','100','0'),
('6390559','118','4065.97','-2518.32','1034.88','0','0','0','100','0'),
('6390559','119','4072.76','-2516.64','1036.84','0','0','0','100','0'),
('6390559','120','4079.55','-2514.94','1038.62','0','0','0','100','0'),
('6390559','121','4085.23','-2513.57','1038.84','0','0','0','100','0'),
('6390559','122','4090.58','-2513.45','1037.97','0','0','0','100','0'),
('6390559','123','4097.45','-2514.78','1035.81','0','0','0','100','0'),
('6390559','124','4107.44','-2518','1035','0','0','0','100','0'),
('6390559','125','4112.14','-2520.04','1036.68','0','0','0','100','0'),
('6390559','126','4117.81','-2524.13','1037.96','0','0','0','100','0'),
('6390559','127','4125.47','-2531.93','1039.08','0','0','0','100','0'),
('6390559','128','4130.06','-2537.22','1038.75','0','0','0','100','0'),
('6390559','129','4133.88','-2540.16','1038.83','0','0','0','100','0'),
('6390559','130','4138.88','-2541.26','1038.94','0','0','0','100','0'),
('6390559','131','4147.73','-2541.38','1038.67','0','0','0','100','0'),
('6390559','132','4153.46','-2540.36','1038.5','0','0','0','100','0'),
('6390559','133','4160.2','-2538.5','1037.95','0','0','0','100','0'),
('6390559','134','4165.2','-2536','1037.7','0','0','0','100','0'),
('6390559','135','4170.55','-2531.49','1038.17','0','0','0','100','0'),
('6390559','136','4175.63','-2526.68','1039.24','0','0','0','100','0'),
('6390559','137','4178.16','-2523.34','1039.51','0','0','0','100','0'),
('6390559','138','4181.83','-2517.37','1039.54','0','0','0','100','0'),
('6390559','139','4187.74','-2509.59','1039.08','0','0','0','100','0'),
('6390559','140','4192.19','-2504.18','1038.65','0','0','0','100','0'),
('6390559','141','4195.18','-2498.5','1038.34','0','0','0','100','0'),
('6390559','142','4194.07','-2492.98','1037.88','0','0','0','100','0'),
('6390559','143','4192.52','-2491.93','1037.74','0','0','0','100','0'),
('6390559','144','4185.59','-2490.94','1037.34','0','0','0','100','0'),
('6390559','145','4178.62','-2490.63','1036.42','0','0','0','100','0'),
('6390559','146','4171.62','-2490.9','1036.59','0','0','0','100','0'),
('6390559','147','4169.3','-2491.07','1037.15','0','0','0','100','0'),
('6390559','148','4161.22','-2492.3','1038.29','0','0','0','100','0'),
('6390559','149','4154.75','-2494.94','1038.34','0','0','0','100','0'),
('6390559','150','4148.48','-2498.05','1038.59','0','0','0','100','0'),
('6390559','151','4142.16','-2501.06','1039.47','0','0','0','100','0'),
('6390559','152','4134.99','-2503.85','1039.8','0','0','0','100','0'),
('6390559','153','4129.2','-2504.18','1039.09','0','0','0','100','0'),
('6390559','154','4123.13','-2502.62','1037.56','0','0','0','100','0'),
('6390559','155','4117.65','-2499.1','1035.85','0','0','0','100','0'),
('6390559','156','4115.14','-2496.66','1035.23','0','0','0','100','0'),
('6390559','157','4109.64','-2491.63','1035.75','0','0','0','100','0'),
('6390559','158','4103.31','-2489.69','1036.84','0','0','0','100','0'),
('6390559','159','4096.52','-2491.22','1038.36','0','0','0','100','0'),
('6390559','160','4093.28','-2492.52','1038.9','0','0','0','100','0'),
('6390559','161','4086.83','-2495.24','1039.86','0','0','0','100','0'),
('6390559','162','4079.06','-2498.42','1039.88','0','0','0','100','0'),
('6390559','163','4074.94','-2499.24','1039.45','0','0','0','100','0'),
('6390559','164','4069.82','-2499.04','1038.84','0','0','0','100','0'),
('6390559','165','4063.52','-2497.43','1038.3','0','0','0','100','0'),
('6390559','166','4059.71','-2495.15','1038.28','0','0','0','100','0'),
('6390559','167','4057.25','-2493.01','1038.54','0','0','0','100','0'),
('6390559','168','4052.7','-2488.01','1039.7','0','0','0','100','0'),
('6390559','169','4049.08','-2482.03','1041.18','0','0','0','100','0'),
('6390559','170','4047.34','-2478.99','1041.7','0','0','0','100','0'),
('6390559','171','4043.42','-2474.11','1042.09','0','0','0','100','0'),
('6390559','172','4039.13','-2471.32','1042.02','0','0','0','100','0'),
('6390559','173','4034.11','-2470.37','1041.83','0','0','0','100','0'),
('6390559','174','4029.25','-2470.9','1043.38','0','0','0','100','0'),
('6390559','175','4023.98','-2471.89','1046.2','0','0','0','100','0'),
('6390559','176','4019.58','-2471.57','1047.46','0','0','0','100','0'),
('6390559','177','4015.67','-2468.69','1048.08','0','0','0','100','0'),
('6390559','178','4013.43','-2466.01','1048.72','0','0','0','100','0'),
('6390559','179','4008.95','-2460.63','1050.28','0','0','0','100','0'),
('6390559','180','4004.36','-2455.35','1051.74','0','0','0','100','0'),
('6390559','181','4000.19','-2451.62','1053.51','0','0','0','100','0'),
('6390559','182','3997.24','-2449.75','1054.44','0','0','0','100','0'),
('6390559','183','3990.02','-2446.54','1058.36','0','0','0','100','0'),
('6390559','184','3984.08','-2445.56','1060.49','0','0','0','100','0'),
('6390559','185','3980.58','-2445.68','1060.69','0','0','0','100','0'),
('6390559','186','3972.21','-2445.15','1060.92','0','0','0','100','0'),
('6390559','187','3968.87','-2444.13','1061.38','0','0','0','100','0'),
('6390559','188','3962.59','-2441.06','1062.56','0','0','0','100','0'),
('6390559','189','3956.46','-2437.68','1062.04','0','0','0','100','0'),
('6390559','190','3950.33','-2434.3','1062.46','0','0','0','100','0'),
('6390559','191','3945.85','-2431.8','1063.09','0','0','0','100','0'),
('6390559','192','3940.31','-2427.51','1064.69','0','0','0','100','0'),
('6390559','193','3933.87','-2423.38','1065.02','0','0','0','100','0'),
('6390559','194','3929.09','-2422.5','1064.08','0','0','0','100','0'),
('6390559','195','3921.66','-2424.42','1061.57','0','0','0','100','0'),
('6390559','196','3915.1','-2426.87','1060.73','0','0','0','100','0'),
('6390559','197','3908.71','-2429.71','1060.95','0','0','0','100','0'),
('6390559','198','3902.39','-2432.74','1061.07','0','0','0','100','0'),
('6390559','199','3899.2','-2434.17','1061.1','0','0','0','100','0'),
('6390559','200','3892.67','-2436.69','1060.65','0','0','0','100','0'),
('6390559','201','3885.25','-2438.55','1060.22','0','0','0','100','0'),
('6390559','202','3881.75','-2438.54','1059.89','0','0','0','100','0'),
('6390559','203','3874.81','-2437.64','1058.92','0','0','0','100','0'),
('6390559','204','3869.66','-2436.16','1057.67','0','0','0','100','0'),
('6390559','205','3865.18','-2433.67','1057.27','0','0','0','100','0'),
('6390559','206','3859.64','-2429.4','1059.68','0','0','0','100','0'),
('6390559','207','3853.61','-2425.48','1063.12','0','0','0','100','0'),
('6390559','208','3849.76','-2424.64','1065.43','0','0','0','100','0'),
('6390559','209','3845.79','-2426.8','1067.45','0','0','0','100','0'),
('6390559','210','3844.34','-2430.43','1067.06','0','0','0','100','0'),
('6390559','211','3846.8','-2435.84','1066.5','0','0','0','100','0'),
('6390559','212','3850.13','-2437.97','1063.93','0','0','0','100','0'),
('6390559','213','3855.25','-2442.52','1060.98','0','0','0','100','0'),
('6390559','214','3856.89','-2447.32','1060.09','0','0','0','100','0'),
('6390559','215','3856.84','-2452.69','1059.29','0','0','0','100','0'),
('6390559','216','3854.75','-2457.69','1058.7','0','0','0','100','0'),
('6390559','217','3850.93','-2462.28','1058.49','0','0','0','100','0'),
('6390559','218','3845.45','-2465.78','1058.9','0','0','0','100','0'),
('6390559','219','3842.24','-2467.18','1059.02','0','0','0','100','0'),
('6390559','220','3838.94','-2468.35','1059.27','0','0','0','100','0'),
('6390559','221','3832.51','-2471.1','1058.7','0','0','0','100','0'),
('6390559','222','3826.72','-2475.37','1056.46','0','0','0','100','0'),
('6390559','223','3823.8','-2480.09','1054.56','0','0','0','100','0'),
('6390559','224','3823.34','-2484.64','1053.38','0','0','0','100','0'),
('6390559','225','3825.09','-2489.46','1052.07','0','0','0','100','0'),
('6390559','226','3828.02','-2494.47','1051.27','0','0','0','100','0'),
('6390559','227','3832.58','-2497.66','1050.86','0','0','0','100','0'),
('6390559','228','3837.66','-2497.14','1051.23','0','0','0','100','0'),
('6390559','229','3843.62','-2493.55','1052.25','0','0','0','100','0'),
('6390559','230','3846.39','-2489.01','1053.38','0','0','0','100','0'),
('6390559','231','3847.58','-2485.48','1054.19','0','0','0','100','0'),
('6390559','232','3848.76','-2478.58','1055.87','0','0','0','100','0'),
('6390559','233','3849.34','-2475.13','1056.59','0','0','0','100','0'),
('6390559','234','3851.95','-2465.72','1057.74','0','0','0','100','0'),
('6390559','235','3854.04','-2461.16','1058','0','0','0','100','0'),
('6390559','236','3858.21','-2455.69','1058.49','0','0','0','100','0'),
('6390559','237','3863.72','-2451.43','1060.31','0','0','0','100','0'),
('6390559','238','3868.56','-2451.02','1061.22','0','0','0','100','0'),
('6390559','239','3875.38','-2452.54','1062.45','0','0','0','100','0'),
('6390559','240','3877.68','-2452.87','1062.75','0','0','0','100','0'),
('6390559','241','3884.68','-2452.93','1062.19','0','0','0','100','0'),
('6390559','242','3891.44','-2453.04','1061.21','0','0','0','100','0');

-- Waypoint movement type guid 6392292 (Terrorpene)
UPDATE `creature` SET `MovementType`='2', `spawndist`='0' WHERE `guid`='6392292';

-- Set WP for creature guid 6392292 (Terrorpene)
DELETE FROM `creature_addon` WHERE (`guid`=6392292);
INSERT INTO `creature_addon` (`guid`, `path_id`, `mount`, `bytes1`, `bytes2`, `emote`, `auras`) VALUES 
(6392292, '6392292', 0, 0, 1, 0, '');

-- WP For (Terrorpene)
DELETE FROM waypoint_data WHERE id='6392292';
INSERT INTO `waypoint_data` (`id`, `point`, `position_x`, `position_y`, `position_z`, `delay`, `move_flag`, `action`, `action_chance`, `wpguid`) VALUES 
('6392292','1','4061.91','-3276.16','956.033','0','0','0','100','0'),
('6392292','2','4062.82','-3279.54','955.819','0','0','0','100','0'),
('6392292','3','4064.51','-3286.33','955.315','0','0','0','100','0'),
('6392292','4','4066.7','-3291.11','954.889','0','0','0','100','0'),
('6392292','5','4071.23','-3293.98','954.815','0','0','0','100','0'),
('6392292','6','4074.33','-3295.61','954.795','0','0','0','100','0'),
('6392292','7','4080.5','-3298.91','954.833','0','0','0','100','0'),
('6392292','8','4084.33','-3302.73','954.967','0','0','0','100','0'),
('6392292','9','4085.12','-3307.79','951.961','0','0','0','100','0'),
('6392292','10','4084.21','-3313.27','950.173','0','0','0','100','0'),
('6392292','11','4083.43','-3316.68','950.173','0','0','0','100','0'),
('6392292','12','4082.41','-3323.61','950.173','0','0','0','100','0'),
('6392292','13','4081.68','-3329.37','950.173','0','0','0','100','0'),
('6392292','14','4082.05','-3334.5','950.173','0','0','0','100','0'),
('6392292','15','4081.68','-3337.54','950.173','0','0','0','100','0'),
('6392292','16','4077.57','-3344.48','950.173','0','0','0','100','0'),
('6392292','17','4073.83','-3347.73','950.173','0','0','0','100','0'),
('6392292','18','4068.49','-3352.26','950.173','0','0','0','100','0'),
('6392292','19','4064.14','-3356.23','950.173','0','0','0','100','0'),
('6392292','20','4062.53','-3360.45','950.173','0','0','0','100','0'),
('6392292','21','4066.52','-3364.56','950.173','0','0','0','100','0'),
('6392292','22','4070.17','-3365.71','950.173','0','0','0','100','0'),
('6392292','23','4076.02','-3364.67','950.173','0','0','0','100','0'),
('6392292','24','4079.4','-3362.62','950.173','0','0','0','100','0'),
('6392292','25','4083.59','-3358.58','950.173','0','0','0','100','0'),
('6392292','26','4085.93','-3353.6','950.173','0','0','0','100','0'),
('6392292','27','4085.67','-3347.82','950.173','0','0','0','100','0'),
('6392292','28','4082.52','-3343.05','950.173','0','0','0','100','0'),
('6392292','29','4080.21','-3340.42','950.173','0','0','0','100','0'),
('6392292','30','4075.61','-3335.15','950.173','0','0','0','100','0'),
('6392292','31','4071.16','-3329.74','950.173','0','0','0','100','0'),
('6392292','32','4068.98','-3327','950.173','0','0','0','100','0'),
('6392292','33','4064.62','-3321.53','950.173','0','0','0','100','0'),
('6392292','34','4060.34','-3316.36','950.173','0','0','0','100','0'),
('6392292','35','4055.14','-3311.67','950.173','0','0','0','100','0'),
('6392292','36','4052.47','-3309.41','950.173','0','0','0','100','0'),
('6392292','37','4047.57','-3304.42','950.173','0','0','0','100','0'),
('6392292','38','4043.42','-3298.79','950.173','0','0','0','100','0'),
('6392292','39','4041.51','-3295.86','950.173','0','0','0','100','0'),
('6392292','40','4037.46','-3290.15','950.173','0','0','0','100','0'),
('6392292','41','4033.34','-3284.49','950.173','0','0','0','100','0'),
('6392292','42','4031.29','-3281.66','950.173','0','0','0','100','0'),
('6392292','43','4027.17','-3276','950.173','0','0','0','100','0'),
('6392292','44','4023.06','-3270.33','950.173','0','0','0','100','0'),
('6392292','45','4019.02','-3264.62','950.173','0','0','0','100','0'),
('6392292','46','4016.83','-3259.87','950.173','0','0','0','100','0'),
('6392292','47','4015.11','-3253.09','950.173','0','0','0','100','0'),
('6392292','48','4014.35','-3247.8','950.173','0','0','0','100','0'),
('6392292','49','4014.52','-3244.3','950.117','0','0','0','100','0'),
('6392292','50','4014.95','-3237.31','950.404','0','0','0','100','0'),
('6392292','51','4015.81','-3231.93','950.185','0','0','0','100','0'),
('6392292','52','4019.23','-3224.75','950.173','0','0','0','100','0'),
('6392292','53','4022.13','-3220.15','950.173','0','0','0','100','0'),
('6392292','54','4027.96','-3214.48','950.173','0','0','0','100','0'),
('6392292','55','4032.07','-3213.46','950.173','0','0','0','100','0'),
('6392292','56','4036.19','-3213.45','950.173','0','0','0','100','0'),
('6392292','57','4042.84','-3215.64','950.173','0','0','0','100','0'),
('6392292','58','4049.16','-3218.65','950.173','0','0','0','100','0'),
('6392292','59','4052.29','-3220.2','950.173','0','0','0','100','0'),
('6392292','60','4058.6','-3223.23','950.173','0','0','0','100','0'),
('6392292','61','4064.28','-3224.99','950.173','0','0','0','100','0'),
('6392292','62','4070.69','-3223.51','950.173','0','0','0','100','0'),
('6392292','63','4076.43','-3219.51','950.173','0','0','0','100','0'),
('6392292','64','4079.3','-3217.5','950.173','0','0','0','100','0'),
('6392292','65','4084.87','-3213.65','950.173','0','0','0','100','0'),
('6392292','66','4090.37','-3212.77','949.985','0','0','0','100','0'),
('6392292','67','4092.15','-3213.86','949.732','0','0','0','100','0'),
('6392292','68','4098.16','-3217.44','950.174','0','0','0','100','0'),
('6392292','69','4102.68','-3219.5','950.173','0','0','0','100','0'),
('6392292','70','4106.3','-3219.64','950.173','0','0','0','100','0'),
('6392292','71','4110.61','-3217.31','950.173','0','0','0','100','0'),
('6392292','72','4112.25','-3215.2','950.173','0','0','0','100','0'),
('6392292','73','4116.13','-3209.37','950.263','0','0','0','100','0'),
('6392292','74','4118.06','-3206.45','950.318','0','0','0','100','0'),
('6392292','75','4121.98','-3200.66','950.318','0','0','0','100','0'),
('6392292','76','4126.33','-3195.17','950.318','0','0','0','100','0'),
('6392292','77','4128.55','-3192.46','950.318','0','0','0','100','0'),
('6392292','78','4132.53','-3186.71','950.318','0','0','0','100','0'),
('6392292','79','4134.5','-3183.82','950.318','0','0','0','100','0'),
('6392292','80','4138.39','-3179','950.318','0','0','0','100','0'),
('6392292','81','4143.76','-3174.51','950.318','0','0','0','100','0'),
('6392292','82','4146.59','-3172.45','950.318','0','0','0','100','0'),
('6392292','83','4152.5','-3168.7','950.321','0','0','0','100','0'),
('6392292','84','4158.63','-3165.33','950.323','0','0','0','100','0'),
('6392292','85','4161.15','-3164.18','950.289','0','0','0','100','0'),
('6392292','86','4168.72','-3161.23','950.648','0','0','0','100','0'),
('6392292','87','4170.27','-3160.11','950.509','0','0','0','100','0'),
('6392292','88','4174.98','-3154.93','950.315','0','0','0','100','0'),
('6392292','89','4177.5','-3149.33','950.232','0','0','0','100','0'),
('6392292','90','4176.17','-3146.23','950.232','0','0','0','100','0'),
('6392292','91','4171.97','-3141.78','950.028','0','0','0','100','0'),
('6392292','92','4167.82','-3141.09','949.95','0','0','0','100','0'),
('6392292','93','4162.19','-3141.76','950.71','0','0','0','100','0'),
('6392292','94','4157.77','-3144.58','950.341','0','0','0','100','0'),
('6392292','95','4155.26','-3147.03','950.341','0','0','0','100','0'),
('6392292','96','4150.24','-3151.91','950.341','0','0','0','100','0'),
('6392292','97','4145.16','-3156.72','950.32','0','0','0','100','0'),
('6392292','98','4142.62','-3159.13','950.318','0','0','0','100','0'),
('6392292','99','4137.46','-3163.86','950.318','0','0','0','100','0'),
('6392292','100','4132.1','-3168.35','950.318','0','0','0','100','0'),
('6392292','101','4129.77','-3170.1','950.318','0','0','0','100','0'),
('6392292','102','4123.05','-3173.32','950.318','0','0','0','100','0'),
('6392292','103','4118.71','-3174.01','950.318','0','0','0','100','0'),
('6392292','104','4111.71','-3174.08','950.318','0','0','0','100','0'),
('6392292','105','4108.21','-3173.98','950.318','0','0','0','100','0'),
('6392292','106','4101.22','-3173.82','950.318','0','0','0','100','0'),
('6392292','107','4094.22','-3173.87','950.318','0','0','0','100','0'),
('6392292','108','4090.73','-3173.55','950.318','0','0','0','100','0'),
('6392292','109','4083.77','-3172.86','950.318','0','0','0','100','0'),
('6392292','110','4076.79','-3172.32','950.295','0','0','0','100','0'),
('6392292','111','4073.29','-3172.32','950.183','0','0','0','100','0'),
('6392292','112','4066.32','-3172.87','950.174','0','0','0','100','0'),
('6392292','113','4060.77','-3174.1','950.174','0','0','0','100','0'),
('6392292','114','4054.27','-3176.7','950.174','0','0','0','100','0'),
('6392292','115','4051.12','-3178.21','950.174','0','0','0','100','0'),
('6392292','116','4045.29','-3182.08','950.174','0','0','0','100','0'),
('6392292','117','4039.48','-3186','950.174','0','0','0','100','0'),
('6392292','118','4036.56','-3187.92','950.174','0','0','0','100','0'),
('6392292','119','4030.71','-3191.77','950.174','0','0','0','100','0'),
('6392292','120','4027.77','-3193.67','950.174','0','0','0','100','0'),
('6392292','121','4021.46','-3196.67','950.174','0','0','0','100','0'),
('6392292','122','4015.38','-3198.62','950.174','0','0','0','100','0'),
('6392292','123','4010.06','-3199.58','950.174','0','0','0','100','0'),
('6392292','124','4006.57','-3199.68','950.174','0','0','0','100','0'),
('6392292','125','3999.57','-3199.55','950.174','0','0','0','100','0'),
('6392292','126','3996.08','-3199.22','950.174','0','0','0','100','0'),
('6392292','127','3989.12','-3198.53','950.174','0','0','0','100','0'),
('6392292','128','3982.19','-3197.53','950.174','0','0','0','100','0'),
('6392292','129','3978.77','-3196.78','950.174','0','0','0','100','0'),
('6392292','130','3971.92','-3195.34','950.174','0','0','0','100','0'),
('6392292','131','3968.44','-3194.95','949.826','0','0','0','100','0'),
('6392292','132','3961.96','-3194.49','950.173','0','0','0','100','0'),
('6392292','133','3958.47','-3194.18','950.173','0','0','0','100','0'),
('6392292','134','3954.99','-3193.85','950.173','0','0','0','100','0'),
('6392292','135','3948.04','-3192.97','950.173','0','0','0','100','0'),
('6392292','136','3944.66','-3192.1','950.173','0','0','0','100','0'),
('6392292','137','3938.04','-3189.84','950.173','0','0','0','100','0'),
('6392292','138','3931.98','-3186.36','950.173','0','0','0','100','0'),
('6392292','139','3929.09','-3184.38','950.158','0','0','0','100','0'),
('6392292','140','3922.5','-3178.91','950.173','0','0','0','100','0'),
('6392292','141','3920.34','-3176.15','950.173','0','0','0','100','0'),
('6392292','142','3916.42','-3170.35','950.173','0','0','0','100','0'),
('6392292','143','3912.52','-3164.54','950.173','0','0','0','100','0'),
('6392292','144','3910.77','-3161.51','950.353','0','0','0','100','0'),
('6392292','145','3907.28','-3155.44','950.174','0','0','0','100','0'),
('6392292','146','3903.67','-3150.73','950.18','0','0','0','100','0'),
('6392292','147','3901.23','-3148.15','950.191','0','0','0','100','0'),
('6392292','148','3895.1','-3143.91','950.174','0','0','0','100','0'),
('6392292','149','3892.33','-3142.93','950.174','0','0','0','100','0'),
('6392292','150','3886.83','-3141.64','950.174','0','0','0','100','0'),
('6392292','151','3879.67','-3142.07','950.174','0','0','0','100','0'),
('6392292','152','3876.13','-3144.3','950.174','0','0','0','100','0'),
('6392292','153','3873.51','-3146.63','950.174','0','0','0','100','0'),
('6392292','154','3868.3','-3151.3','950.174','0','0','0','100','0'),
('6392292','155','3862.41','-3156.8','950.242','0','0','0','100','0'),
('6392292','156','3858.77','-3162.29','950.174','0','0','0','100','0'),
('6392292','157','3856.87','-3167.79','950.174','0','0','0','100','0'),
('6392292','158','3856.46','-3173.52','950.174','0','0','0','100','0'),
('6392292','159','3857.19','-3179.73','950.174','0','0','0','100','0'),
('6392292','160','3860.76','-3183.36','950.174','0','0','0','100','0'),
('6392292','161','3865.56','-3185.55','950.174','0','0','0','100','0'),
('6392292','162','3870.77','-3186.6','950.174','0','0','0','100','0'),
('6392292','163','3874.27','-3186.82','951.089','0','0','0','100','0'),
('6392292','164','3881.25','-3187.48','950.493','0','0','0','100','0'),
('6392292','165','3887.02','-3190.01','950.174','0','0','0','100','0'),
('6392292','166','3889.91','-3191.98','950.174','0','0','0','100','0'),
('6392292','167','3894.99','-3196.27','950.174','0','0','0','100','0'),
('6392292','168','3900.02','-3201.14','950.174','0','0','0','100','0'),
('6392292','169','3905.08','-3205.97','950.174','0','0','0','100','0'),
('6392292','170','3908.65','-3210.32','950.174','0','0','0','100','0'),
('6392292','171','3910.93','-3213.8','950.174','0','0','0','100','0'),
('6392292','172','3913.75','-3220.21','950.174','0','0','0','100','0'),
('6392292','173','3916.53','-3226.63','950.174','0','0','0','100','0'),
('6392292','174','3919.1','-3232.35','950.174','0','0','0','100','0'),
('6392292','175','3922.84','-3238.27','950.174','0','0','0','100','0'),
('6392292','176','3924.92','-3241.08','950.174','0','0','0','100','0'),
('6392292','177','3929.12','-3246.68','950.175','0','0','0','100','0'),
('6392292','178','3933.26','-3251.79','950.173','0','0','0','100','0'),
('6392292','179','3936.26','-3254.59','950.173','0','0','0','100','0'),
('6392292','180','3941.92','-3257.59','950.173','0','0','0','100','0'),
('6392292','181','3944.6','-3258.22','950.173','0','0','0','100','0'),
('6392292','182','3950.01','-3257.38','950.173','0','0','0','100','0'),
('6392292','183','3955.43','-3254.37','950.173','0','0','0','100','0'),
('6392292','184','3957.89','-3252.13','950.173','0','0','0','100','0'),
('6392292','185','3961.65','-3247.81','950.173','0','0','0','100','0'),
('6392292','186','3963.42','-3244.79','950.173','0','0','0','100','0'),
('6392292','187','3966.43','-3240.24','950.173','0','0','0','100','0'),
('6392292','188','3971.16','-3236.87','950.173','0','0','0','100','0'),
('6392292','189','3976.75','-3234.84','950.173','0','0','0','100','0'),
('6392292','190','3982.36','-3234.16','950.173','0','0','0','100','0'),
('6392292','191','3985.82','-3234.68','950.173','0','0','0','100','0'),
('6392292','192','3991.27','-3236','950.168','0','0','0','100','0'),
('6392292','193','3995.83','-3238.02','950.172','0','0','0','100','0'),
('6392292','194','4000.58','-3241.46','950.172','0','0','0','100','0'),
('6392292','195','4005.03','-3246.43','950.172','0','0','0','100','0'),
('6392292','196','4009.05','-3252.15','950.172','0','0','0','100','0'),
('6392292','197','4010.87','-3255.14','950.172','0','0','0','100','0'),
('6392292','198','4014.36','-3261.21','950.172','0','0','0','100','0'),
('6392292','199','4017.9','-3267.25','950.172','0','0','0','100','0'),
('6392292','200','4021.32','-3271.76','950.172','0','0','0','100','0'),
('6392292','201','4025.06','-3274.62','950.172','0','0','0','100','0'),
('6392292','202','4028.89','-3275.35','950.172','0','0','0','100','0'),
('6392292','203','4033.53','-3273.3','950.172','0','0','0','100','0'),
('6392292','204','4039.69','-3269.98','950.172','0','0','0','100','0'),
('6392292','205','4045.86','-3266.68','950.172','0','0','0','100','0'),
('6392292','206','4052.19','-3264.54','950.172','0','0','0','100','0'),
('6392292','207','4056.75','-3265.72','950.172','0','0','0','100','0'),
('6392292','208','4059.38','-3269.16','952.664','0','0','0','100','0');

-- ----
-- SAI
-- ----
-- SAI: Karoma <The Wolf Spirit>
SET @ENTRY := 50138;
SET @SOURCETYPE := 0;

DELETE FROM `smart_scripts` WHERE `entryorguid`=@ENTRY AND `source_type`=@SOURCETYPE;
UPDATE creature_template SET AIName="SmartAI" WHERE entry=@ENTRY LIMIT 1;
INSERT INTO `smart_scripts` (`entryorguid`,`source_type`,`id`,`link`,`event_type`,`event_phase_mask`,`event_chance`,`event_flags`,`event_param1`,`event_param2`,`event_param3`,`event_param4`,`action_type`,`action_param1`,`action_param2`,`action_param3`,`action_param4`,`action_param5`,`action_param6`,`target_type`,`target_param1`,`target_param2`,`target_param3`,`target_x`,`target_y`,`target_z`,`target_o`,`comment`) VALUES 
(@ENTRY,@SOURCETYPE,0,0,9,0,100,0,5,45,1000,2500,11,75002,0,0,0,0,0,2,0,0,0,0.0,0.0,0.0,0.0,"On player range - Cast Leaping Rush");

-- SAI: Sambas
SET @ENTRY := 50159 ;
SET @SOURCETYPE := 0;

DELETE FROM `smart_scripts` WHERE `entryorguid`=@ENTRY AND `source_type`=@SOURCETYPE;
UPDATE creature_template SET AIName="SmartAI" WHERE entry=@ENTRY LIMIT 1;
INSERT INTO `smart_scripts` (`entryorguid`,`source_type`,`id`,`link`,`event_type`,`event_phase_mask`,`event_chance`,`event_flags`,`event_param1`,`event_param2`,`event_param3`,`event_param4`,`action_type`,`action_param1`,`action_param2`,`action_param3`,`action_param4`,`action_param5`,`action_param6`,`target_type`,`target_param1`,`target_param2`,`target_param3`,`target_x`,`target_y`,`target_z`,`target_o`,`comment`) VALUES 
(@ENTRY,@SOURCETYPE,0,0,9,0,100,0,5,45,1000,2500,11,75002,0,0,0,0,0,2,0,0,0,0.0,0.0,0.0,0.0,"On player range - Cast Leaping Rush");

-- SAI; Jadefang
SET @ENTRY := 49822;
SET @SOURCETYPE := 0;

DELETE FROM `smart_scripts` WHERE `entryorguid`=@ENTRY AND `source_type`=@SOURCETYPE;
UPDATE creature_template SET AIName="SmartAI" WHERE entry=@ENTRY LIMIT 1;
INSERT INTO `smart_scripts` (`entryorguid`,`source_type`,`id`,`link`,`event_type`,`event_phase_mask`,`event_chance`,`event_flags`,`event_param1`,`event_param2`,`event_param3`,`event_param4`,`action_type`,`action_param1`,`action_param2`,`action_param3`,`action_param4`,`action_param5`,`action_param6`,`target_type`,`target_param1`,`target_param2`,`target_param3`,`target_x`,`target_y`,`target_z`,`target_o`,`comment`) VALUES 
(@ENTRY,@SOURCETYPE,0,0,9,0,100,0,5,45,3500,4600,11,96201,0,0,0,0,0,2,0,0,0,0.0,0.0,0.0,0.0,"On player are in range cast - Web Wrap"),
(@ENTRY,@SOURCETYPE,1,0,0,0,100,0,2500,3500,9500,10000,11,86570,0,0,0,0,0,2,0,0,0,0.0,0.0,0.0,0.0,"On IC cast: Shale Flurry"),
(@ENTRY,@SOURCETYPE,2,0,0,0,100,0,5500,5600,11000,12500,11,83381,0,0,0,0,0,2,0,0,0,0.0,0.0,0.0,0.0,"On IC cast: kill");

-- SAI: Golgarok
SET @ENTRY := 50059;
SET @SOURCETYPE := 0;

DELETE FROM `smart_scripts` WHERE `entryorguid`=@ENTRY AND `source_type`=@SOURCETYPE;
UPDATE creature_template SET AIName="SmartAI" WHERE entry=@ENTRY LIMIT 1;
INSERT INTO `smart_scripts` (`entryorguid`,`source_type`,`id`,`link`,`event_type`,`event_phase_mask`,`event_chance`,`event_flags`,`event_param1`,`event_param2`,`event_param3`,`event_param4`,`action_type`,`action_param1`,`action_param2`,`action_param3`,`action_param4`,`action_param5`,`action_param6`,`target_type`,`target_param1`,`target_param2`,`target_param3`,`target_x`,`target_y`,`target_z`,`target_o`,`comment`) VALUES 
(@ENTRY,@SOURCETYPE,0,0,9,0,100,0,5,10,3000,3500,11,86699,0,0,0,0,0,2,0,0,0,0.0,0.0,0.0,0.0,"On player on range cast: Sockwave"),
(@ENTRY,@SOURCETYPE,1,0,2,0,100,0,25,25,35000,48000,11,80117,0,0,0,0,0,5,0,0,0,0.0,0.0,0.0,0.0,"On 25% HP: Earth Spike"),
(@ENTRY,@SOURCETYPE,2,0,67,0,100,0,10000,11000,0,0,11,80182,0,0,0,0,0,2,0,0,0,0.0,0.0,0.0,0.0,"On behing target cast: Uppercut"),
(@ENTRY,@SOURCETYPE,3,0,0,0,100,0,25000,28000,60000,70000,11,86861,0,0,0,0,0,1,0,0,0,0.0,0.0,0.0,0.0,"On IC cast: Earthquake");

-- SAI: Terborus
SET @ENTRY := 50060;
SET @SOURCETYPE := 0;

DELETE FROM `smart_scripts` WHERE `entryorguid`=@ENTRY AND `source_type`=@SOURCETYPE;
UPDATE creature_template SET AIName="SmartAI" WHERE entry=@ENTRY LIMIT 1;
INSERT INTO `smart_scripts` (`entryorguid`,`source_type`,`id`,`link`,`event_type`,`event_phase_mask`,`event_chance`,`event_flags`,`event_param1`,`event_param2`,`event_param3`,`event_param4`,`action_type`,`action_param1`,`action_param2`,`action_param3`,`action_param4`,`action_param5`,`action_param6`,`target_type`,`target_param1`,`target_param2`,`target_param3`,`target_x`,`target_y`,`target_z`,`target_o`,`comment`) VALUES 
(@ENTRY,@SOURCETYPE,0,0,0,0,100,0,1000,60000,65000,70000,11,79927,0,0,0,0,0,1,0,0,0,0.0,0.0,0.0,0.0,"On IC cast: Earth Shield"),
(@ENTRY,@SOURCETYPE,1,0,0,0,100,0,5000,6000,45000,50000,11,32738,0,0,0,0,0,2,0,0,0,0.0,0.0,0.0,0.0,"On IC cast: Bore");

-- SAI: Mobus
SET @ENTRY := 50009;
SET @SOURCETYPE := 0;

DELETE FROM `smart_scripts` WHERE `entryorguid`=@ENTRY AND `source_type`=@SOURCETYPE;
UPDATE creature_template SET AIName="SmartAI" WHERE entry=@ENTRY LIMIT 1;
INSERT INTO `smart_scripts` (`entryorguid`,`source_type`,`id`,`link`,`event_type`,`event_phase_mask`,`event_chance`,`event_flags`,`event_param1`,`event_param2`,`event_param3`,`event_param4`,`action_type`,`action_param1`,`action_param2`,`action_param3`,`action_param4`,`action_param5`,`action_param6`,`target_type`,`target_param1`,`target_param2`,`target_param3`,`target_x`,`target_y`,`target_z`,`target_o`,`comment`) VALUES 
(@ENTRY,@SOURCETYPE,0,0,0,0,100,0,1300,2300,60000,70000,11,93492,0,0,0,0,0,2,0,0,0,0.0,0.0,0.0,0.0,"On IC cast: Ram"),
(@ENTRY,@SOURCETYPE,1,0,0,0,100,0,5500,6000,120000,130000,11,93491,0,0,0,0,0,2,0,0,0,0.0,0.0,0.0,0.0,"On IC cast: Algae"),
(@ENTRY,@SOURCETYPE,2,0,2,0,100,0,40,40,24000,25400,11,8599,0,0,0,0,0,1,0,0,0,0.0,0.0,0.0,0.0,"On 40% HP cast: Enrage"),
(@ENTRY,@SOURCETYPE,3,0,0,0,100,0,2500,3000,60000,120000,11,93494,0,0,0,0,0,2,0,0,0,0.0,0.0,0.0,0.0,"On IC cast: Wake");

-- SAI: Ghostcrawler
SET @ENTRY := 50051;
SET @SOURCETYPE := 0;

DELETE FROM `smart_scripts` WHERE `entryorguid`=@ENTRY AND `source_type`=@SOURCETYPE;
UPDATE creature_template SET AIName="SmartAI" WHERE entry=@ENTRY LIMIT 1;
INSERT INTO `smart_scripts` (`entryorguid`,`source_type`,`id`,`link`,`event_type`,`event_phase_mask`,`event_chance`,`event_flags`,`event_param1`,`event_param2`,`event_param3`,`event_param4`,`action_type`,`action_param1`,`action_param2`,`action_param3`,`action_param4`,`action_param5`,`action_param6`,`target_type`,`target_param1`,`target_param2`,`target_param3`,`target_x`,`target_y`,`target_z`,`target_o`,`comment`) VALUES 
(@ENTRY,@SOURCETYPE,0,0,4,0,100,0,0,0,0,0,11,53148,0,0,0,0,0,2,0,0,0,0.0,0.0,0.0,0.0,"On aggro: Charge"),
(@ENTRY,@SOURCETYPE,1,0,0,0,100,0,1300,1500,10000,15000,11,67982,4,0,0,0,0,2,0,0,0,0.0,0.0,0.0,0.0,"On IC cast: Claw"),
(@ENTRY,@SOURCETYPE,2,0,2,0,100,0,50,50,0,0,11,93082,0,0,0,0,0,2,0,0,0,0.0,0.0,0.0,0.0,"On 50% HP cast: Supernerf");

-- SAI: Burgy Blackheart
SET @ENTRY := 50052;
SET @SOURCETYPE := 0;

DELETE FROM `smart_scripts` WHERE `entryorguid`=@ENTRY AND `source_type`=@SOURCETYPE;
UPDATE creature_template SET AIName="SmartAI" WHERE entry=@ENTRY LIMIT 1;
INSERT INTO `smart_scripts` (`entryorguid`,`source_type`,`id`,`link`,`event_type`,`event_phase_mask`,`event_chance`,`event_flags`,`event_param1`,`event_param2`,`event_param3`,`event_param4`,`action_type`,`action_param1`,`action_param2`,`action_param3`,`action_param4`,`action_param5`,`action_param6`,`target_type`,`target_param1`,`target_param2`,`target_param3`,`target_x`,`target_y`,`target_z`,`target_o`,`comment`) VALUES 
(@ENTRY,@SOURCETYPE,0,0,9,0,100,0,1,30,1200,1300,11,75380,0,0,0,0,0,0,0,0,0,0.0,0.0,0.0,0.0,"On Range cast: Parrrley!"),
(@ENTRY,@SOURCETYPE,1,0,0,0,100,0,1600,1700,12000,15000,11,75361,0,0,0,0,0,2,0,0,0,0.0,0.0,0.0,0.0,"On IC Cast: Swashbuckling Slice"),
(@ENTRY,@SOURCETYPE,2,0,0,0,100,0,1200,1300,28000,30000,11,79414,0,0,0,0,0,2,0,0,0,0.0,0.0,0.0,0.0,"On IC Cast: Brittle Touch");

-- SAI: Poseidus
SET @ENTRY := 50005;
SET @SOURCETYPE := 0;

DELETE FROM `smart_scripts` WHERE `entryorguid`=@ENTRY AND `source_type`=@SOURCETYPE;
UPDATE creature_template SET AIName="SmartAI" WHERE entry=@ENTRY LIMIT 1;
INSERT INTO `smart_scripts` (`entryorguid`,`source_type`,`id`,`link`,`event_type`,`event_phase_mask`,`event_chance`,`event_flags`,`event_param1`,`event_param2`,`event_param3`,`event_param4`,`action_type`,`action_param1`,`action_param2`,`action_param3`,`action_param4`,`action_param5`,`action_param6`,`target_type`,`target_param1`,`target_param2`,`target_param3`,`target_x`,`target_y`,`target_z`,`target_o`,`comment`) VALUES 
(@ENTRY,@SOURCETYPE,0,0,9,0,100,0,8,25,3500,4000,11,93497,0,0,0,0,0,2,0,0,0,0.0,0.0,0.0,0.0,"On Range Cast: Bubble Charge"),
(@ENTRY,@SOURCETYPE,1,0,0,0,100,0,1300,1500,30000,35000,11,93500,0,0,0,0,0,2,0,0,0,0.0,0.0,0.0,0.0,"On IC Cast: Bubblebeam"),
(@ENTRY,@SOURCETYPE,2,0,2,0,100,0,10,50,25000,30000,11,93502,0,0,0,0,0,1,0,0,0,0.0,0.0,0.0,0.0,"On % HP Cast: Seascape");

-- SAI: Armagedillo
SET @ENTRY := 50065;
SET @SOURCETYPE := 0;

DELETE FROM `smart_scripts` WHERE `entryorguid`=@ENTRY AND `source_type`=@SOURCETYPE;
UPDATE creature_template SET AIName="SmartAI" WHERE entry=@ENTRY LIMIT 1;
INSERT INTO `smart_scripts` (`entryorguid`,`source_type`,`id`,`link`,`event_type`,`event_phase_mask`,`event_chance`,`event_flags`,`event_param1`,`event_param2`,`event_param3`,`event_param4`,`action_type`,`action_param1`,`action_param2`,`action_param3`,`action_param4`,`action_param5`,`action_param6`,`target_type`,`target_param1`,`target_param2`,`target_param3`,`target_x`,`target_y`,`target_z`,`target_o`,`comment`) VALUES 
(@ENTRY,@SOURCETYPE,0,0,9,0,100,0,5,30,1200,1300,11,93598,0,0,0,0,0,2,0,0,0,0.0,0.0,0.0,0.0,"On Range Cast: Spiked Charge"),
(@ENTRY,@SOURCETYPE,1,0,0,0,100,0,1500,1600,40000,45000,11,93592,0,0,0,0,0,2,0,0,0,0.0,0.0,0.0,0.0,"On Ic Cast: Diligeddon"),
(@ENTRY,@SOURCETYPE,2,0,0,0,100,0,1600,1700,16000,20000,11,93590,0,0,0,0,0,2,0,0,0,0.0,0.0,0.0,0.0,"On Ic Cast: Flame Breath");

-- SAI: Xariona
SET @ENTRY := 50061;
SET @SOURCETYPE := 0;

DELETE FROM `smart_scripts` WHERE `entryorguid`=@ENTRY AND `source_type`=@SOURCETYPE;
UPDATE creature_template SET AIName="SmartAI" WHERE entry=@ENTRY LIMIT 1;
INSERT INTO `smart_scripts` (`entryorguid`,`source_type`,`id`,`link`,`event_type`,`event_phase_mask`,`event_chance`,`event_flags`,`event_param1`,`event_param2`,`event_param3`,`event_param4`,`action_type`,`action_param1`,`action_param2`,`action_param3`,`action_param4`,`action_param5`,`action_param6`,`target_type`,`target_param1`,`target_param2`,`target_param3`,`target_x`,`target_y`,`target_z`,`target_o`,`comment`) VALUES 
(@ENTRY,@SOURCETYPE,0,0,0,0,100,0,1500,1600,25000,30000,11,93544,0,0,0,0,0,2,0,0,0,0.0,0.0,0.0,0.0,"On IC Cast: Twilight Breath"),
(@ENTRY,@SOURCETYPE,1,0,0,0,100,0,3500,4000,55000,60000,11,93546,0,0,0,0,0,5,0,0,0,0.0,0.0,0.0,0.0,"On IC Cast: Twilight Fissure"),
(@ENTRY,@SOURCETYPE,2,0,2,0,100,0,50,50,25000,30000,11,93553,0,0,0,0,0,1,0,0,0,0.0,0.0,0.0,0.0,"On 50% HP Cast: Twilight Zone"),
(@ENTRY,@SOURCETYPE,3,0,0,0,100,0,4000,4500,60000,70000,11,93556,0,0,0,0,0,1,0,0,0,0.0,0.0,0.0,0.0,"On Ic Cast: Unleashed Magic");