-- NPC
-- ADDONS
-- Quest
-- WayPoints
-- EQUIPMENTS
-- SAI

-- -----
-- NPC
-- -----
-- Lieutenant Walden miss correct phases on 1 and 2
DELETE FROM `creature` WHERE `guid` IN (4833,6716,6565507,6721,6929,7279,7247,7282,7283,7285,7287,7288,7289,15426566,7291,
7295,7296,7297,7319,7323,7324,7325,7369,7393,7373,7372,7370,6598271,7394,7395,7396,7399,7443,7450,7478);
-- Ghostcrawler only is one spawn rest is a WP so deleted all spawn and do correct spawn loc and WP
DELETE FROM `creature` WHERE `id` IN (50051,50005,12759);
INSERT INTO `creature` (`guid`,`id`,`map`,`spawnMask`,`phaseMask`,`modelid`,`equipment_id`,`position_x`,`position_y`,`position_z`,`orientation`,`spawntimesecs`,`spawndist`,`currentwaypoint`,`curhealth`,`curmana`,`DeathState`,`MovementType`,`npcflag`,`unit_flags`,`dynamicflags`) VALUES
(4833, 34863, 638, 1, 1, 0, 0, -1405.52, 1445.8, 35.5562, 2.99158, 600, 0, 0, 42, 0, 0, 0, 0, 0, 0),
(6716, 34863, 638, 1, 2, 0, 0, -1405.52, 1445.8, 35.5562, 2.99158, 600, 0, 0, 42, 0, 0, 0, 0, 0, 0),
(6565507, 50086, 0, 1, 1, 0, 0, -5036.84, -5119.37, 200.979, 0.667424, 600, 0, 0, 63, 0, 0, 0, 0, 0, 0), -- Correct loc for Overlord Sunderfury
(6721, 50138, 0, 1, 2, 0, 0, -3994.35, -5385.46, 38.1009, 1.45912, 300, 0, 0, 116235, 0, 0, 2, 0, 0, 0), -- Karona loc 2
(6929, 50138, 0, 1, 2, 0, 0, -4153.15, -5887.75, 16.5117, 5.26831, 300, 0, 0, 116235, 0, 0, 2, 0, 0, 0), -- Karona loc 3
(7279, 50138, 0, 1, 2, 0, 0, -4810.03, -5185.29, 144.018, 0.00222874, 300, 0, 0, 116235, 0, 0, 2, 0, 0, 0), -- Karona loc 4
(7247, 50138, 0, 1, 2, 0, 0, -4327.02, -5246.22, 62.6014, 3.12419, 300, 0, 0, 116235, 0, 0, 2, 0, 0, 0), -- Karona loc 5
(7282, 50053, 1, 1, 2, 0, 0, 5056.2, -3406.46, 1615.17, 4.94876, 30000, 0, 0, 26066, 0, 0, 0, 0, 0, 0), -- Thartuk the Exile
(7283, 50159, 0, 1, 2, 0, 0, -3507.24, -4515.68, 153.017, 4.74318, 300, 0, 0, 116235, 0, 0, 0, 0, 0, 0), -- Sambas loc 3
(7285, 50159, 0, 1, 2, 0, 0, -3229.37, -4723.61, 125.277, 4.48714, 300, 0, 0, 116235, 0, 0, 0, 0, 0, 0), -- Sambas loc 4
(7287, 50159, 0, 1, 2, 0, 0, -2883.58, -4998.72, 159.382, 3.26349, 300, 0, 0, 116235, 0, 0, 0, 0, 0, 0), -- Sambas loc 5
(7288, 50059, 646, 1, 2, 0, 0, -213.854, 836.844, 216.175, 6.02346, 300, 0, 0, 134151, 0, 0, 0, 0, 0, 0), -- Golgarok loc 2
(7289, 50059, 646, 1, 2, 0, 0, 219.497, 1213.04, 248.366, 2.24883, 300, 0, 0, 134151, 0, 0, 0, 0, 0, 0), -- Golgarok loc 3
(7291, 49913, 0, 1, 2, 0, 0, -5457.67, 3446.13, -124.069, 1.04882, 300, 0, 0, 26066, 0, 0, 0, 0, 0, 0), -- Lady La-La <Siren of the Deeps> loc 1
(7295, 49913, 0, 1, 1, 0, 0, -5441.84, 3370.32, -98.8213, 0.166815, 9500, 0, 0, 24790, 0, 0, 0, 0, 0, 0), -- Lady La-La <Siren of the Deeps> loc 2
(7296, 49913, 0, 1, 2, 0, 0, -5483.97, 3448.19, -42.6658, 3.42229, 300, 0, 0, 26066, 0, 0, 0, 0, 0, 0), -- Lady La-La <Siren of the Deeps> loc 3
(7297, 49913, 0, 1, 2, 0, 0, -5518.88, 3497.62, -82.5793, 5.77064, 300, 0, 0, 26066, 0, 0, 0, 0, 0, 0), -- Lady La-La <Siren of the Deeps> loc 4
(7319, 49913, 0, 1, 2, 0, 0, -5498.78, 3510.79, -128.194, 1.04568, 300, 0, 0, 26066, 0, 0, 0, 0, 0, 0), -- Lady La-La <Siren of the Deeps> loc 5
(7323, 50051, 0, 1, 1, 0, 0, -6189.54, 7272.39, -849.646, 5.91844, 30000, 0, 0, 0, 0, 0, 0, 0, 0, 0), -- Ghostcrawler Correct loc
(7324, 50050, 0, 1, 2, 0, 0, -5937.15, 6345.46, -1011.56, 1.97179, 300, 0, 0, 0, 0, 0, 0, 0, 0, 0), --  Shok'sharak loc 1
(7325, 50050, 0, 1, 2, 0, 0, -5773.88, 6258.27, -911.415, 5.14872, 300, 0, 0, 0, 0, 0, 0, 0, 0, 0), --  Shok'sharak loc 2
(7369, 50050, 0, 1, 2, 0, 0, -5803.5, 6467.49, -777.06, 3.48761, 300, 0, 0, 0, 0, 0, 0, 0, 0, 0),  -- Shok'sharak loc 3
(7393, 50005, 0, 1, 2, 0, 0, -6841.04, 4628.94, -572.828, 5.68409, 300, 0, 0, 56700, 0, 0, 0, 0, 0, 0), -- Poseidus loc 1
(7373, 50005, 0, 1, 2, 0, 0, -7481.18, 3882.87, -207.606, 0.224785, 300, 0, 0, 56700, 0, 0, 0, 0, 0, 0), -- Poseidus loc 2
(7372, 50005, 0, 1, 2, 0, 0, -6078.93, 3615.56, -439.25, 0.55465, 300, 0, 0, 56700, 0, 0, 0, 0, 0, 0), -- Poseidus loc 3
(7370, 50005, 0, 1, 2, 0, 0, -6302.12, 4487.75, -638.493, 2.20635, 300, 0, 0, 58649, 0, 0, 0, 0, 0, 0), -- Poseidus loc 4
(7394, 50064, 1, 1, 1, 0, 0, -10516.1, -1154.87, 43.276, 0.12763, 30000, 0, 0, 63, 0, 0, 0, 0, 0, 0), -- Cyrus the Black loc 1
(7395, 50064, 1, 1, 2, 0, 0, -10852.3, -1674.78, 10.1719, 5.45498, 300, 0, 0, 96467, 7995, 0, 0, 0, 0, 0), -- Cyrus the Black loc 2
(7396, 50064, 1, 1, 2, 0, 0, -11073.6, -1971.12, 9.7103, 2.32124, 300, 0, 0, 96467, 7995, 0, 0, 0, 0, 0), -- Cyrus the Black loc 3
(7399, 50064, 1, 1, 2, 0, 0, -11397.5, -1253.61, 2.14475, 1.21226, 300, 0, 0, 96467, 7995, 0, 0, 0, 0, 0), -- Cyrus the Black loc 4
(7443, 51404, 1, 1, 2, 0, 0, -9005.52, -316.161, 141.837, 5.20209, 300, 0, 0, 96467, 0, 0, 0, 0, 0, 0), -- Madexx loc 2
(7450, 51404, 1, 1, 2, 0, 0, -8798.76, -936.068, 173.707, 1.0277, 300, 0, 0, 96467, 0, 0, 0, 0, 0, 0), -- Madexx loc 3
(7478, 51404, 1, 1, 2, 0, 0, -8879.35, -679.558, 169.293, 4.23606, 300, 0, 0, 96467, 0, 0, 0, 0, 0, 0), -- Madexx loc 4
(34224, 12759, 1, 1, 1, 29278, 12759, 1992.23, -1080.66, 98.2062, 6.24828, 600, 10, 0, 915, 655, 0, 1, 0, 0, 0); -- Tideress

-- Elites and rare npcs need special respawn
-- Karoma (http://www.wowhead.com/npc=50138) 7 hours for respawn
UPDATE `creature` SET `spawntimesecs`='25000' WHERE `id`='50138';
-- Sambas (http://www.wowhead.com/npc=50159) 6 hours for respawn
UPDATE `creature` SET `spawntimesecs`='21800' WHERE `id`='50159';
-- Overlord Sunderfury (http://www.wowhead.com/npc=50085) 6 hours for respawn
UPDATE `creature` SET `spawntimesecs`='21800' WHERE `id`='50085';
-- Overlord Sunderfury (http://www.wowhead.com/npc=50086) 7 hours for respawn
UPDATE `creature` SET `spawntimesecs`='25000' WHERE `id`='50086';
-- Jadefang (http://www.wowhead.com/npc=49822) 8 hours for respawn
UPDATE `creature` SET `spawntimesecs`='30500' WHERE `id`='49822';
-- Golgarok <The Crimson Shatterer> (http://www.wowhead.com/npc=50059) 5 hours for respawn
UPDATE `creature` SET `spawntimesecs`='19500' WHERE `id`='50059';
-- Terborus (http://www.wowhead.com/npc=50060) 2 hours for respawn
UPDATE `creature` SET `spawntimesecs`='8500' WHERE `id`='50060';
-- Aeonaxx <Mate of Aeosera> (http://www.wowhead.com/npc=50062) 2 days for respawn
UPDATE `creature` SET `spawntimesecs`='215000' WHERE `id`='50062';
-- Lady LaLa (http://www.wowhead.com/npc=49913) 2 hours for respawn
UPDATE `creature` SET `spawntimesecs`='9500' WHERE `id`='49913';
-- Ghostcrawler (http://www.wowhead.com/npc=50051) 8 hours for respawn
UPDATE `creature` SET `spawntimesecs`='30000' WHERE `id`='50051';
-- Burgy Blackheart (http://www.wowhead.com/npc=50052) 16 hours for respawn
UPDATE `creature` SET `spawntimesecs`='59500' WHERE `id`='50052';
-- Poseidus Blackheart (http://www.wowhead.com/npc=50005) 3 days for respawn
UPDATE `creature` SET `spawntimesecs`='270000' WHERE `id`='50005';
-- Armagedillo (http://www.wowhead.com/npc=50065) 4 hours for respawn
UPDATE `creature` SET `spawntimesecs`='16000' WHERE `id`='50065';
-- Cyrus the Black (http://www.wowhead.com/npc=50064) 8 hours for respawn
UPDATE `creature` SET `spawntimesecs`='30000' WHERE `id`='50064';
-- Madexx (http://www.wowhead.com/npc=51404) 2 days for respawn
UPDATE `creature` SET `spawntimesecs`='115000' WHERE `id`='51404';
-- Shok'sharak (http://www.wowhead.com/npc=50050) 16 hours for respawn
UPDATE `creature` SET `spawntimesecs`='59500' WHERE `id`='50050';

-- NPC: Rates NPC's are rank 2 (rare) not 1 (Elite)
UPDATE `creature_template` SET `rank`='2' WHERE `entry` IN 
(50138,50159,50085,50086,49822,50059,50060,50062,49913,50051,50052,50005,50065,50064,51404);

-- NPC: Fix HP for rares creatures
UPDATE `creature_template` SET `Health_mod`='2.00' WHERE `entry` IN (50085); -- Overlord Sunderfury
UPDATE `creature` SET `curhealth`='0' WHERE `id` IN (50085);
UPDATE `creature_template` SET `Health_mod`='1.5' WHERE `entry` IN (50086); -- Tarvus the Vile
UPDATE `creature` SET `curhealth`='0' WHERE `id` IN (50086);
UPDATE `creature_template` SET `Health_mod`='9.37' WHERE `entry` IN (49822); -- Jadefang
UPDATE `creature` SET `curhealth`='0' WHERE `id` IN (49822);
UPDATE `creature_template` SET `Health_mod`='9.62' WHERE `entry` IN (50059); -- Golgarok
UPDATE `creature` SET `curhealth`='0' WHERE `id` IN (50059);
UPDATE `creature_template` SET `Health_mod`='109.62' WHERE `entry` IN (50051); -- Ghostcrawler
UPDATE `creature` SET `curhealth`='0' WHERE `id` IN (50051);
UPDATE `creature_template` SET `Health_mod`='4.520' WHERE `entry` IN (50052); -- Burgy Blackheart <Dreaded Captain of Diane's Fancy>
UPDATE `creature` SET `curhealth`='0' WHERE `id` IN (50052);
UPDATE `creature_template` SET `Health_mod`='4.50' WHERE `entry` IN (50005); -- Poseidus
UPDATE `creature` SET `curhealth`='0' WHERE `id` IN (50005);
UPDATE `creature_template` SET `Health_mod`='5.70' WHERE `entry` IN (50053); -- Thartuk the Exile
UPDATE `creature` SET `curhealth`='0' WHERE `id` IN (50053);
UPDATE `creature_template` SET `Health_mod`='5.70' WHERE `entry` IN (50050); -- Shok'sharak
UPDATE `creature` SET `curhealth`='0' WHERE `id` IN (50050);

-- Ramdom pools for Karona now this npc can be respawn on 5 locs with WP inlcuded
DELETE FROM `pool_creature` WHERE `pool_entry`='50138';
INSERT INTO `pool_creature` VALUES
(6564982,50138,20,'Karoma loc 1'),
(6721,50138,20,'Karoma loc 2'),
(6929,50138,20,'Karoma loc 3'),
(7247,50138,20,'Karoma loc 4'),
(7279,50138,20,'Karoma loc 5');

-- Max creature on map from Karona pool = 1
DELETE FROM `pool_template` WHERE `entry`='50138';
INSERT INTO `pool_template` VALUES 
(50138,1,'Karano - Max creature on map 1');

-- Ramdom pools for Sambas now this npc can be respawn on 5 locs with WP inlcuded
DELETE FROM `pool_creature` WHERE `pool_entry`='50159';
INSERT INTO `pool_creature` VALUES
(6578730,50159,20,'Sambas loc 1'),
(6565424,50159,20,'Sambas loc 2'),
(7287,50159,20,'Sambas loc 3'),
(7285,50159,20,'Sambas loc 4'),
(7283,50159,20,'Sambas loc 5');

-- Max creature on map from Sambas pool = 1
DELETE FROM `pool_template` WHERE `entry`='50159';
INSERT INTO `pool_template` VALUES 
(50159,1,'Sambas - Max creature on map 1');

-- Ramdom pools for Golgarok now this npc can be respawn on 3 locs with WP inlcuded
DELETE FROM `pool_creature` WHERE `pool_entry`='50059';
INSERT INTO `pool_creature` VALUES
(6593456,50059,33,'Golgarok loc 1'),
(7289,50059,33,'Golgarok loc 2'),
(7288,50059,34,'Golgarok loc 3');

-- Max creature on map from Golgarok pool = 1
DELETE FROM `pool_template` WHERE `entry`='50059';
INSERT INTO `pool_template` VALUES 
(50059,1,'Golgarok - Max creature on map 1');

-- Ramdom pools for Lady La-La <Siren of the Deeps> now this npc can be respawn on 3 locs with WP inlcuded
DELETE FROM `pool_creature` WHERE `pool_entry`='49913';
INSERT INTO `pool_creature` VALUES
(7319,49913,20,'Lady La-La <Siren of the Deeps> loc 1'),
(7297,49913,20,'Lady La-La <Siren of the Deeps> loc 2'),
(7296,49913,20,'Lady La-La <Siren of the Deeps> loc 3'),
(7295,49913,20,'Lady La-La <Siren of the Deeps> loc 4'),
(7291,49913,20,'Lady La-La <Siren of the Deeps> loc 5');

-- Max creature on map from Lady La-La <Siren of the Deeps> pool = 1
DELETE FROM `pool_template` WHERE `entry`='49913';
INSERT INTO `pool_template` VALUES 
(49913,1,'Lady La-La <Siren of the Deeps> - Max creature on map 1');

-- Ramdom pools for Shok'sharak now this npc can be respawn on 3 locs
DELETE FROM `pool_creature` WHERE `pool_entry`='50050';
INSERT INTO `pool_creature` VALUES
(7369,50050,33,'Shok\'sharak loc 1'),
(7325,50050,33,'Shok\'sharak loc 2'),
(7324,50050,34,'Shok\'sharak loc 3');

-- Max creature on map from Shok'sharak pool = 1
DELETE FROM `pool_template` WHERE `entry`='50050';
INSERT INTO `pool_template` VALUES 
(50050,1,'Shok\'sharak - Max creature on map 1');

-- Ramdom pools for Poseidus now this npc can be respawn on 3 locs with WP included
DELETE FROM `pool_creature` WHERE `pool_entry`='50005';
INSERT INTO `pool_creature` VALUES
(7393,50005,25,'Poseidus loc 1'),
(7373,50005,25,'Poseidus loc 2'),
(7372,50005,25,'Poseidus loc 3'),
(7370,50005,25,'Poseidus loc 4');

-- Max creature on map from Poseidus pool = 1
DELETE FROM `pool_template` WHERE `entry`='50005';
INSERT INTO `pool_template` VALUES 
(50005,1,'Poseidus - Max creature on map 1');

-- Ramdom pools for Cyrus the Black now this npc can be respawn on 4 locs
DELETE FROM `pool_creature` WHERE `pool_entry`='50064';
INSERT INTO `pool_creature` VALUES
(7399,50064,25,'Cyrus the Black loc 1'),
(7396,50064,25,'Cyrus the Black loc 2'),
(7395,50064,25,'Cyrus the Black loc 3'),
(7394,50064,25,'Cyrus the Black loc 4');

-- Max creature on map from Cyrus the Black pool = 1
DELETE FROM `pool_template` WHERE `entry`='50064';
INSERT INTO `pool_template` VALUES 
(50064,1,'Cyrus the Black - Max creature on map 1');

-- Ramdom pools for Madexx now this npc can be respawn on 4 locs with WP included
DELETE FROM `pool_creature` WHERE `pool_entry`='51404';
INSERT INTO `pool_creature` VALUES
(7442,51404,25,'Madexx loc 1'),
(7443,51404,25,'Madexx loc 2'),
(7450,51404,25,'Madexx loc 3'),
(7478,51404,25,'Madexx loc 4');

-- Max creature on map from Cyrus the Black pool = 1
DELETE FROM `pool_template` WHERE `entry`='51404';
INSERT INTO `pool_template` VALUES 
(51404,1,'Madexx - Max creature on map 1');

-- Jadefang No movement for this NPC to avoid go into the wall (anywway is not moving on official)
UPDATE `creature` SET `spawndist`='0', `MovementType`='0' WHERE `guid`='6593812';

-- Golgarok No movement for this NPC have a WP
UPDATE `creature` SET `spawndist`='0', `MovementType`='0' WHERE `guid`='6593456';

-- Xariona No movement for this NPC have a WP
UPDATE `creature` SET `spawndist`='0', `MovementType`='0' WHERE `guid`='6592940';

-- Mobus No movement for this NPC have a WP
UPDATE `creature` SET `spawndist`='0', `MovementType`='0' WHERE `id`='50009';

-- Xariona Correct inhabittype to show fly animation and correct speed
UPDATE `creature_template` SET `InhabitType`='5', speed_walk='2.0' WHERE `entry`='50061';

-- Mobus Correct better way to avoid jumps and better speed 
UPDATE `creature_template` SET `InhabitType`='7', speed_walk='3.1' WHERE `entry`='50009';

-- Poseidus Better in habit to avoid wron animation while walking
UPDATE `creature_template` SET `InhabitType`='7' WHERE `entry`='50005';

-- Low guid for Mobus spawn
UPDATE `creature` SET `guid`='7321' WHERE `guid`='15409922' AND `id`='50009';
-- Low guid for Madexx spawn
UPDATE `creature` SET `guid`='7442' WHERE `guid`='6597645' AND `id`='51404';

-- NPC: Foulweald Pathfinder & Foulweald Totemic wrong flags
-- This NPC can be attacable
UPDATE `creature_template` SET `unit_flags` ='0', `dynamicflags`='8' WHERE entry IN (3745,3750);

-- ------
-- ADDONS
-- ------
DELETE FROM `creature_addon` WHERE `guid` IN (267175);

-- -----
-- Quest
-- -----
-- QUEST: Evacuate the Merchant Square (http://www.wowhead.com/quest=14098) wrogn phase 4 on this quest, so now all quest and phases are ok int his DB ArkCore still are bug all phases etc..
UPDATE `quest_template` SET `RewSpellHiddenCast`='0' WHERE `entry`='14098';

-- ------------
-- EQUIPMENTS
-- ------------
-- Equipment for Thartuk the Exile
UPDATE `creature_template` SET `equipment_id`='50053' WHERE `entry`='50053';
DELETE FROM `creature_equip_template` WHERE (`entry`=50053);
INSERT INTO `creature_equip_template` VALUES 
(50053,28302,28302,0);

-- ---------
-- WayPoints
-- ---------
-- Waypoint movement type guid 6596579 (Armagedillo)
UPDATE `creature` SET `MovementType`='2' WHERE `guid`='6596579';

-- Set WP for creature guid 6596579 (Armagedillo)
DELETE FROM `creature_addon` WHERE (`guid`=6596579);
INSERT INTO `creature_addon` (`guid`, `path_id`, `mount`, `bytes1`, `bytes2`, `emote`, `auras`) VALUES 
(6596579, '6596579', 0, 0, 1, 0, '');

-- WP For (Armagedillo)
DELETE FROM waypoint_data WHERE id='6596579';
INSERT INTO `waypoint_data` (`id`, `point`, `position_x`, `position_y`, `position_z`, `delay`, `move_flag`, `action`, `action_chance`, `wpguid`) VALUES 
('6596579','1','-9536.32','-298.726','101.644','0','0','0','100','0'),
('6596579','2','-9534.47','-301.697','101.883','0','0','0','100','0'),
('6596579','3','-9528.67','-310.438','102.382','0','0','0','100','0'),
('6596579','4','-9519.26','-324.171','102.787','0','0','0','100','0'),
('6596579','5','-9500.58','-351.377','106.473','0','0','0','100','0'),
('6596579','6','-9483.32','-363.91','109.728','0','0','0','100','0'),
('6596579','7','-9460.82','-375.724','112.76','0','0','0','100','0'),
('6596579','8','-9444.85','-382.875','113.856','0','0','0','100','0'),
('6596579','9','-9411.87','-403.902','117.868','0','0','0','100','0'),
('6596579','10','-9400.19','-412.455','117.661','0','0','0','100','0'),
('6596579','11','-9376','-416.11','116.861','0','0','0','100','0'),
('6596579','12','-9350.29','-404.582','117.796','0','0','0','100','0'),
('6596579','13','-9322.19','-383.709','120.878','0','0','0','100','0'),
('6596579','14','-9294.44','-355.343','129.71','0','0','0','100','0'),
('6596579','15','-9289.97','-338.425','131.339','0','0','0','100','0'),
('6596579','16','-9278.34','-305.46','134.371','0','0','0','100','0'),
('6596579','17','-9272.33','-289.023','136.271','0','0','0','100','0'),
('6596579','18','-9263.1','-265.825','137.96','0','0','0','100','0'),
('6596579','19','-9241.84','-233.557','139.314','0','0','0','100','0'),
('6596579','20','-9230.54','-220.23','140.842','0','0','0','100','0'),
('6596579','21','-9222.18','-210.903','141.467','0','0','0','100','0'),
('6596579','22','-9239.15','-194.099','141.841','0','0','0','100','0'),
('6596579','23','-9264.93','-182.999','141.584','0','0','0','100','0'),
('6596579','24','-9283.66','-189.224','140.107','0','0','0','100','0'),
('6596579','25','-9306.09','-204.961','136.38','0','0','0','100','0'),
('6596579','26','-9319.51','-215.222','133.525','0','0','0','100','0'),
('6596579','27','-9346.17','-231.454','129.332','0','0','0','100','0'),
('6596579','28','-9361.98','-238.955','129.331','0','0','0','100','0'),
('6596579','29','-9377.79','-246.455','132.262','0','0','0','100','0'),
('6596579','30','-9393.53','-254.1','137.532','0','0','0','100','0'),
('6596579','31','-9411.38','-262.922','136.896','0','0','0','100','0'),
('6596579','32','-9411.38','-262.922','136.896','0','0','0','100','0'),
('6596579','33','-9426.31','-266.556','133.204','0','0','0','100','0'),
('6596579','34','-9443.32','-270.694','127.415','0','0','0','100','0'),
('6596579','35','-9460.5','-274.018','121.553','0','0','0','100','0'),
('6596579','36','-9495.29','-277.504','111.26','0','0','0','100','0'),
('6596579','37','-9530.28','-277.932','103.774','0','0','0','100','0'),
('6596579','38','-9562.82','-276.87','99.0189','0','0','0','100','0'),
('6596579','39','-9588.5','-264.348','98.2436','0','0','0','100','0'),
('6596579','40','-9596.15','-248.613','100.256','0','0','0','100','0'),
('6596579','41','-9604.12','-233.073','101.533','0','0','0','100','0'),
('6596579','42','-9622.32','-203.178','100.323','0','0','0','100','0'),
('6596579','43','-9632.16','-174.023','97.7537','0','0','0','100','0'),
('6596579','44','-9627.05','-163.769','99.3545','0','0','0','100','0'),
('6596579','45','-9612.08','-149.82','104.407','0','0','0','100','0'),
('6596579','46','-9601.77','-133.824','105.4','0','0','0','100','0'),
('6596579','47','-9588.32','-101.51','94.1104','0','0','0','100','0'),
('6596579','48','-9583.43','-89.5952','92.4061','0','0','0','100','0'),
('6596579','49','-9605.9','-93.5186','94.61','0','0','0','100','0'),
('6596579','50','-9617.98','-111.078','99.5571','0','0','0','100','0'),
('6596579','51','-9617.26','-120.315','102.197','0','0','0','100','0'),
('6596579','52','-9612.92','-159.473','103.735','0','0','0','100','0'),
('6596579','53','-9622.24','-174.281','100.28','0','0','0','100','0'),
('6596579','54','-9635.38','-201.744','98.4219','0','0','0','100','0'),
('6596579','55','-9623.66','-249.751','99.0679','0','0','0','100','0'),
('6596579','56','-9621.26','-252.342','98.8055','0','0','0','100','0'),
('6596579','57','-9587.48','-280.42','96.6231','0','0','0','100','0'),
('6596579','58','-9577.92','-280.129','97.1149','0','0','0','100','0'),
('6596579','59','-9543.95','-280.567','101.022','0','0','0','100','0'),
('6596579','60','-9540.81','-291.967','101.032','0','0','0','100','0');

-- Waypoint movement type guid 6564982 (Karoma)
UPDATE `creature` SET `MovementType`='2' WHERE `guid`='6564982';

-- Set WP for creature guid 6564982 (Karoma)
DELETE FROM `creature_addon` WHERE (`guid`=6564982);
INSERT INTO `creature_addon` (`guid`, `path_id`, `mount`, `bytes1`, `bytes2`, `emote`, `auras`) VALUES 
(6564982, '6564982', 0, 0, 1, 0, '');

-- WP For (Karoma)
DELETE FROM waypoint_data WHERE id='6564982';
INSERT INTO `waypoint_data` (`id`, `point`, `position_x`, `position_y`, `position_z`, `delay`, `move_flag`, `action`, `action_chance`, `wpguid`) VALUES 
('6564982','1','-3624.5','-5587.19','30.6935','0','0','0','100','0'),
('6564982','2','-3624.5','-5587.19','30.6935','0','0','0','100','0'),
('6564982','3','-3614.27','-5572.99','31.4299','0','0','0','100','0'),
('6564982','4','-3603.83','-5558.95','33.5435','0','0','0','100','0'),
('6564982','5','-3597.81','-5552.77','33.8321','0','0','0','100','0'),
('6564982','6','-3589.31','-5548.49','33.2978','0','0','0','100','0'),
('6564982','7','-3578.99','-5546.56','32.4385','0','0','0','100','0'),
('6564982','8','-3569.02','-5543.33','32.5109','0','0','0','100','0'),
('6564982','9','-3561.39','-5540.36','30.8986','0','0','0','100','0'),
('6564982','10','-3554.45','-5539.49','27.9369','0','0','0','100','0'),
('6564982','11','-3546.02','-5538.38','25.3212','0','0','0','100','0'),
('6564982','12','-3542.9','-5535.79','23.4323','0','0','0','100','0'),
('6564982','13','-3541.46','-5529.67','20.1708','0','0','0','100','0'),
('6564982','14','-3539.12','-5526.05','18.3158','0','0','0','100','0'),
('6564982','15','-3535.47','-5520.51','14.9491','0','0','0','100','0'),
('6564982','16','-3530.96','-5514.36','16.6661','0','0','0','100','0'),
('6564982','17','-3526.02','-5510.31','18.0178','0','0','0','100','0'),
('6564982','18','-3519.79','-5504.75','17.801','0','0','0','100','0'),
('6564982','19','-3517.06','-5501.56','16.0643','0','0','0','100','0'),
('6564982','20','-3513.55','-5495.51','15.3762','0','0','0','100','0'),
('6564982','21','-3511.35','-5490.97','15.2533','0','0','0','100','0'),
('6564982','22','-3508.32','-5480.92','14.8428','0','0','0','100','0'),
('6564982','23','-3505.93','-5475.18','14.7398','0','0','0','100','0'),
('6564982','24','-3500.15','-5468.57','14.1511','0','0','0','100','0'),
('6564982','25','-3495.06','-5463.77','13.9937','0','0','0','100','0'),
('6564982','26','-3491.83','-5461.33','13.4587','0','0','0','100','0'),
('6564982','27','-3485.65','-5458.35','12.1617','0','0','0','100','0'),
('6564982','28','-3479.08','-5455.95','11.1941','0','0','0','100','0'),
('6564982','29','-3472.29','-5454.25','11.7332','0','0','0','100','0'),
('6564982','30','-3466.25','-5452.48','12.661','0','0','0','100','0'),
('6564982','31','-3462.19','-5449.04','14.5928','0','0','0','100','0'),
('6564982','32','-3459.5','-5444.54','14.2598','0','0','0','100','0'),
('6564982','33','-3458.86','-5441.9','14.4534','0','0','0','100','0'),
('6564982','34','-3460.6','-5435.12','10.7603','0','0','0','100','0'),
('6564982','35','-3461.67','-5429.06','8.96532','0','0','0','100','0'),
('6564982','36','-3460.89','-5423.64','7.96543','0','0','0','100','0'),
('6564982','37','-3461.29','-5422.37','7.87611','0','0','0','100','0'),
('6564982','38','-3465.03','-5416.45','8.00295','0','0','0','100','0'),
('6564982','39','-3468.06','-5410.46','8.3509','0','0','0','100','0'),
('6564982','40','-3469.27','-5400.38','8.96095','0','0','0','100','0'),
('6564982','41','-3469.67','-5393.39','9.09026','0','0','0','100','0'),
('6564982','42','-3469.78','-5386.39','9.07022','0','0','0','100','0'),
('6564982','43','-3469.42','-5379.4','9.16495','0','0','0','100','0'),
('6564982','44','-3468.28','-5372.5','9.30354','0','0','0','100','0'),
('6564982','45','-3465.38','-5362.44','9.0662','0','0','0','100','0'),
('6564982','46','-3462.51','-5356.05','8.6684','0','0','0','100','0'),
('6564982','47','-3459.72','-5351.06','8.49131','0','0','0','100','0'),
('6564982','48','-3455.52','-5347.08','8.02473','0','0','0','100','0'),
('6564982','49','-3450.42','-5344.86','7.02227','0','0','0','100','0'),
('6564982','50','-3445.6','-5343.18','6.36577','0','0','0','100','0'),
('6564982','51','-3438.91','-5341.74','6.28775','0','0','0','100','0'),
('6564982','52','-3431.28','-5341.62','6.31277','0','0','0','100','0'),
('6564982','53','-3424.28','-5341.69','7.20008','0','0','0','100','0'),
('6564982','54','-3417.05','-5341.61','8.0745','0','0','0','100','0'),
('6564982','55','-3413.1','-5341.95','8.23807','0','0','0','100','0'),
('6564982','56','-3406.24','-5344.21','8.06733','0','0','0','100','0'),
('6564982','57','-3398.4','-5346.24','8.85796','0','0','0','100','0'),
('6564982','58','-3393.08','-5343.38','9.47055','0','0','0','100','0'),
('6564982','59','-3387.57','-5337.08','9.30157','0','0','0','100','0'),
('6564982','60','-3384.83','-5328.84','9.33954','0','0','0','100','0'),
('6564982','61','-3387.05','-5325.1','10.9828','0','0','0','100','0'),
('6564982','62','-3392.03','-5320.19','11.0925','0','0','0','100','0'),
('6564982','63','-3396.62','-5317.79','10.6675','0','0','0','100','0'),
('6564982','64','-3402.51','-5313.15','10.1049','0','0','0','100','0'),
('6564982','65','-3404.89','-5309.86','10.3695','0','0','0','100','0'),
('6564982','66','-3407.49','-5303.36','9.84957','0','0','0','100','0'),
('6564982','67','-3411.34','-5293.59','9.97974','0','0','0','100','0'),
('6564982','68','-3414.4','-5287.31','9.30168','0','0','0','100','0'),
('6564982','69','-3417.95','-5281.28','8.94391','0','0','0','100','0'),
('6564982','70','-3421.89','-5275.45','8.56452','0','0','0','100','0'),
('6564982','71','-3428.84','-5270.7','8.51654','0','0','0','100','0'),
('6564982','72','-3433.81','-5269.48','8.32427','0','0','0','100','0'),
('6564982','73','-3440.81','-5269.56','7.40086','0','0','0','100','0'),
('6564982','74','-3446.76','-5269.85','6.29263','0','0','0','100','0'),
('6564982','75','-3451.93','-5271.16','6.27761','0','0','0','100','0'),
('6564982','76','-3458.27','-5274.29','7.40099','0','0','0','100','0'),
('6564982','77','-3462.92','-5277.39','8.88848','0','0','0','100','0'),
('6564982','78','-3468.2','-5281.99','10.2644','0','0','0','100','0'),
('6564982','79','-3473.82','-5286.91','10.8845','0','0','0','100','0'),
('6564982','80','-3478.75','-5293.12','11.4547','0','0','0','100','0'),
('6564982','81','-3481.45','-5298.9','12.006','0','0','0','100','0'),
('6564982','82','-3479.67','-5304.29','12.182','0','0','0','100','0'),
('6564982','83','-3478.82','-5313.91','11.1589','0','0','0','100','0'),
('6564982','84','-3478.97','-5317.01','11.0927','0','0','0','100','0'),
('6564982','85','-3480.54','-5325.91','11.0994','0','0','0','100','0'),
('6564982','86','-3481.77','-5329.19','11.1628','0','0','0','100','0'),
('6564982','87','-3486.94','-5338.62','12.1932','0','0','0','100','0'),
('6564982','88','-3489.07','-5341.4','12.2399','0','0','0','100','0'),
('6564982','89','-3493.32','-5346.95','11.9034','0','0','0','100','0'),
('6564982','90','-3499.22','-5353.77','12.0878','0','0','0','100','0'),
('6564982','91','-3503.47','-5356.03','12.3218','0','0','0','100','0'),
('6564982','92','-3510.24','-5357.79','12.5449','0','0','0','100','0'),
('6564982','93','-3515.05','-5357.3','11.9926','0','0','0','100','0'),
('6564982','94','-3516.12','-5355.62','12.7281','0','0','0','100','0'),
('6564982','95','-3519.47','-5349.48','14.2605','0','0','0','100','0'),
('6564982','96','-3521.79','-5346.43','14.3405','0','0','0','100','0'),
('6564982','97','-3523.5','-5345.61','13.6676','0','0','0','100','0'),
('6564982','98','-3531.09','-5344.05','13.4759','0','0','0','100','0'),
('6564982','99','-3536.99','-5343.74','15.3222','0','0','0','100','0'),
('6564982','100','-3542.25','-5345.98','18.1195','0','0','0','100','0'),
('6564982','101','-3548.33','-5346.95','18.521','0','0','0','100','0'),
('6564982','102','-3552.8','-5346.14','18.4531','0','0','0','100','0'),
('6564982','103','-3561.93','-5343.7','20.754','0','0','0','100','0'),
('6564982','104','-3569.27','-5345.83','21.5466','0','0','0','100','0'),
('6564982','105','-3570.84','-5349.95','22.739','0','0','0','100','0'),
('6564982','106','-3572.34','-5356.54','22.02','0','0','0','100','0'),
('6564982','107','-3573.36','-5363.46','23.2725','0','0','0','100','0'),
('6564982','108','-3574.55','-5370.36','22.9473','0','0','0','100','0'),
('6564982','109','-3576.72','-5376.22','23.1156','0','0','0','100','0'),
('6564982','110','-3579.95','-5380.19','23.6682','0','0','0','100','0'),
('6564982','111','-3584.23','-5384.02','24.7939','0','0','0','100','0'),
('6564982','112','-3589.79','-5387.15','26.0114','0','0','0','100','0'),
('6564982','113','-3595.52','-5391.41','27.8106','0','0','0','100','0'),
('6564982','114','-3599.21','-5396.69','28.1565','0','0','0','100','0'),
('6564982','115','-3600.65','-5399.87','28.7301','0','0','0','100','0'),
('6564982','116','-3604.82','-5409.5','32.49','0','0','0','100','0'),
('6564982','117','-3605.78','-5412.87','31.5389','0','0','0','100','0'),
('6564982','118','-3607.64','-5419.62','30.0914','0','0','0','100','0'),
('6564982','119','-3609.5','-5426.37','31.6759','0','0','0','100','0'),
('6564982','120','-3611.36','-5433.12','32.7701','0','0','0','100','0'),
('6564982','121','-3614.35','-5443.18','31.5234','0','0','0','100','0'),
('6564982','122','-3616.01','-5447.88','31.279','0','0','0','100','0'),
('6564982','123','-3621.14','-5457.03','31.0858','0','0','0','100','0'),
('6564982','124','-3625.09','-5462.81','32.2513','0','0','0','100','0'),
('6564982','125','-3631.44','-5471.17','34.4253','0','0','0','100','0'),
('6564982','126','-3635.33','-5476.99','34.7961','0','0','0','100','0'),
('6564982','127','-3638.3','-5483.32','34.1545','0','0','0','100','0'),
('6564982','128','-3642.54','-5491.78','34.2328','0','0','0','100','0'),
('6564982','129','-3644.9','-5494.62','34.4896','0','0','0','100','0'),
('6564982','130','-3652.15','-5500.53','35.7551','0','0','0','100','0'),
('6564982','131','-3656.22','-5502.62','35.3809','0','0','0','100','0'),
('6564982','132','-3665.22','-5504.04','34.4565','0','0','0','100','0'),
('6564982','133','-3672.22','-5504.17','34.5056','0','0','0','100','0'),
('6564982','134','-3680.88','-5504.39','34.9056','0','0','0','100','0'),
('6564982','135','-3687.93','-5506.42','35.4628','0','0','0','100','0'),
('6564982','136','-3693.63','-5511.04','36.6919','0','0','0','100','0'),
('6564982','137','-3697.93','-5520.51','37.3423','0','0','0','100','0'),
('6564982','138','-3698.68','-5524.15','37.0856','0','0','0','100','0'),
('6564982','139','-3698.59','-5531.15','36.156','0','0','0','100','0'),
('6564982','140','-3700.24','-5543.73','35.1421','0','0','0','100','0'),
('6564982','141','-3701.23','-5546.9','35.1964','0','0','0','100','0'),
('6564982','142','-3704.28','-5552.42','35.5784','0','0','0','100','0'),
('6564982','143','-3708.33','-5556.13','36.4243','0','0','0','100','0'),
('6564982','144','-3715.98','-5560.16','38.331','0','0','0','100','0'),
('6564982','145','-3722.68','-5562.18','39.7835','0','0','0','100','0'),
('6564982','146','-3729.46','-5563.91','40.7521','0','0','0','100','0'),
('6564982','147','-3733.97','-5565.37','41.1568','0','0','0','100','0'),
('6564982','148','-3740.7','-5569.98','41.3908','0','0','0','100','0'),
('6564982','149','-3743.12','-5574.24','41.2296','0','0','0','100','0'),
('6564982','150','-3746.49','-5580.37','41.277','0','0','0','100','0'),
('6564982','151','-3750.41','-5586.16','41.5509','0','0','0','100','0'),
('6564982','152','-3753.25','-5591.73','41.6362','0','0','0','100','0'),
('6564982','153','-3752.27','-5597.35','40.8257','0','0','0','100','0'),
('6564982','154','-3746.27','-5603.57','38.8434','0','0','0','100','0'),
('6564982','155','-3742.21','-5607.35','37.9338','0','0','0','100','0'),
('6564982','156','-3734.34','-5610.55','36.8975','0','0','0','100','0'),
('6564982','157','-3727.98','-5614.79','36.0228','0','0','0','100','0'),
('6564982','158','-3725.2','-5619.91','34.9634','0','0','0','100','0'),
('6564982','159','-3721.75','-5627.81','33.7495','0','0','0','100','0'),
('6564982','160','-3719.8','-5634.53','32.8789','0','0','0','100','0'),
('6564982','161','-3718.47','-5643.86','32.8309','0','0','0','100','0'),
('6564982','162','-3719','-5650.55','33.0371','0','0','0','100','0'),
('6564982','163','-3720.72','-5657.34','32.9319','0','0','0','100','0'),
('6564982','164','-3723.31','-5667.51','30.348','0','0','0','100','0'),
('6564982','165','-3724.18','-5670.9','30.7851','0','0','0','100','0'),
('6564982','166','-3725.9','-5677.69','29.8392','0','0','0','100','0'),
('6564982','167','-3727.28','-5683.5','28.8752','0','0','0','100','0'),
('6564982','168','-3728.41','-5693.93','27.8235','0','0','0','100','0'),
('6564982','169','-3727.99','-5699.61','27.3703','0','0','0','100','0'),
('6564982','170','-3725.89','-5706.29','26.5387','0','0','0','100','0'),
('6564982','171','-3722.43','-5715.27','25.3607','0','0','0','100','0'),
('6564982','172','-3718.09','-5720.34','25.3578','0','0','0','100','0'),
('6564982','173','-3711.52','-5722.74','26.1075','0','0','0','100','0'),
('6564982','174','-3704.97','-5723.01','26.3353','0','0','0','100','0'),
('6564982','175','-3699.82','-5720.84','26.8027','0','0','0','100','0'),
('6564982','176','-3696.98','-5718.79','26.6811','0','0','0','100','0'),
('6564982','177','-3692.01','-5715.01','26.3962','0','0','0','100','0'),
('6564982','178','-3688.12','-5708.08','26.2371','0','0','0','100','0'),
('6564982','179','-3683.39','-5703.48','25.81','0','0','0','100','0'),
('6564982','180','-3677.85','-5699.2','24.94','0','0','0','100','0'),
('6564982','181','-3670.16','-5694.37','24.9266','0','0','0','100','0'),
('6564982','182','-3663.92','-5691.2','25.6095','0','0','0','100','0'),
('6564982','183','-3660.75','-5689.1','25.1352','0','0','0','100','0'),
('6564982','184','-3655.38','-5678.12','25.0125','0','0','0','100','0'),
('6564982','185','-3651.61','-5668.32','25.6127','0','0','0','100','0'),
('6564982','186','-3648.32','-5659.41','26.9657','0','0','0','100','0'),
('6564982','187','-3646.4','-5652.68','28.0419','0','0','0','100','0'),
('6564982','188','-3641.55','-5645','29.5174','0','0','0','100','0'),
('6564982','189','-3635.51','-5644.93','29.9209','0','0','0','100','0'),
('6564982','190','-3629.43','-5647.78','29.3064','0','0','0','100','0'),
('6564982','191','-3625.75','-5652.75','28.2409','0','0','0','100','0'),
('6564982','192','-3623.26','-5657.9','28.6757','0','0','0','100','0'),
('6564982','193','-3621.12','-5665.93','29.7823','0','0','0','100','0'),
('6564982','194','-3621.55','-5675.32','29.6206','0','0','0','100','0'),
('6564982','195','-3625.27','-5681.14','28.8794','0','0','0','100','0'),
('6564982','196','-3630.74','-5685.51','26.8699','0','0','0','100','0'),
('6564982','197','-3636.34','-5691.6','23.6097','0','0','0','100','0'),
('6564982','198','-3633.87','-5696.93','21.408','0','0','0','100','0'),
('6564982','199','-3627.04','-5699.72','15.9747','0','0','0','100','0'),
('6564982','200','-3622.58','-5699.3','15.7148','0','0','0','100','0'),
('6564982','201','-3616.1','-5701.93','16.0022','0','0','0','100','0'),
('6564982','202','-3609.83','-5705.05','15.3332','0','0','0','100','0'),
('6564982','203','-3601.93','-5706.35','14.8882','0','0','0','100','0'),
('6564982','204','-3595.03','-5705.2','14.0746','0','0','0','100','0'),
('6564982','205','-3588.15','-5703.9','12.5702','0','0','0','100','0'),
('6564982','206','-3579.46','-5700.8','10.6818','0','0','0','100','0'),
('6564982','207','-3576.67','-5697.68','10.5129','0','0','0','100','0'),
('6564982','208','-3576.15','-5690.71','11.5573','0','0','0','100','0'),
('6564982','209','-3574.66','-5682.44','13.1803','0','0','0','100','0'),
('6564982','210','-3572.08','-5675.94','13.8243','0','0','0','100','0'),
('6564982','211','-3569.11','-5669.61','13.963','0','0','0','100','0'),
('6564982','212','-3566.14','-5663.27','13.8963','0','0','0','100','0'),
('6564982','213','-3565.07','-5658.2','14.4802','0','0','0','100','0'),
('6564982','214','-3566.65','-5653.39','15.2801','0','0','0','100','0'),
('6564982','215','-3570.56','-5647.32','15.9178','0','0','0','100','0'),
('6564982','216','-3576.27','-5644.26','20.7704','0','0','0','100','0'),
('6564982','217','-3579.62','-5643.69','23.5149','0','0','0','100','0'),
('6564982','218','-3586.25','-5645.94','27.8149','0','0','0','100','0'),
('6564982','219','-3592.66','-5648.72','29.7763','0','0','0','100','0'),
('6564982','220','-3598.2','-5648.15','29.793','0','0','0','100','0'),
('6564982','221','-3606.04','-5643.8','29.0411','0','0','0','100','0'),
('6564982','222','-3613','-5643.07','28.2383','0','0','0','100','0'),
('6564982','223','-3621.24','-5641.18','28.8191','0','0','0','100','0'),
('6564982','224','-3627.78','-5638.69','30.3461','0','0','0','100','0'),
('6564982','225','-3634.24','-5636','30.3444','0','0','0','100','0'),
('6564982','226','-3641.63','-5631.44','29.4359','0','0','0','100','0'),
('6564982','227','-3647.23','-5627.24','28.8369','0','0','0','100','0'),
('6564982','228','-3651.4','-5622.9','28.031','0','0','0','100','0'),
('6564982','229','-3654.56','-5617.23','27.3232','0','0','0','100','0'),
('6564982','230','-3655.67','-5611.83','27.7402','0','0','0','100','0'),
('6564982','231','-3654.53','-5604.47','29.2927','0','0','0','100','0'),
('6564982','232','-3650.07','-5599.85','28.6465','0','0','0','100','0'),
('6564982','233','-3645.41','-5598.43','28.628','0','0','0','100','0'),
('6564982','234','-3639.65','-5598.85','29.5521','0','0','0','100','0'),
('6564982','235','-3637.37','-5601.26','29.4591','0','0','0','100','0'),
('6564982','236','-3633.33','-5606.97','28.7982','0','0','0','100','0'),
('6564982','237','-3626.35','-5611.5','29.7327','0','0','0','100','0'),
('6564982','238','-3623.03','-5608.08','29.91','0','0','0','100','0'),
('6564982','239','-3622.44','-5604.91','29.6806','0','0','0','100','0'),
('6564982','240','-3622.11','-5595.47','29.9081','0','0','0','100','0'),
('6564982','241','-3623.17','-5591.1','30.2296','0','0','0','100','0');

-- Waypoint movement type guid 6721 (Karoma)
UPDATE `creature` SET `MovementType`='2' WHERE `guid`='6721';

-- Set WP for creature guid 6564982 (Karoma)
DELETE FROM `creature_addon` WHERE (`guid`=6721);
INSERT INTO `creature_addon` (`guid`, `path_id`, `mount`, `bytes1`, `bytes2`, `emote`, `auras`) VALUES 
(6721, '6721', 0, 0, 1, 0, '');

-- WP For (Karoma)
DELETE FROM waypoint_data WHERE id='6721';
INSERT INTO `waypoint_data` (`id`, `point`, `position_x`, `position_y`, `position_z`, `delay`, `move_flag`, `action`, `action_chance`, `wpguid`) VALUES 
('6721','1','-3994.35','-5385.46','38.1009','0','0','0','100','0'),
('6721','2','-3994.31','-5377.79','35.7223','0','0','0','100','0'),
('6721','3','-3994.25','-5373.87','34.5258','0','0','0','100','0'),
('6721','4','-3990.26','-5364.21','31.8095','0','0','0','100','0'),
('6721','5','-3986.83','-5358.57','30.3276','0','0','0','100','0'),
('6721','6','-3982.08','-5353.59','29.2533','0','0','0','100','0'),
('6721','7','-3973.8','-5347.14','28.0712','0','0','0','100','0'),
('6721','8','-3969.31','-5344.6','27.3787','0','0','0','100','0'),
('6721','9','-3959.42','-5341.11','26.5457','0','0','0','100','0'),
('6721','10','-3952.63','-5339.39','26.0457','0','0','0','100','0'),
('6721','11','-3942.44','-5336.87','25.1865','0','0','0','100','0'),
('6721','12','-3935.66','-5335.12','24.5669','0','0','0','100','0'),
('6721','13','-3930.31','-5332.89','24.0505','0','0','0','100','0'),
('6721','14','-3924.43','-5329.09','23.6794','0','0','0','100','0'),
('6721','15','-3918.7','-5325.07','23.7305','0','0','0','100','0'),
('6721','16','-3912.81','-5321.3','23.9011','0','0','0','100','0'),
('6721','17','-3907.01','-5317.93','24.0557','0','0','0','100','0'),
('6721','18','-3899.17','-5315.31','24.0852','0','0','0','100','0'),
('6721','19','-3895.7','-5314.92','23.8873','0','0','0','100','0'),
('6721','20','-3887.98','-5312.6','24.4648','0','0','0','100','0'),
('6721','21','-3884.78','-5309.91','25.0123','0','0','0','100','0'),
('6721','22','-3881.29','-5303.86','25.1553','0','0','0','100','0'),
('6721','23','-3879.8','-5298.13','25.0978','0','0','0','100','0'),
('6721','24','-3880.34','-5290.24','25.2278','0','0','0','100','0'),
('6721','25','-3882.05','-5285.28','24.5133','0','0','0','100','0'),
('6721','26','-3886.55','-5279.91','24.0097','0','0','0','100','0'),
('6721','27','-3890.47','-5274.15','24.6606','0','0','0','100','0'),
('6721','28','-3893.41','-5267.81','24.8076','0','0','0','100','0'),
('6721','29','-3895.98','-5261.3','24.1902','0','0','0','100','0'),
('6721','30','-3898.62','-5254.82','24.2406','0','0','0','100','0'),
('6721','31','-3900.18','-5251.69','24.3743','0','0','0','100','0'),
('6721','32','-3905.16','-5244.05','24.1756','0','0','0','100','0'),
('6721','33','-3905.75','-5236.92','24.5185','0','0','0','100','0'),
('6721','34','-3904.17','-5231.41','25.4295','0','0','0','100','0'),
('6721','35','-3901.61','-5224.9','27.127','0','0','0','100','0'),
('6721','36','-3899.97','-5221.81','28.0668','0','0','0','100','0'),
('6721','37','-3894.6','-5215','29.9705','0','0','0','100','0'),
('6721','38','-3889.15','-5211.79','30.8473','0','0','0','100','0'),
('6721','39','-3885.71','-5211.14','31.3377','0','0','0','100','0'),
('6721','40','-3878.74','-5210.53','33.0956','0','0','0','100','0'),
('6721','41','-3872.68','-5210.39','34.9525','0','0','0','100','0'),
('6721','42','-3865.68','-5210.54','35.9378','0','0','0','100','0'),
('6721','43','-3858.68','-5210.69','36.4174','0','0','0','100','0'),
('6721','44','-3853.71','-5210.41','36.6293','0','0','0','100','0'),
('6721','45','-3847.12','-5207.99','36.7781','0','0','0','100','0'),
('6721','46','-3843.47','-5205.24','37.4849','0','0','0','100','0'),
('6721','47','-3840.16','-5200.2','37.9921','0','0','0','100','0'),
('6721','48','-3839.27','-5193.96','38.3834','0','0','0','100','0'),
('6721','49','-3840.39','-5190.91','38.7003','0','0','0','100','0'),
('6721','50','-3843.58','-5184.68','39.4869','0','0','0','100','0'),
('6721','51','-3846.83','-5179.47','40.3883','0','0','0','100','0'),
('6721','52','-3852.19','-5175.5','41.1633','0','0','0','100','0'),
('6721','53','-3858.43','-5172.96','41.7905','0','0','0','100','0'),
('6721','54','-3862.74','-5172.22','41.8139','0','0','0','100','0'),
('6721','55','-3869.52','-5171.71','41.354','0','0','0','100','0'),
('6721','56','-3875.5','-5170.63','41.1814','0','0','0','100','0'),
('6721','57','-3881.68','-5168.08','41.4006','0','0','0','100','0'),
('6721','58','-3886.08','-5164.47','41.9387','0','0','0','100','0'),
('6721','59','-3890.46','-5159.84','42.7607','0','0','0','100','0'),
('6721','60','-3893.16','-5157.61','43.1979','0','0','0','100','0'),
('6721','61','-3898.78','-5153.81','43.9934','0','0','0','100','0'),
('6721','62','-3904.04','-5151.26','44.5729','0','0','0','100','0'),
('6721','63','-3907.45','-5150.51','44.7744','0','0','0','100','0'),
('6721','64','-3915.36','-5149.3','45.1522','0','0','0','100','0'),
('6721','65','-3919.16','-5152.51','44.2098','0','0','0','100','0'),
('6721','66','-3920.69','-5157.56','42.1618','0','0','0','100','0'),
('6721','67','-3920.72','-5161.06','40.8421','0','0','0','100','0'),
('6721','68','-3920.31','-5168.04','38.7905','0','0','0','100','0'),
('6721','69','-3919.95','-5171.52','36.9267','0','0','0','100','0'),
('6721','70','-3920.87','-5178.28','34.0995','0','0','0','100','0'),
('6721','71','-3925.8','-5181.01','31.59','0','0','0','100','0'),
('6721','72','-3926.34','-5177.41','32.5409','0','0','0','100','0'),
('6721','73','-3929.85','-5175.02','31.962','0','0','0','100','0'),
('6721','74','-3943.46','-5176.81','24.0876','0','0','0','100','0'),
('6721','75','-3946.3','-5178.86','22.4538','0','0','0','100','0'),
('6721','76','-3952.56','-5185.55','20.5156','0','0','0','100','0'),
('6721','77','-3955.23','-5190.99','19.6666','0','0','0','100','0'),
('6721','78','-3958.02','-5197.4','18.7006','0','0','0','100','0'),
('6721','79','-3961.45','-5203.5','17.2326','0','0','0','100','0'),
('6721','80','-3965.31','-5209.33','15.7743','0','0','0','100','0'),
('6721','81','-3967.53','-5212.04','15.1199','0','0','0','100','0'),
('6721','82','-3972.02','-5217.41','13.9886','0','0','0','100','0'),
('6721','83','-3976.62','-5222.69','12.9163','0','0','0','100','0'),
('6721','84','-3981.38','-5227.81','11.8913','0','0','0','100','0'),
('6721','85','-3983.91','-5230.23','11.4314','0','0','0','100','0'),
('6721','86','-3988.97','-5235.07','10.5172','0','0','0','100','0'),
('6721','87','-3995.03','-5241.05','9.02763','0','0','0','100','0'),
('6721','88','-3996.35','-5245.35','8.57952','0','0','0','100','0'),
('6721','89','-3996.22','-5252.34','8.6743','0','0','0','100','0'),
('6721','90','-3996.94','-5256.76','8.73534','0','0','0','100','0'),
('6721','91','-4000.38','-5263.57','8.66683','0','0','0','100','0'),
('6721','92','-4003.91','-5267.27','8.25465','0','0','0','100','0'),
('6721','93','-4009.58','-5271.37','7.84094','0','0','0','100','0'),
('6721','94','-4015.62','-5274.9','7.29839','0','0','0','100','0'),
('6721','95','-4018.67','-5276.63','7.07152','0','0','0','100','0'),
('6721','96','-4024.03','-5279.67','6.99341','0','0','0','100','0'),
('6721','97','-4030.75','-5281.62','6.93169','0','0','0','100','0'),
('6721','98','-4035.63','-5283.8','6.3296','0','0','0','100','0'),
('6721','99','-4041.71','-5287.25','5.78192','0','0','0','100','0'),
('6721','100','-4048.02','-5290.27','5.85356','0','0','0','100','0'),
('6721','101','-4054.53','-5292.84','6.20716','0','0','0','100','0'),
('6721','102','-4061.05','-5295.4','6.85699','0','0','0','100','0'),
('6721','103','-4065.52','-5297.58','7.34511','0','0','0','100','0'),
('6721','104','-4070.36','-5302.06','8.55105','0','0','0','100','0'),
('6721','105','-4072.49','-5307.99','10.06','0','0','0','100','0'),
('6721','106','-4070.41','-5312.2','11.043','0','0','0','100','0'),
('6721','107','-4062.32','-5315.97','11.8979','0','0','0','100','0'),
('6721','108','-4056.53','-5319.89','13.0867','0','0','0','100','0'),
('6721','109','-4053.77','-5322.04','13.7628','0','0','0','100','0'),
('6721','110','-4045.89','-5328.36','16.0597','0','0','0','100','0'),
('6721','111','-4043.74','-5333.75','17.3183','0','0','0','100','0'),
('6721','112','-4044.43','-5337.38','18.1408','0','0','0','100','0'),
('6721','113','-4048.25','-5344.42','19.8889','0','0','0','100','0'),
('6721','114','-4052.88','-5349.67','21.3576','0','0','0','100','0'),
('6721','115','-4057.52','-5354.91','23.0978','0','0','0','100','0'),
('6721','116','-4062.89','-5363.07','25.9982','0','0','0','100','0'),
('6721','117','-4063.54','-5367.43','27.4556','0','0','0','100','0'),
('6721','118','-4063.65','-5377.2','30.5475','0','0','0','100','0'),
('6721','119','-4064.9','-5383.54','32.4984','0','0','0','100','0'),
('6721','120','-4066.79','-5390.28','34.5632','0','0','0','100','0'),
('6721','121','-4068.67','-5397.02','36.7089','0','0','0','100','0'),
('6721','122','-4069.48','-5402.85','38.7223','0','0','0','100','0'),
('6721','123','-4068.22','-5408.66','40.9663','0','0','0','100','0'),
('6721','124','-4065.86','-5412.59','42.6052','0','0','0','100','0'),
('6721','125','-4060.51','-5418.87','45.5302','0','0','0','100','0'),
('6721','126','-4055.94','-5419.67','45.9386','0','0','0','100','0'),
('6721','127','-4049.16','-5417.91','45.2585','0','0','0','100','0'),
('6721','128','-4045.77','-5417.04','44.9916','0','0','0','100','0'),
('6721','129','-4035.52','-5414.87','44.6379','0','0','0','100','0'),
('6721','130','-4032.04','-5414.44','44.6968','0','0','0','100','0'),
('6721','131','-4026.11','-5413.92','44.9189','0','0','0','100','0'),
('6721','132','-4019.11','-5414.13','45.4893','0','0','0','100','0'),
('6721','133','-4012.11','-5414.39','46.0327','0','0','0','100','0'),
('6721','134','-4005.71','-5414','46.2261','0','0','0','100','0'),
('6721','135','-3998.56','-5411.32','45.5342','0','0','0','100','0'),
('6721','136','-3995','-5407.58','44.4783','0','0','0','100','0'),
('6721','137','-3991.82','-5402.82','43.1515','0','0','0','100','0'),
('6721','138','-3992.33','-5398.03','41.8482','0','0','0','100','0'),
('6721','139','-3995.84','-5394.6','40.8627','0','0','0','100','0'),
('6721','140','-3995.06','-5390.22','39.5518','0','0','0','100','0'),
('6721','141','-3994.83','-5388.84','39.1283','0','0','0','100','0');

-- Waypoint movement type guid 6929 (Karoma)
UPDATE `creature` SET `MovementType`='2' WHERE `guid`='6929';

-- Set WP for creature guid 6564982 (Karoma)
DELETE FROM `creature_addon` WHERE (`guid`=6929);
INSERT INTO `creature_addon` (`guid`, `path_id`, `mount`, `bytes1`, `bytes2`, `emote`, `auras`) VALUES 
(6929, '6929', 0, 0, 1, 0, '');

-- WP For (Karoma)
DELETE FROM waypoint_data WHERE id='6929';
INSERT INTO `waypoint_data` (`id`, `point`, `position_x`, `position_y`, `position_z`, `delay`, `move_flag`, `action`, `action_chance`, `wpguid`) VALUES 
('6929','1','-4153.15','-5887.75','16.5117','0','0','0','100','0'),
('6929','2','-4151.22','-5890.67','16.1036','0','0','0','100','0'),
('6929','3','-4148.99','-5899.72','16.1033','0','0','0','100','0'),
('6929','4','-4150.02','-5910.17','16.6863','0','0','0','100','0'),
('6929','5','-4151.1','-5917.07','16.5518','0','0','0','100','0'),
('6929','6','-4149.75','-5924.08','15.6402','0','0','0','100','0'),
('6929','7','-4142.27','-5929.78','15.0034','0','0','0','100','0'),
('6929','8','-4133.02','-5934.12','14.7611','0','0','0','100','0'),
('6929','9','-4122.82','-5936.63','14.1395','0','0','0','100','0'),
('6929','10','-4113.84','-5938.67','13.9229','0','0','0','100','0'),
('6929','11','-4106.2','-5938.33','13.5049','0','0','0','100','0'),
('6929','12','-4095.84','-5939.84','12.7329','0','0','0','100','0'),
('6929','13','-4089.06','-5941.57','12.407','0','0','0','100','0'),
('6929','14','-4079.52','-5945.55','11.3557','0','0','0','100','0'),
('6929','15','-4073.34','-5948.83','11.3331','0','0','0','100','0'),
('6929','16','-4067.71','-5952.25','11.9295','0','0','0','100','0'),
('6929','17','-4066.1','-5953.74','12.157','0','0','0','100','0'),
('6929','18','-4061.69','-5959.17','11.5415','0','0','0','100','0'),
('6929','19','-4057.27','-5962.11','10.7249','0','0','0','100','0'),
('6929','20','-4054.35','-5962.25','10.3666','0','0','0','100','0'),
('6929','21','-4045.24','-5960.84','10.6859','0','0','0','100','0'),
('6929','22','-4040.78','-5961.58','10.1429','0','0','0','100','0'),
('6929','23','-4032.4','-5966.25','10.4152','0','0','0','100','0'),
('6929','24','-4029.61','-5968.38','10.5599','0','0','0','100','0'),
('6929','25','-4024.37','-5973.01','11.0147','0','0','0','100','0'),
('6929','26','-4019.25','-5977.78','11.3917','0','0','0','100','0'),
('6929','27','-4014.14','-5982.56','11.4602','0','0','0','100','0'),
('6929','28','-4005.9','-5988.28','9.57364','0','0','0','100','0'),
('6929','29','-4002.41','-5988.16','8.89096','0','0','0','100','0'),
('6929','30','-3997.66','-5988.59','7.6411','0','0','0','100','0'),
('6929','31','-3991.91','-5992.25','7.85063','0','0','0','100','0'),
('6929','32','-3990.48','-5995.29','8.65495','0','0','0','100','0'),
('6929','33','-3987.79','-6005.44','9.69056','0','0','0','100','0'),
('6929','34','-3986.03','-6011.26','9.78668','0','0','0','100','0'),
('6929','35','-3982.22','-6017.12','9.92557','0','0','0','100','0'),
('6929','36','-3978.67','-6021.09','10.1012','0','0','0','100','0'),
('6929','37','-3973.09','-6025.32','10.1625','0','0','0','100','0'),
('6929','38','-3967.51','-6029.54','9.57223','0','0','0','100','0'),
('6929','39','-3964.12','-6033.23','8.71451','0','0','0','100','0'),
('6929','40','-3962','-6036.02','7.99334','0','0','0','100','0'),
('6929','41','-3958.18','-6041.88','7.01413','0','0','0','100','0'),
('6929','42','-3956.27','-6044.82','7.38067','0','0','0','100','0'),
('6929','43','-3954.37','-6047.75','7.81769','0','0','0','100','0'),
('6929','44','-3950.3','-6053.45','9.12686','0','0','0','100','0'),
('6929','45','-3946.2','-6059.12','9.91848','0','0','0','100','0'),
('6929','46','-3941.87','-6062.53','10.1656','0','0','0','100','0'),
('6929','47','-3937.74','-6062.24','10.4287','0','0','0','100','0'),
('6929','48','-3934.16','-6058.58','11.0153','0','0','0','100','0'),
('6929','49','-3933.12','-6055.24','11.3424','0','0','0','100','0'),
('6929','50','-3931.13','-6048.52','11.4775','0','0','0','100','0'),
('6929','51','-3930.21','-6043.29','11.1064','0','0','0','100','0'),
('6929','52','-3930.48','-6038.78','10.3236','0','0','0','100','0'),
('6929','53','-3932.71','-6030.8','8.3649','0','0','0','100','0'),
('6929','54','-3935.11','-6026.78','7.56981','0','0','0','100','0'),
('6929','55','-3939.04','-6020.99','7.90105','0','0','0','100','0'),
('6929','56','-3943.05','-6015.25','9.33404','0','0','0','100','0'),
('6929','57','-3945.37','-6010.74','9.65708','0','0','0','100','0'),
('6929','58','-3946.76','-6005.43','10.1612','0','0','0','100','0'),
('6929','59','-3946.71','-6000.28','9.96542','0','0','0','100','0'),
('6929','60','-3945.52','-5994.51','9.24271','0','0','0','100','0'),
('6929','61','-3943.28','-5987.88','7.96204','0','0','0','100','0'),
('6929','62','-3941.03','-5981.26','7.51708','0','0','0','100','0'),
('6929','63','-3938.68','-5974.66','9.10198','0','0','0','100','0'),
('6929','64','-3937.42','-5971.4','9.31125','0','0','0','100','0'),
('6929','65','-3934.71','-5964.95','9.83561','0','0','0','100','0'),
('6929','66','-3931.82','-5958.57','10.3945','0','0','0','100','0'),
('6929','67','-3930.37','-5955.39','10.1574','0','0','0','100','0'),
('6929','68','-3929.1','-5946.94','10.5152','0','0','0','100','0'),
('6929','69','-3930.34','-5943.67','10.79','0','0','0','100','0'),
('6929','70','-3934.62','-5936.93','10.2697','0','0','0','100','0'),
('6929','71','-3936.35','-5935.34','10.287','0','0','0','100','0'),
('6929','72','-3941.63','-5932.35','10.1467','0','0','0','100','0'),
('6929','73','-3948.22','-5930.03','10.2313','0','0','0','100','0'),
('6929','74','-3951.59','-5929.08','10.3455','0','0','0','100','0'),
('6929','75','-3958.09','-5925.7','10.1852','0','0','0','100','0'),
('6929','76','-3959.67','-5921.5','11.6186','0','0','0','100','0'),
('6929','77','-3960.69','-5916.39','12.4276','0','0','0','100','0'),
('6929','78','-3961.95','-5913.82','12.636','0','0','0','100','0'),
('6929','79','-3966.9','-5908.06','12.4581','0','0','0','100','0'),
('6929','80','-3971.56','-5905.91','12.3699','0','0','0','100','0'),
('6929','81','-3974.99','-5905.2','12.5356','0','0','0','100','0'),
('6929','82','-3980.51','-5903.54','12.5147','0','0','0','100','0'),
('6929','83','-3986.7','-5900.27','11.9326','0','0','0','100','0'),
('6929','84','-3992.82','-5896.87','11.6902','0','0','0','100','0'),
('6929','85','-3995.76','-5894.97','11.565','0','0','0','100','0'),
('6929','86','-4000.71','-5890.85','10.9403','0','0','0','100','0'),
('6929','87','-4003.61','-5887.19','10.7386','0','0','0','100','0'),
('6929','88','-4006.68','-5880.91','10.5384','0','0','0','100','0'),
('6929','89','-4009.46','-5874.48','10.8388','0','0','0','100','0'),
('6929','90','-4010.7','-5871.21','11.0803','0','0','0','100','0'),
('6929','91','-4013.19','-5864.67','11.6074','0','0','0','100','0'),
('6929','92','-4017.66','-5850.36','12.7276','0','0','0','100','0'),
('6929','93','-4019.97','-5843.86','13.3038','0','0','0','100','0'),
('6929','94','-4023.76','-5839.78','13.5318','0','0','0','100','0'),
('6929','95','-4026.96','-5838.34','13.424','0','0','0','100','0'),
('6929','96','-4033.5','-5835.85','13.0174','0','0','0','100','0'),
('6929','97','-4041.14','-5832.96','12.1028','0','0','0','100','0'),
('6929','98','-4046.82','-5828.92','12.241','0','0','0','100','0'),
('6929','99','-4051.46','-5823.68','13.1605','0','0','0','100','0'),
('6929','100','-4056','-5818.35','13.2064','0','0','0','100','0'),
('6929','101','-4060.59','-5813.07','13.0855','0','0','0','100','0'),
('6929','102','-4065.62','-5808.97','13.09','0','0','0','100','0'),
('6929','103','-4071.75','-5806.77','12.7753','0','0','0','100','0'),
('6929','104','-4077.65','-5807.12','11.8494','0','0','0','100','0'),
('6929','105','-4084.62','-5807.79','10.6955','0','0','0','100','0'),
('6929','106','-4090.08','-5807.57','10.2596','0','0','0','100','0'),
('6929','107','-4096.18','-5804.34','10.9765','0','0','0','100','0'),
('6929','108','-4099.54','-5800.68','11.5064','0','0','0','100','0'),
('6929','109','-4103.38','-5794.83','12.0153','0','0','0','100','0'),
('6929','110','-4107.22','-5788.97','10.5606','0','0','0','100','0'),
('6929','111','-4111.14','-5784.77','9.36262','0','0','0','100','0'),
('6929','112','-4116.51','-5781.53','9.24842','0','0','0','100','0'),
('6929','113','-4135.43','-5772.41','12.1886','0','0','0','100','0'),
('6929','114','-4141.53','-5769.32','12.2804','0','0','0','100','0'),
('6929','115','-4149.73','-5762.79','12.4485','0','0','0','100','0'),
('6929','116','-4153.82','-5759.19','12.5994','0','0','0','100','0'),
('6929','117','-4162.98','-5754.44','12.7108','0','0','0','100','0'),
('6929','118','-4167.43','-5752.89','12.9798','0','0','0','100','0'),
('6929','119','-4176.39','-5751.34','13.4691','0','0','0','100','0'),
('6929','120','-4182.81','-5752.65','13.4622','0','0','0','100','0'),
('6929','121','-4191.53','-5756.87','13.2461','0','0','0','100','0'),
('6929','122','-4196.72','-5763.18','12.776','0','0','0','100','0'),
('6929','123','-4198.63','-5768.75','12.468','0','0','0','100','0'),
('6929','124','-4199.02','-5774.47','12.314','0','0','0','100','0'),
('6929','125','-4197.57','-5781.32','12.256','0','0','0','100','0'),
('6929','126','-4195.09','-5791.52','10.1715','0','0','0','100','0'),
('6929','127','-4193.8','-5798.4','9.65504','0','0','0','100','0'),
('6929','128','-4192.94','-5805.35','9.5493','0','0','0','100','0'),
('6929','129','-4190.6','-5814.46','9.00059','0','0','0','100','0'),
('6929','130','-4186.02','-5817.24','8.16547','0','0','0','100','0'),
('6929','131','-4179.4','-5819.51','7.57415','0','0','0','100','0'),
('6929','132','-4172.78','-5821.79','7.88518','0','0','0','100','0'),
('6929','133','-4166.36','-5824.73','8.29576','0','0','0','100','0'),
('6929','134','-4162.94','-5827.44','8.53805','0','0','0','100','0'),
('6929','135','-4159.25','-5833.06','9.31809','0','0','0','100','0'),
('6929','136','-4155.75','-5842.06','10.574','0','0','0','100','0'),
('6929','137','-4156.15','-5847.92','11.0376','0','0','0','100','0'),
('6929','138','-4159.9','-5852.31','11.0115','0','0','0','100','0'),
('6929','139','-4167.58','-5859.91','12.7312','0','0','0','100','0'),
('6929','140','-4171.94','-5862','13.4708','0','0','0','100','0'),
('6929','141','-4178.86','-5863.04','14.2163','0','0','0','100','0'),
('6929','142','-4189.2','-5864.88','14.8846','0','0','0','100','0'),
('6929','143','-4196.07','-5866.21','14.8294','0','0','0','100','0'),
('6929','144','-4202.94','-5867.54','14.666','0','0','0','100','0'),
('6929','145','-4209.84','-5868.72','14.9386','0','0','0','100','0'),
('6929','146','-4216.82','-5869.19','15.7272','0','0','0','100','0'),
('6929','147','-4223.82','-5869.19','16.7586','0','0','0','100','0'),
('6929','148','-4231.07','-5868.05','17.419','0','0','0','100','0'),
('6929','149','-4235.58','-5865.91','17.4293','0','0','0','100','0'),
('6929','150','-4241.19','-5861.73','17.1188','0','0','0','100','0'),
('6929','151','-4246.9','-5857.68','17.1043','0','0','0','100','0'),
('6929','152','-4252.86','-5854.01','16.7845','0','0','0','100','0'),
('6929','153','-4258.77','-5850.26','16.9237','0','0','0','100','0'),
('6929','154','-4266.88','-5843.6','18.1657','0','0','0','100','0'),
('6929','155','-4270.84','-5840.17','18.9783','0','0','0','100','0'),
('6929','156','-4277.51','-5832.07','21.7424','0','0','0','100','0'),
('6929','157','-4282.36','-5827.01','23.7682','0','0','0','100','0'),
('6929','158','-4287.71','-5822.5','25.6406','0','0','0','100','0'),
('6929','159','-4293.26','-5818.24','26.5478','0','0','0','100','0'),
('6929','160','-4298.99','-5814.24','27.8433','0','0','0','100','0'),
('6929','161','-4303.42','-5810.55','29.1921','0','0','0','100','0'),
('6929','162','-4308.07','-5805.32','30.22','0','0','0','100','0'),
('6929','163','-4314.25','-5796.83','31.3209','0','0','0','100','0'),
('6929','164','-4318.33','-5791.15','32.2218','0','0','0','100','0'),
('6929','165','-4322.68','-5786.11','33.3726','0','0','0','100','0'),
('6929','166','-4327.74','-5782.44','34.8122','0','0','0','100','0'),
('6929','167','-4332.22','-5780.71','36.0865','0','0','0','100','0'),
('6929','168','-4337.66','-5780.04','37.5345','0','0','0','100','0'),
('6929','169','-4345.13','-5780.79','39.3567','0','0','0','100','0'),
('6929','170','-4349.56','-5782.73','40.2338','0','0','0','100','0'),
('6929','171','-4364.35','-5792.08','43.0061','0','0','0','100','0'),
('6929','172','-4367.64','-5794.81','43.7169','0','0','0','100','0'),
('6929','173','-4372.7','-5804.01','44.3604','0','0','0','100','0'),
('6929','174','-4374.83','-5808.03','44.7837','0','0','0','100','0'),
('6929','175','-4377.13','-5815.54','45.2162','0','0','0','100','0'),
('6929','176','-4376.54','-5821.61','44.5925','0','0','0','100','0'),
('6929','177','-4373.99','-5825.73','43.8981','0','0','0','100','0'),
('6929','178','-4369.31','-5830.94','42.7611','0','0','0','100','0'),
('6929','179','-4364.63','-5836.14','41.7078','0','0','0','100','0'),
('6929','180','-4361.13','-5840.49','40.9795','0','0','0','100','0'),
('6929','181','-4358.03','-5846.76','40.3553','0','0','0','100','0'),
('6929','182','-4355.62','-5853.33','39.8646','0','0','0','100','0'),
('6929','183','-4353.6','-5860.03','39.4073','0','0','0','100','0'),
('6929','184','-4351.58','-5866.73','38.9027','0','0','0','100','0'),
('6929','185','-4349.56','-5873.43','38.2955','0','0','0','100','0'),
('6929','186','-4348.16','-5879.76','38.02','0','0','0','100','0'),
('6929','187','-4348.33','-5885.09','37.7449','0','0','0','100','0'),
('6929','188','-4352.82','-5909.18','34.7863','0','0','0','100','0'),
('6929','189','-4354.12','-5916.06','34.3445','0','0','0','100','0'),
('6929','190','-4355.95','-5926.54','32.6989','0','0','0','100','0'),
('6929','191','-4355.74','-5932.55','31.3207','0','0','0','100','0'),
('6929','192','-4357.07','-5938.39','30.0492','0','0','0','100','0'),
('6929','193','-4359.41','-5944.98','28.631','0','0','0','100','0'),
('6929','194','-4363.48','-5954.66','27.0259','0','0','0','100','0'),
('6929','195','-4365.01','-5959.84','26.3946','0','0','0','100','0'),
('6929','196','-4365.41','-5965.27','25.6996','0','0','0','100','0'),
('6929','197','-4365.48','-5968.77','25.2597','0','0','0','100','0'),
('6929','198','-4364.46','-5975.77','24.0796','0','0','0','100','0'),
('6929','199','-4361.42','-5981.37','22.6214','0','0','0','100','0'),
('6929','200','-4358.18','-5983.92','21.8104','0','0','0','100','0'),
('6929','201','-4353.52','-5985.55','21.0389','0','0','0','100','0'),
('6929','202','-4350.27','-5985.81','20.6714','0','0','0','100','0'),
('6929','203','-4343.27','-5986.08','20.3218','0','0','0','100','0'),
('6929','204','-4336.34','-5987.02','20.0441','0','0','0','100','0'),
('6929','205','-4329.46','-5988.32','19.2147','0','0','0','100','0'),
('6929','206','-4321.57','-5990.42','18.303','0','0','0','100','0'),
('6929','207','-4318.39','-5990.25','18.4071','0','0','0','100','0'),
('6929','208','-4311.64','-5987.82','18.7315','0','0','0','100','0'),
('6929','209','-4306.4','-5983.18','18.9828','0','0','0','100','0'),
('6929','210','-4299.52','-5976.92','19.4227','0','0','0','100','0'),
('6929','211','-4295.7','-5974.48','19.7559','0','0','0','100','0'),
('6929','212','-4288.06','-5971.41','19.8181','0','0','0','100','0'),
('6929','213','-4281.22','-5969.97','19.718','0','0','0','100','0'),
('6929','214','-4274.71','-5969.27','19.2067','0','0','0','100','0'),
('6929','215','-4269.28','-5969.25','18.581','0','0','0','100','0'),
('6929','216','-4262.65','-5971.52','17.8725','0','0','0','100','0'),
('6929','217','-4256','-5973.69','18.2105','0','0','0','100','0'),
('6929','218','-4250.82','-5974.48','18.3796','0','0','0','100','0'),
('6929','219','-4242.25','-5973.33','18.5592','0','0','0','100','0'),
('6929','220','-4236.94','-5971.66','18.448','0','0','0','100','0'),
('6929','221','-4230.63','-5968.63','17.8341','0','0','0','100','0'),
('6929','222','-4221.23','-5965.29','17.7239','0','0','0','100','0'),
('6929','223','-4214.34','-5964.09','17.292','0','0','0','100','0'),
('6929','224','-4210.86','-5963.74','16.7648','0','0','0','100','0'),
('6929','225','-4202.83','-5963.54','16.2056','0','0','0','100','0'),
('6929','226','-4195.87','-5964.25','16.5628','0','0','0','100','0'),
('6929','227','-4188.95','-5965.28','16.3915','0','0','0','100','0'),
('6929','228','-4186.2','-5965.84','16.085','0','0','0','100','0'),
('6929','229','-4179.5','-5967.84','15.1534','0','0','0','100','0'),
('6929','230','-4172.81','-5969.77','14.3486','0','0','0','100','0'),
('6929','231','-4160.44','-5965.92','14.0466','0','0','0','100','0'),
('6929','232','-4156.01','-5963.03','14.1159','0','0','0','100','0'),
('6929','233','-4150.61','-5958.58','14.1176','0','0','0','100','0'),
('6929','234','-4147.29','-5955.17','14.6825','0','0','0','100','0'),
('6929','235','-4142.66','-5949.92','15.2026','0','0','0','100','0'),
('6929','236','-4136.52','-5944.57','14.5913','0','0','0','100','0'),
('6929','237','-4131.32','-5941.65','13.9204','0','0','0','100','0'),
('6929','238','-4124.67','-5939.49','13.6533','0','0','0','100','0'),
('6929','239','-4117.14','-5940.02','13.7','0','0','0','100','0'),
('6929','240','-4114.51','-5942','13.4988','0','0','0','100','0'),
('6929','241','-4110.93','-5950.74','12.6924','0','0','0','100','0'),
('6929','242','-4111.14','-5955.8','12.018','0','0','0','100','0'),
('6929','243','-4112.54','-5959.01','11.6561','0','0','0','100','0'),
('6929','244','-4116.67','-5966.85','10.8553','0','0','0','100','0'),
('6929','245','-4120.39','-5970.56','10.3939','0','0','0','100','0'),
('6929','246','-4125.98','-5974.76','9.88676','0','0','0','100','0'),
('6929','247','-4130.52','-5977.23','9.79702','0','0','0','100','0'),
('6929','248','-4137.42','-5979.46','10.4067','0','0','0','100','0'),
('6929','249','-4142.5','-5979.73','11.1543','0','0','0','100','0'),
('6929','250','-4147.95','-5978.92','11.8164','0','0','0','100','0'),
('6929','251','-4155.36','-5975.29','13.3203','0','0','0','100','0'),
('6929','252','-4160.88','-5971','13.5858','0','0','0','100','0'),
('6929','253','-4169.32','-5964.12','14.541','0','0','0','100','0'),
('6929','254','-4170.38','-5958.18','15.1719','0','0','0','100','0'),
('6929','255','-4170.7','-5951.19','15.4338','0','0','0','100','0'),
('6929','256','-4171.23','-5943.74','16.5056','0','0','0','100','0'),
('6929','257','-4173.9','-5937.71','17.1053','0','0','0','100','0'),
('6929','258','-4175.45','-5934.57','17.3964','0','0','0','100','0'),
('6929','259','-4180.09','-5925.16','17.6285','0','0','0','100','0'),
('6929','260','-4182.48','-5919.8','18.0292','0','0','0','100','0'),
('6929','261','-4183.88','-5914.14','18.8027','0','0','0','100','0'),
('6929','262','-4184.16','-5909.61','19.0959','0','0','0','100','0'),
('6929','263','-4183.03','-5902.71','18.7304','0','0','0','100','0'),
('6929','264','-4181.45','-5894.28','18.6552','0','0','0','100','0'),
('6929','265','-4178.92','-5889.39','17.9191','0','0','0','100','0'),
('6929','266','-4173.52','-5884.33','16.8774','0','0','0','100','0'),
('6929','267','-4169.69','-5883.01','17.0171','0','0','0','100','0'),
('6929','268','-4159.68','-5884.92','16.8067','0','0','0','100','0'),
('6929','269','-4158.55','-5885.36','16.7471','0','0','0','100','0'),
('6929','270','-4155.72','-5883.99','16.5471','0','0','0','100','0');

-- Waypoint movement type guid 7247 (Karoma)
UPDATE `creature` SET `MovementType`='2' WHERE `guid`='7247';

-- Set WP for creature guid 6564982 (Karoma)
DELETE FROM `creature_addon` WHERE (`guid`=7247);
INSERT INTO `creature_addon` (`guid`, `path_id`, `mount`, `bytes1`, `bytes2`, `emote`, `auras`) VALUES 
(7247, '7247', 0, 0, 1, 0, '');

-- WP For (Karoma)
DELETE FROM waypoint_data WHERE id='7247';
INSERT INTO `waypoint_data` (`id`, `point`, `position_x`, `position_y`, `position_z`, `delay`, `move_flag`, `action`, `action_chance`, `wpguid`) VALUES 
('7247','1','-4327.02','-5246.22','62.6014','0','0','0','100','0'),
('7247','2','-4331.05','-5245.74','62.609','0','0','0','100','0'),
('7247','3','-4336.42','-5239.33','62.6609','0','0','0','100','0'),
('7247','4','-4338.64','-5232.95','62.7733','0','0','0','100','0'),
('7247','5','-4341.35','-5226.93','62.9188','0','0','0','100','0'),
('7247','6','-4347.62','-5220.11','63.4978','0','0','0','100','0'),
('7247','7','-4354.89','-5214.59','64.5555','0','0','0','100','0'),
('7247','8','-4360.09','-5207.59','65.3292','0','0','0','100','0'),
('7247','9','-4364.5','-5198.55','64.7133','0','0','0','100','0'),
('7247','10','-4363.66','-5190.21','62.7413','0','0','0','100','0'),
('7247','11','-4367.09','-5186.62','62.4824','0','0','0','100','0'),
('7247','12','-4371.28','-5190.22','64.3197','0','0','0','100','0'),
('7247','13','-4378.57','-5197.77','67.8512','0','0','0','100','0'),
('7247','14','-4383.13','-5204.71','71.4111','0','0','0','100','0'),
('7247','15','-4386.07','-5209.08','73.2729','0','0','0','100','0'),
('7247','16','-4389.29','-5210.67','74.2445','0','0','0','100','0'),
('7247','17','-4396.02','-5212.57','75.6493','0','0','0','100','0'),
('7247','18','-4400.59','-5213.44','76.298','0','0','0','100','0'),
('7247','19','-4409.37','-5212.38','76.9523','0','0','0','100','0'),
('7247','20','-4413.94','-5210.64','76.994','0','0','0','100','0'),
('7247','21','-4416.89','-5208.74','76.9632','0','0','0','100','0'),
('7247','22','-4423.78','-5203.09','76.8632','0','0','0','100','0'),
('7247','23','-4427.35','-5197.77','77.5777','0','0','0','100','0'),
('7247','24','-4432.07','-5193.11','77.5169','0','0','0','100','0'),
('7247','25','-4437.28','-5188.45','78.1403','0','0','0','100','0'),
('7247','26','-4444.45','-5181.27','80.2233','0','0','0','100','0'),
('7247','27','-4449.93','-5177.08','82.175','0','0','0','100','0'),
('7247','28','-4455.83','-5175.5','84.1269','0','0','0','100','0'),
('7247','29','-4459.27','-5176.14','85.1391','0','0','0','100','0'),
('7247','30','-4465.49','-5177.93','87.2208','0','0','0','100','0'),
('7247','31','-4471.69','-5182.64','89.192','0','0','0','100','0'),
('7247','32','-4475.56','-5186.9','90.423','0','0','0','100','0'),
('7247','33','-4477.3','-5189.94','90.89','0','0','0','100','0'),
('7247','34','-4480.62','-5196.1','92.1197','0','0','0','100','0'),
('7247','35','-4483.55','-5202.46','93.5243','0','0','0','100','0'),
('7247','36','-4486.08','-5208.44','94.5655','0','0','0','100','0'),
('7247','37','-4488.11','-5215.13','95.1777','0','0','0','100','0'),
('7247','38','-4489.15','-5218.47','95.4339','0','0','0','100','0'),
('7247','39','-4491.39','-5225.1','95.8949','0','0','0','100','0'),
('7247','40','-4494.08','-5230.79','96.1141','0','0','0','100','0'),
('7247','41','-4497.77','-5236.74','96.1752','0','0','0','100','0'),
('7247','42','-4499.92','-5239.5','96.1003','0','0','0','100','0'),
('7247','43','-4503.97','-5245.84','95.0136','0','0','0','100','0'),
('7247','44','-4505.94','-5250.81','93.4296','0','0','0','100','0'),
('7247','45','-4506.99','-5257.73','91.205','0','0','0','100','0'),
('7247','46','-4508.17','-5264.34','89.5224','0','0','0','100','0'),
('7247','47','-4509.67','-5268.26','88.7792','0','0','0','100','0'),
('7247','48','-4514.84','-5274.45','88.2171','0','0','0','100','0'),
('7247','49','-4518.6','-5276.31','88.5263','0','0','0','100','0'),
('7247','50','-4524.67','-5276.97','89.9716','0','0','0','100','0'),
('7247','51','-4531.4','-5278.05','91.7089','0','0','0','100','0'),
('7247','52','-4536.5','-5280.8','92.1754','0','0','0','100','0'),
('7247','53','-4540.49','-5284.77','91.9172','0','0','0','100','0'),
('7247','54','-4543.88','-5291.37','91.0852','0','0','0','100','0'),
('7247','55','-4544.96','-5297.96','90.7469','0','0','0','100','0'),
('7247','56','-4544.59','-5303.26','91.4587','0','0','0','100','0'),
('7247','57','-4543.24','-5306.48','91.7738','0','0','0','100','0'),
('7247','58','-4539.96','-5314.33','91.5115','0','0','0','100','0'),
('7247','59','-4538.93','-5320.16','91.3377','0','0','0','100','0'),
('7247','60','-4539.25','-5326.38','90.9132','0','0','0','100','0'),
('7247','61','-4540.15','-5330.88','89.8594','0','0','0','100','0'),
('7247','62','-4543.67','-5337.82','87.9805','0','0','0','100','0'),
('7247','63','-4547.15','-5342.68','84.9357','0','0','0','100','0'),
('7247','64','-4552.81','-5348.1','83.3362','0','0','0','100','0'),
('7247','65','-4558.55','-5350.25','83.9804','0','0','0','100','0'),
('7247','66','-4565.48','-5351.03','83.6913','0','0','0','100','0'),
('7247','67','-4573.86','-5351.38','81.9656','0','0','0','100','0'),
('7247','68','-4579.56','-5353.03','81.5359','0','0','0','100','0'),
('7247','69','-4584.79','-5356.35','82.3461','0','0','0','100','0'),
('7247','70','-4588.13','-5361.37','82.0622','0','0','0','100','0'),
('7247','71','-4588.76','-5365.26','81.5499','0','0','0','100','0'),
('7247','72','-4589.17','-5370.93','81.2071','0','0','0','100','0'),
('7247','73','-4588.22','-5377.86','81.1242','0','0','0','100','0'),
('7247','74','-4586.88','-5384.73','79.8626','0','0','0','100','0'),
('7247','75','-4586.19','-5388.16','79.2805','0','0','0','100','0'),
('7247','76','-4584.08','-5396.38','79.2348','0','0','0','100','0'),
('7247','77','-4581.24','-5401.24','80.3555','0','0','0','100','0'),
('7247','78','-4578.35','-5403.27','80.9806','0','0','0','100','0'),
('7247','79','-4571.86','-5405.9','81.7197','0','0','0','100','0'),
('7247','80','-4565.28','-5410.09','81.4985','0','0','0','100','0'),
('7247','81','-4563.25','-5412.19','81.402','0','0','0','100','0'),
('7247','82','-4560.05','-5417.2','81.5954','0','0','0','100','0'),
('7247','83','-4558.62','-5423.83','81.6018','0','0','0','100','0'),
('7247','84','-4559.33','-5430.78','81.2117','0','0','0','100','0'),
('7247','85','-4560.43','-5435.27','80.7575','0','0','0','100','0'),
('7247','86','-4564.15','-5441.55','79.5287','0','0','0','100','0'),
('7247','87','-4568.85','-5446.74','79.3956','0','0','0','100','0'),
('7247','88','-4572.7','-5451.9','78.8993','0','0','0','100','0'),
('7247','89','-4575.06','-5455.96','78.9918','0','0','0','100','0'),
('7247','90','-4576.18','-5462.96','79.475','0','0','0','100','0'),
('7247','91','-4573.67','-5467.09','80.8492','0','0','0','100','0'),
('7247','92','-4571.64','-5469.71','81.208','0','0','0','100','0'),
('7247','93','-4565.77','-5473.51','81.1701','0','0','0','100','0'),
('7247','94','-4559.83','-5477.22','81.5436','0','0','0','100','0'),
('7247','95','-4554.91','-5480.47','82.1352','0','0','0','100','0'),
('7247','96','-4551.82','-5483.49','81.8842','0','0','0','100','0'),
('7247','97','-4547.84','-5489.25','80.9813','0','0','0','100','0'),
('7247','98','-4544.33','-5495.3','79.617','0','0','0','100','0'),
('7247','99','-4540.95','-5501.43','77.7625','0','0','0','100','0'),
('7247','100','-4537.97','-5507.76','76.3632','0','0','0','100','0'),
('7247','101','-4535.93','-5512.47','76.231','0','0','0','100','0'),
('7247','102','-4533.88','-5519','76.0939','0','0','0','100','0'),
('7247','103','-4533.23','-5522.44','75.7623','0','0','0','100','0'),
('7247','104','-4532.54','-5529.41','74.6834','0','0','0','100','0'),
('7247','105','-4532.44','-5534.9','73.6424','0','0','0','100','0'),
('7247','106','-4533','-5541.87','72.6281','0','0','0','100','0'),
('7247','107','-4533.56','-5548.85','72.1759','0','0','0','100','0'),
('7247','108','-4533.81','-5552.34','72.1792','0','0','0','100','0'),
('7247','109','-4533.2','-5560.81','73.0097','0','0','0','100','0'),
('7247','110','-4531.59','-5566.77','74.2285','0','0','0','100','0'),
('7247','111','-4526.56','-5574.6','75.1697','0','0','0','100','0'),
('7247','112','-4523.83','-5576.78','75.2419','0','0','0','100','0'),
('7247','113','-4517.6','-5579.67','74.964','0','0','0','100','0'),
('7247','114','-4511.87','-5579.52','74.5626','0','0','0','100','0'),
('7247','115','-4504.68','-5576.44','74.4178','0','0','0','100','0'),
('7247','116','-4499.49','-5571.76','74.2522','0','0','0','100','0'),
('7247','117','-4497.09','-5569.21','74.0961','0','0','0','100','0'),
('7247','118','-4490.85','-5563.85','74.2576','0','0','0','100','0'),
('7247','119','-4484.47','-5560.98','73.965','0','0','0','100','0'),
('7247','120','-4478.66','-5558.02','73.6534','0','0','0','100','0'),
('7247','121','-4472.95','-5552.07','74.3121','0','0','0','100','0'),
('7247','122','-4468.83','-5546.41','74.8808','0','0','0','100','0'),
('7247','123','-4464.65','-5540.8','75.2009','0','0','0','100','0'),
('7247','124','-4460.02','-5535.56','75.4057','0','0','0','100','0'),
('7247','125','-4457.52','-5533.11','75.512','0','0','0','100','0'),
('7247','126','-4452.32','-5528.43','75.7295','0','0','0','100','0'),
('7247','127','-4446.75','-5524.19','75.6549','0','0','0','100','0'),
('7247','128','-4441.07','-5520.1','75.2658','0','0','0','100','0'),
('7247','129','-4438.26','-5518','75.0271','0','0','0','100','0'),
('7247','130','-4431.58','-5512.2','74.4995','0','0','0','100','0'),
('7247','131','-4426.28','-5505.86','74.3214','0','0','0','100','0'),
('7247','132','-4424.13','-5501.77','74.5307','0','0','0','100','0'),
('7247','133','-4422.93','-5497.04','75.1642','0','0','0','100','0'),
('7247','134','-4422.51','-5490.4','76.4551','0','0','0','100','0'),
('7247','135','-4424.08','-5484.13','77.7314','0','0','0','100','0'),
('7247','136','-4426.64','-5477.62','78.8213','0','0','0','100','0'),
('7247','137','-4429.96','-5469.07','80.2792','0','0','0','100','0'),
('7247','138','-4430.63','-5463.76','80.8236','0','0','0','100','0'),
('7247','139','-4432.39','-5455.67','81.6746','0','0','0','100','0'),
('7247','140','-4433.57','-5453.46','82.098','0','0','0','100','0'),
('7247','141','-4440.58','-5445.64','83.4671','0','0','0','100','0'),
('7247','142','-4442.93','-5443.05','83.5433','0','0','0','100','0'),
('7247','143','-4447.63','-5437.86','83.3909','0','0','0','100','0'),
('7247','144','-4452.33','-5432.68','84.5211','0','0','0','100','0'),
('7247','145','-4457.03','-5427.49','84.8624','0','0','0','100','0'),
('7247','146','-4461.63','-5422.22','85.669','0','0','0','100','0'),
('7247','147','-4465.09','-5416.14','87.2443','0','0','0','100','0'),
('7247','148','-4465.91','-5413.52','87.5783','0','0','0','100','0'),
('7247','149','-4467.29','-5406.66','87.3266','0','0','0','100','0'),
('7247','150','-4467.33','-5397.74','85.8267','0','0','0','100','0'),
('7247','151','-4466.7','-5395.35','85.3268','0','0','0','100','0'),
('7247','152','-4462.62','-5386.78','85.3284','0','0','0','100','0'),
('7247','153','-4459.62','-5382.61','85.6664','0','0','0','100','0'),
('7247','154','-4452','-5375.39','85.799','0','0','0','100','0'),
('7247','155','-4449.3','-5373.17','85.062','0','0','0','100','0'),
('7247','156','-4443.9','-5368.71','83.0365','0','0','0','100','0'),
('7247','157','-4438.5','-5364.26','81.6511','0','0','0','100','0'),
('7247','158','-4432.86','-5359.28','80.7341','0','0','0','100','0'),
('7247','159','-4427.27','-5350.39','77.5435','0','0','0','100','0'),
('7247','160','-4425.1','-5347.26','77.0682','0','0','0','100','0'),
('7247','161','-4417.5','-5340','75.208','0','0','0','100','0'),
('7247','162','-4412.4','-5335.21','74.4866','0','0','0','100','0'),
('7247','163','-4407.34','-5330.38','75.1887','0','0','0','100','0'),
('7247','164','-4402.21','-5325.61','75.8622','0','0','0','100','0'),
('7247','165','-4396.8','-5321.18','75.7825','0','0','0','100','0'),
('7247','166','-4393.64','-5317.88','75.4889','0','0','0','100','0'),
('7247','167','-4390.77','-5311.49','75.2477','0','0','0','100','0'),
('7247','168','-4388.04','-5305.42','74.1158','0','0','0','100','0'),
('7247','169','-4382.63','-5299.54','70.9257','0','0','0','100','0'),
('7247','170','-4377.3','-5297.83','69.2955','0','0','0','100','0'),
('7247','171','-4370.39','-5296.74','67.9312','0','0','0','100','0'),
('7247','172','-4364.6','-5295.46','66.9416','0','0','0','100','0'),
('7247','173','-4360.06','-5293.01','66.6418','0','0','0','100','0'),
('7247','174','-4354.54','-5288.72','66.3913','0','0','0','100','0'),
('7247','175','-4349.97','-5285.19','66.011','0','0','0','100','0'),
('7247','176','-4340.59','-5280.47','64.5414','0','0','0','100','0'),
('7247','177','-4335.13','-5277.03','63.3213','0','0','0','100','0'),
('7247','178','-4332.22','-5275.08','62.7033','0','0','0','100','0'),
('7247','179','-4326.66','-5270.84','61.7758','0','0','0','100','0'),
('7247','180','-4320.31','-5265.5','61.2789','0','0','0','100','0'),
('7247','181','-4317.03','-5260.62','61.5592','0','0','0','100','0'),
('7247','182','-4315.69','-5257.39','61.9735','0','0','0','100','0'),
('7247','183','-4314.44','-5251.27','62.4961','0','0','0','100','0'),
('7247','184','-4317.07','-5248.98','62.5278','0','0','0','100','0'),
('7247','185','-4322.25','-5246.59','62.5886','0','0','0','100','0'),
('7247','186','-4323.92','-5246.38','62.5933','0','0','0','100','0');

-- Waypoint movement type guid 7279 (Karoma)
UPDATE `creature` SET `MovementType`='2' WHERE `guid`='7279';

-- Set WP for creature guid 6564982 (Karoma)
DELETE FROM `creature_addon` WHERE (`guid`=7279);
INSERT INTO `creature_addon` (`guid`, `path_id`, `mount`, `bytes1`, `bytes2`, `emote`, `auras`) VALUES 
(7279, '7279', 0, 0, 1, 0, '');

-- WP For (Karoma)
DELETE FROM waypoint_data WHERE id='7279';
INSERT INTO `waypoint_data` (`id`, `point`, `position_x`, `position_y`, `position_z`, `delay`, `move_flag`, `action`, `action_chance`, `wpguid`) VALUES 
('7279','1','-4810.03','-5185.29','144.018','0','0','0','100','0'),
('7279','2','-4806.53','-5185.22','143.437','0','0','0','100','0'),
('7279','3','-4796.05','-5184.63','140.309','0','0','0','100','0'),
('7279','4','-4787.16','-5182.97','138.321','0','0','0','100','0'),
('7279','5','-4777.33','-5179.27','138.855','0','0','0','100','0'),
('7279','6','-4767.52','-5175.54','139.017','0','0','0','100','0'),
('7279','7','-4759.73','-5174.08','137.986','0','0','0','100','0'),
('7279','8','-4754.28','-5175.23','137.04','0','0','0','100','0'),
('7279','9','-4744.91','-5179.96','136.222','0','0','0','100','0'),
('7279','10','-4738.81','-5183.4','134.9','0','0','0','100','0'),
('7279','11','-4732.88','-5186.67','134.196','0','0','0','100','0'),
('7279','12','-4726.68','-5188.48','133.174','0','0','0','100','0'),
('7279','13','-4719.87','-5187.62','131.6','0','0','0','100','0'),
('7279','14','-4713.06','-5183.61','129.981','0','0','0','100','0'),
('7279','15','-4706.59','-5175.34','129.22','0','0','0','100','0'),
('7279','16','-4703.95','-5168.95','129.112','0','0','0','100','0'),
('7279','17','-4704.2','-5161.97','130.856','0','0','0','100','0'),
('7279','18','-4706.53','-5155.64','134.371','0','0','0','100','0'),
('7279','19','-4709.5','-5149.31','137.011','0','0','0','100','0'),
('7279','20','-4712.12','-5141.45','138.552','0','0','0','100','0'),
('7279','21','-4713.26','-5134.55','140.728','0','0','0','100','0'),
('7279','22','-4714.2','-5129.45','142.383','0','0','0','100','0'),
('7279','23','-4716.18','-5122.74','144.108','0','0','0','100','0'),
('7279','24','-4717.76','-5112.36','145.471','0','0','0','100','0'),
('7279','25','-4718.71','-5105.42','146.15','0','0','0','100','0'),
('7279','26','-4720.58','-5095.1','146.884','0','0','0','100','0'),
('7279','27','-4721.91','-5088.9','147.29','0','0','0','100','0'),
('7279','28','-4725.41','-5081.58','147.717','0','0','0','100','0'),
('7279','29','-4729.66','-5076.03','148.355','0','0','0','100','0'),
('7279','30','-4734.28','-5070.77','149.512','0','0','0','100','0'),
('7279','31','-4736.59','-5068.14','149.784','0','0','0','100','0'),
('7279','32','-4741.19','-5062.86','149.518','0','0','0','100','0'),
('7279','33','-4745.12','-5057.98','149.414','0','0','0','100','0'),
('7279','34','-4747.41','-5053.36','150.213','0','0','0','100','0'),
('7279','35','-4748.51','-5048.26','151.834','0','0','0','100','0'),
('7279','36','-4748.06','-5041.28','154.513','0','0','0','100','0'),
('7279','37','-4746.6','-5035.25','156.315','0','0','0','100','0'),
('7279','38','-4744.2','-5028.68','158.44','0','0','0','100','0'),
('7279','39','-4741.38','-5022.28','159.774','0','0','0','100','0'),
('7279','40','-4738.04','-5016.13','160.473','0','0','0','100','0'),
('7279','41','-4734.55','-5010.06','161.292','0','0','0','100','0'),
('7279','42','-4731.61','-5003.71','162.608','0','0','0','100','0'),
('7279','43','-4729.07','-4997.19','163.99','0','0','0','100','0'),
('7279','44','-4726.75','-4989.1','165.133','0','0','0','100','0'),
('7279','45','-4726.16','-4981.54','165.927','0','0','0','100','0'),
('7279','46','-4728.1','-4976.76','166.711','0','0','0','100','0'),
('7279','47','-4733.9','-4970.72','167.751','0','0','0','100','0'),
('7279','48','-4739.04','-4967.18','168.289','0','0','0','100','0'),
('7279','49','-4744.7','-4965.94','170.013','0','0','0','100','0'),
('7279','50','-4750.66','-4968.72','168.846','0','0','0','100','0'),
('7279','51','-4752.2','-4971.87','166.936','0','0','0','100','0'),
('7279','52','-4758.28','-4976.47','166.41','0','0','0','100','0'),
('7279','53','-4765.92','-4975.37','163.751','0','0','0','100','0'),
('7279','54','-4768.41','-4974.67','162.729','0','0','0','100','0'),
('7279','55','-4775.84','-4971.33','160.08','0','0','0','100','0'),
('7279','56','-4779.82','-4967.99','160.105','0','0','0','100','0'),
('7279','57','-4783.48','-4962.55','160.858','0','0','0','100','0'),
('7279','58','-4785.71','-4956.85','162.084','0','0','0','100','0'),
('7279','59','-4786.26','-4949','165.224','0','0','0','100','0'),
('7279','60','-4785.69','-4944.47','166.937','0','0','0','100','0'),
('7279','61','-4785.02','-4942.62','167.394','0','0','0','100','0'),
('7279','62','-4788.32','-4936.9','170.151','0','0','0','100','0'),
('7279','63','-4792.43','-4928.1','174.184','0','0','0','100','0'),
('7279','64','-4797.94','-4922.58','177.309','0','0','0','100','0'),
('7279','65','-4803.41','-4920.08','179.291','0','0','0','100','0'),
('7279','66','-4811.51','-4917.98','181.644','0','0','0','100','0'),
('7279','67','-4818.92','-4914.51','184.329','0','0','0','100','0'),
('7279','68','-4824.7','-4915.05','185.232','0','0','0','100','0'),
('7279','69','-4831.5','-4916.7','185.509','0','0','0','100','0'),
('7279','70','-4835.03','-4918.01','185.374','0','0','0','100','0'),
('7279','71','-4837.62','-4920.17','184.741','0','0','0','100','0'),
('7279','72','-4846.29','-4927.63','182.328','0','0','0','100','0'),
('7279','73','-4853.1','-4928.04','182.227','0','0','0','100','0'),
('7279','74','-4857.24','-4925.72','182.649','0','0','0','100','0'),
('7279','75','-4862.7','-4925.99','182.326','0','0','0','100','0'),
('7279','76','-4864.44','-4936.34','179.252','0','0','0','100','0'),
('7279','77','-4866.25','-4941.64','177.46','0','0','0','100','0'),
('7279','78','-4870.76','-4948.74','175.3','0','0','0','100','0'),
('7279','79','-4880.12','-4959.16','173.095','0','0','0','100','0'),
('7279','80','-4884.78','-4965.88','172.855','0','0','0','100','0'),
('7279','81','-4887.99','-4972.1','172.715','0','0','0','100','0'),
('7279','82','-4891.17','-4978.34','173.957','0','0','0','100','0'),
('7279','83','-4892.99','-4981.07','176.99','0','0','0','100','0'),
('7279','84','-4897.41','-4987.8','182.786','0','0','0','100','0'),
('7279','85','-4897.07','-4991.74','183.938','0','0','0','100','0'),
('7279','86','-4895.79','-4998.62','184.275','0','0','0','100','0'),
('7279','87','-4895.29','-5004.54','183.474','0','0','0','100','0'),
('7279','88','-4895.15','-5012.46','178.697','0','0','0','100','0'),
('7279','89','-4892.66','-5016.5','176.753','0','0','0','100','0'),
('7279','90','-4888.99','-5019.09','175.548','0','0','0','100','0'),
('7279','91','-4882.59','-5021.92','170.993','0','0','0','100','0'),
('7279','92','-4878.18','-5023.84','167.055','0','0','0','100','0'),
('7279','93','-4873.43','-5025.94','162.709','0','0','0','100','0'),
('7279','94','-4867.12','-5028.97','160.624','0','0','0','100','0'),
('7279','95','-4863.16','-5031.65','158.749','0','0','0','100','0'),
('7279','96','-4857.75','-5036.09','156.129','0','0','0','100','0'),
('7279','97','-4852.37','-5040.57','153.24','0','0','0','100','0'),
('7279','98','-4847.19','-5045.27','151.426','0','0','0','100','0'),
('7279','99','-4840.83','-5051.86','149.96','0','0','0','100','0'),
('7279','100','-4838.11','-5058.19','148.543','0','0','0','100','0'),
('7279','101','-4837.55','-5066.05','147.164','0','0','0','100','0'),
('7279','102','-4839.33','-5071.89','146.36','0','0','0','100','0'),
('7279','103','-4839.65','-5079.12','145.534','0','0','0','100','0'),
('7279','104','-4839.67','-5085.75','144.699','0','0','0','100','0'),
('7279','105','-4840.27','-5092.72','143.444','0','0','0','100','0'),
('7279','106','-4840.59','-5096.19','143.517','0','0','0','100','0'),
('7279','107','-4840.08','-5104.44','144.837','0','0','0','100','0'),
('7279','108','-4837.82','-5111.06','145.123','0','0','0','100','0'),
('7279','109','-4835.03','-5117.48','144.609','0','0','0','100','0'),
('7279','110','-4832.05','-5123.81','144.435','0','0','0','100','0'),
('7279','111','-4829.6','-5129.92','144.654','0','0','0','100','0'),
('7279','112','-4831.11','-5135.3','145.227','0','0','0','100','0'),
('7279','113','-4835.78','-5139.15','145.793','0','0','0','100','0'),
('7279','114','-4842.18','-5142.43','146.926','0','0','0','100','0'),
('7279','115','-4848.08','-5145.44','148.422','0','0','0','100','0'),
('7279','116','-4854.03','-5150.39','149.93','0','0','0','100','0'),
('7279','117','-4856.22','-5153.12','150.197','0','0','0','100','0'),
('7279','118','-4860.54','-5158.62','149.81','0','0','0','100','0'),
('7279','119','-4865.75','-5165.3','148.422','0','0','0','100','0'),
('7279','120','-4867.55','-5170.52','146.893','0','0','0','100','0'),
('7279','121','-4867.58','-5179.6','144.473','0','0','0','100','0'),
('7279','122','-4867.13','-5183.07','143.863','0','0','0','100','0'),
('7279','123','-4866.34','-5191.51','143.185','0','0','0','100','0'),
('7279','124','-4866.99','-5196.72','142.603','0','0','0','100','0'),
('7279','125','-4868.53','-5202.35','141.369','0','0','0','100','0'),
('7279','126','-4872.79','-5209.96','139.431','0','0','0','100','0'),
('7279','127','-4877.86','-5215.18','137.173','0','0','0','100','0'),
('7279','128','-4881.6','-5217.25','136.043','0','0','0','100','0'),
('7279','129','-4887.02','-5218.78','135.135','0','0','0','100','0'),
('7279','130','-4893.9','-5220.03','134.516','0','0','0','100','0'),
('7279','131','-4900.78','-5221.36','132.954','0','0','0','100','0'),
('7279','132','-4906.68','-5222.5','132.324','0','0','0','100','0'),
('7279','133','-4913.67','-5222.74','132.71','0','0','0','100','0'),
('7279','134','-4920.63','-5222.04','132.286','0','0','0','100','0'),
('7279','135','-4927.59','-5221.35','132.535','0','0','0','100','0'),
('7279','136','-4938.04','-5220.3','133.726','0','0','0','100','0'),
('7279','137','-4941.53','-5220.07','134.518','0','0','0','100','0'),
('7279','138','-4952.03','-5220.12','134.202','0','0','0','100','0'),
('7279','139','-4958.2','-5221.59','134.042','0','0','0','100','0'),
('7279','140','-4961.03','-5223.22','134.155','0','0','0','100','0'),
('7279','141','-4966.18','-5229.06','134.675','0','0','0','100','0'),
('7279','142','-4964.14','-5236.11','134.32','0','0','0','100','0'),
('7279','143','-4961.51','-5238.56','133.924','0','0','0','100','0'),
('7279','144','-4955.29','-5242.67','133.599','0','0','0','100','0'),
('7279','145','-4948.98','-5244.69','133.113','0','0','0','100','0'),
('7279','146','-4941.19','-5246.6','130.038','0','0','0','100','0'),
('7279','147','-4934.85','-5249.55','128.342','0','0','0','100','0'),
('7279','148','-4928.74','-5252.97','126.378','0','0','0','100','0'),
('7279','149','-4922.66','-5256.43','125.257','0','0','0','100','0'),
('7279','150','-4916.65','-5260','125.051','0','0','0','100','0'),
('7279','151','-4911.1','-5262.56','124.371','0','0','0','100','0'),
('7279','152','-4904.72','-5264.25','123.474','0','0','0','100','0'),
('7279','153','-4896.44','-5263.43','124.177','0','0','0','100','0'),
('7279','154','-4893.14','-5262.26','124.869','0','0','0','100','0'),
('7279','155','-4885.22','-5259.35','126.288','0','0','0','100','0'),
('7279','156','-4880.25','-5258.64','126.703','0','0','0','100','0'),
('7279','157','-4872.51','-5259.46','125.327','0','0','0','100','0'),
('7279','158','-4865.96','-5261.92','124.317','0','0','0','100','0'),
('7279','159','-4859.75','-5265.14','123.513','0','0','0','100','0'),
('7279','160','-4855.64','-5267.31','123.12','0','0','0','100','0'),
('7279','161','-4845.6','-5270.39','121.445','0','0','0','100','0'),
('7279','162','-4838.85','-5272.33','120.336','0','0','0','100','0'),
('7279','163','-4834.91','-5269.9','120.09','0','0','0','100','0'),
('7279','164','-4831.66','-5265.14','120.848','0','0','0','100','0'),
('7279','165','-4828.02','-5264.74','121.158','0','0','0','100','0'),
('7279','166','-4822.68','-5261.38','121.864','0','0','0','100','0'),
('7279','167','-4817.56','-5260.04','121.701','0','0','0','100','0'),
('7279','168','-4810.65','-5258.92','121.552','0','0','0','100','0'),
('7279','169','-4805.19','-5259.34','121.521','0','0','0','100','0'),
('7279','170','-4798.97','-5262.13','121.122','0','0','0','100','0'),
('7279','171','-4790.09','-5267.74','119.656','0','0','0','100','0'),
('7279','172','-4781.35','-5273.55','117.921','0','0','0','100','0'),
('7279','173','-4774.99','-5276.81','118.103','0','0','0','100','0'),
('7279','174','-4767.62','-5278.34','118.351','0','0','0','100','0'),
('7279','175','-4757.38','-5277.65','117.95','0','0','0','100','0'),
('7279','176','-4751.54','-5275','118.229','0','0','0','100','0'),
('7279','177','-4746.46','-5269.74','117.733','0','0','0','100','0'),
('7279','178','-4744.11','-5267.15','117.209','0','0','0','100','0'),
('7279','179','-4738.11','-5262.66','116.113','0','0','0','100','0'),
('7279','180','-4731.86','-5259.51','115.871','0','0','0','100','0'),
('7279','181','-4722.44','-5254.87','116.026','0','0','0','100','0'),
('7279','182','-4716.07','-5252.19','116.187','0','0','0','100','0'),
('7279','183','-4709.78','-5251.46','116','0','0','0','100','0'),
('7279','184','-4702.78','-5251.27','116.038','0','0','0','100','0'),
('7279','185','-4692.29','-5250.92','117.527','0','0','0','100','0'),
('7279','186','-4684.2','-5250.85','118.156','0','0','0','100','0'),
('7279','187','-4675.62','-5247.98','116.788','0','0','0','100','0'),
('7279','188','-4673.08','-5245.57','115.504','0','0','0','100','0'),
('7279','189','-4666.26','-5240.66','112.719','0','0','0','100','0'),
('7279','190','-4659.31','-5239.79','112.108','0','0','0','100','0'),
('7279','191','-4648.83','-5239.2','111.74','0','0','0','100','0'),
('7279','192','-4641.84','-5238.83','112.855','0','0','0','100','0'),
('7279','193','-4627.86','-5238.08','117.338','0','0','0','100','0'),
('7279','194','-4612.59','-5230.69','119.309','0','0','0','100','0'),
('7279','195','-4605.02','-5227.97','119.947','0','0','0','100','0'),
('7279','196','-4598.23','-5226.28','120.072','0','0','0','100','0'),
('7279','197','-4591.76','-5223.41','119.859','0','0','0','100','0'),
('7279','198','-4586.52','-5217.67','119.465','0','0','0','100','0'),
('7279','199','-4582.76','-5211.76','118.932','0','0','0','100','0'),
('7279','200','-4577.79','-5204.8','118.45','0','0','0','100','0'),
('7279','201','-4575.07','-5197.14','118.286','0','0','0','100','0'),
('7279','202','-4574.36','-5191.44','118.05','0','0','0','100','0'),
('7279','203','-4573.66','-5184.47','117.662','0','0','0','100','0'),
('7279','204','-4572.31','-5174.06','116.463','0','0','0','100','0'),
('7279','205','-4570.59','-5162.08','116.279','0','0','0','100','0'),
('7279','206','-4571.07','-5156.11','116.889','0','0','0','100','0'),
('7279','207','-4572.81','-5150.91','117.367','0','0','0','100','0'),
('7279','208','-4579.44','-5144.38','117.622','0','0','0','100','0'),
('7279','209','-4588.55','-5141.02','117.594','0','0','0','100','0'),
('7279','210','-4594.8','-5139.88','117.83','0','0','0','100','0'),
('7279','211','-4601.17','-5137.29','117.443','0','0','0','100','0'),
('7279','212','-4606.57','-5132.59','117.094','0','0','0','100','0'),
('7279','213','-4609.96','-5131.75','116.753','0','0','0','100','0'),
('7279','214','-4613.41','-5131.15','116.786','0','0','0','100','0'),
('7279','215','-4619.55','-5130.93','119.141','0','0','0','100','0'),
('7279','216','-4625.55','-5134.11','122.436','0','0','0','100','0'),
('7279','217','-4631.19','-5138.25','123.664','0','0','0','100','0'),
('7279','218','-4638.55','-5143.01','123.735','0','0','0','100','0'),
('7279','219','-4646.23','-5144.92','123.74','0','0','0','100','0'),
('7279','220','-4653.21','-5145.44','123.401','0','0','0','100','0'),
('7279','221','-4659.23','-5145.38','123.993','0','0','0','100','0'),
('7279','222','-4667.51','-5142.71','125.359','0','0','0','100','0'),
('7279','223','-4672.83','-5136.39','125.658','0','0','0','100','0'),
('7279','224','-4674.57','-5134.1','127.859','0','0','0','100','0'),
('7279','225','-4675.84','-5138.45','126.53','0','0','0','100','0'),
('7279','226','-4682.99','-5143.24','129.211','0','0','0','100','0'),
('7279','227','-4685.15','-5149.45','125.688','0','0','0','100','0'),
('7279','228','-4691.11','-5157.96','125.544','0','0','0','100','0'),
('7279','229','-4698.21','-5165.67','125.621','0','0','0','100','0'),
('7279','230','-4705.93','-5172.78','129.345','0','0','0','100','0'),
('7279','231','-4714.52','-5179.14','130.718','0','0','0','100','0'),
('7279','232','-4721.42','-5176.01','133.643','0','0','0','100','0'),
('7279','233','-4725.36','-5171.42','135.693','0','0','0','100','0'),
('7279','234','-4729.78','-5159.37','138.976','0','0','0','100','0'),
('7279','235','-4731.86','-5149.54','140.205','0','0','0','100','0'),
('7279','236','-4731.62','-5137.75','143.816','0','0','0','100','0'),
('7279','237','-4728.64','-5128.69','145.324','0','0','0','100','0'),
('7279','238','-4725.92','-5120.36','145.433','0','0','0','100','0'),
('7279','239','-4723.65','-5110.11','146.753','0','0','0','100','0'),
('7279','240','-4722.37','-5097.31','147.258','0','0','0','100','0'),
('7279','241','-4722.62','-5091.07','147.361','0','0','0','100','0'),
('7279','242','-4727.57','-5081.86','147.957','0','0','0','100','0'),
('7279','243','-4728.36','-5074.08','148.318','0','0','0','100','0'),
('7279','244','-4727.9','-5063.59','150.304','0','0','0','100','0'),
('7279','245','-4726.77','-5053.79','151.854','0','0','0','100','0'),
('7279','246','-4724.94','-5047.41','152.955','0','0','0','100','0'),
('7279','247','-4719.83','-5040.31','153.748','0','0','0','100','0'),
('7279','248','-4717.42','-5035.72','154.915','0','0','0','100','0'),
('7279','249','-4713.49','-5027.35','156.443','0','0','0','100','0'),
('7279','250','-4706.7','-5019.35','157.101','0','0','0','100','0'),
('7279','251','-4701.82','-5014.35','157.628','0','0','0','100','0'),
('7279','252','-4695.29','-5011.54','157.413','0','0','0','100','0'),
('7279','253','-4684.81','-5012.1','156.185','0','0','0','100','0'),
('7279','254','-4677.09','-5009.68','156.2','0','0','0','100','0'),
('7279','255','-4636.58','-4998.57','157.835','0','0','0','100','0'),
('7279','256','-4646.91','-4996.8','158.988','0','0','0','100','0'),
('7279','257','-4650.9','-4996.23','159.477','0','0','0','100','0'),
('7279','258','-4660.11','-5000.11','158.655','0','0','0','100','0'),
('7279','259','-4665.78','-5004.22','157.181','0','0','0','100','0'),
('7279','260','-4671.39','-5008.41','156.014','0','0','0','100','0'),
('7279','261','-4676.84','-5012.79','155.097','0','0','0','100','0'),
('7279','262','-4682.14','-5017.37','153.087','0','0','0','100','0'),
('7279','263','-4687.45','-5021.93','150.6','0','0','0','100','0'),
('7279','264','-4693.27','-5025.81','149.223','0','0','0','100','0'),
('7279','265','-4699.54','-5028.92','150.12','0','0','0','100','0'),
('7279','266','-4706.02','-5031.56','152.293','0','0','0','100','0'),
('7279','267','-4725.58','-5037.9','154.921','0','0','0','100','0'),
('7279','268','-4730.16','-5039.01','155.039','0','0','0','100','0'),
('7279','269','-4740.16','-5041.46','154.568','0','0','0','100','0'),
('7279','270','-4745.32','-5045.52','153.012','0','0','0','100','0'),
('7279','271','-4746.96','-5052.98','150.326','0','0','0','100','0'),
('7279','272','-4741.67','-5062.05','149.498','0','0','0','100','0'),
('7279','273','-4736.21','-5070.57','149.545','0','0','0','100','0'),
('7279','274','-4734.66','-5074.78','149.126','0','0','0','100','0'),
('7279','275','-4731.4','-5082.01','148.519','0','0','0','100','0'),
('7279','276','-4727.15','-5086.28','147.984','0','0','0','100','0'),
('7279','277','-4722.77','-5090.6','147.391','0','0','0','100','0'),
('7279','278','-4717.71','-5100.5','146.071','0','0','0','100','0'),
('7279','279','-4719.17','-5107.04','146.164','0','0','0','100','0'),
('7279','280','-4721.78','-5113.71','145.762','0','0','0','100','0'),
('7279','281','-4725.32','-5118.22','145.55','0','0','0','100','0'),
('7279','282','-4733.8','-5119.59','147.525','0','0','0','100','0'),
('7279','283','-4740.39','-5119.93','148.759','0','0','0','100','0'),
('7279','284','-4743.34','-5117.52','149.243','0','0','0','100','0'),
('7279','285','-4746.11','-5110.12','149.589','0','0','0','100','0'),
('7279','286','-4746.12','-5106.42','149.786','0','0','0','100','0'),
('7279','287','-4742.94','-5100.68','150.393','0','0','0','100','0'),
('7279','288','-4737.71','-5091.58','150.422','0','0','0','100','0'),
('7279','289','-4734.03','-5082.89','148.988','0','0','0','100','0'),
('7279','290','-4732.46','-5075.58','148.832','0','0','0','100','0'),
('7279','291','-4731.96','-5068.6','149.744','0','0','0','100','0'),
('7279','292','-4731.17','-5062.89','150.625','0','0','0','100','0'),
('7279','293','-4732.44','-5062.21','150.73','0','0','0','100','0'),
('7279','294','-4736.99','-5065.57','150.015','0','0','0','100','0'),
('7279','295','-4741.49','-5069.25','148.977','0','0','0','100','0'),
('7279','296','-4748.39','-5081.42','148.924','0','0','0','100','0'),
('7279','297','-4751.12','-5087.26','149.099','0','0','0','100','0'),
('7279','298','-4752.07','-5094.55','149.047','0','0','0','100','0'),
('7279','299','-4750.71','-5104.95','149.401','0','0','0','100','0'),
('7279','300','-4749.45','-5111.84','149.403','0','0','0','100','0'),
('7279','301','-4749','-5120.91','148.897','0','0','0','100','0'),
('7279','302','-4751.71','-5131.04','146.82','0','0','0','100','0'),
('7279','303','-4756.1','-5140.56','144.606','0','0','0','100','0'),
('7279','304','-4760.01','-5147.13','144.477','0','0','0','100','0'),
('7279','305','-4767.29','-5151.72','144.178','0','0','0','100','0'),
('7279','306','-4776.04','-5154.91','144.53','0','0','0','100','0'),
('7279','307','-4783.74','-5155.38','145.609','0','0','0','100','0'),
('7279','308','-4790.43','-5154.46','146.146','0','0','0','100','0'),
('7279','309','-4797.15','-5152.53','146.488','0','0','0','100','0'),
('7279','310','-4807.15','-5149.34','146.028','0','0','0','100','0'),
('7279','311','-4811.61','-5148.98','146.195','0','0','0','100','0'),
('7279','312','-4818.13','-5152.2','146.946','0','0','0','100','0'),
('7279','313','-4822.86','-5157.36','147.531','0','0','0','100','0'),
('7279','314','-4828.81','-5165.18','147.181','0','0','0','100','0'),
('7279','315','-4828.87','-5172.18','146.794','0','0','0','100','0'),
('7279','316','-4828.41','-5176.23','146.076','0','0','0','100','0'),
('7279','317','-4822.62','-5181.64','144.876','0','0','0','100','0'),
('7279','318','-4818.17','-5183.93','144.702','0','0','0','100','0'),
('7279','319','-4814.55','-5187.06','143.957','0','0','0','100','0'),
('7279','320','-4813.54','-5185.59','144.284','0','0','0','100','0'),
('7279','321','-4812.57','-5185.53','144.254','0','0','0','100','0');

-- Waypoint movement type guid 6596579 (Garr)
UPDATE `creature` SET `MovementType`='2' WHERE `guid`='6390559';

-- Set WP for creature guid 6596579 (Garr)
DELETE FROM `creature_addon` WHERE (`guid`=6390559);
INSERT INTO `creature_addon` (`guid`, `path_id`, `mount`, `bytes1`, `bytes2`, `emote`, `auras`) VALUES 
(6390559, '6390559', 0, 0, 1, 0, '');

-- WP For (Garr)
DELETE FROM waypoint_data WHERE id='6390559';
INSERT INTO `waypoint_data` (`id`, `point`, `position_x`, `position_y`, `position_z`, `delay`, `move_flag`, `action`, `action_chance`, `wpguid`) VALUES 
('6390559','1','3901.42','-2453.93','1060.38','0','0','0','100','0'),
('6390559','2','3908.16','-2448.3','1059.65','0','0','0','100','0'),
('6390559','3','3909.19','-2441.95','1060.24','0','0','0','100','0'),
('6390559','4','3911.94','-2435.13','1060.25','0','0','0','100','0'),
('6390559','5','3919.08','-2428.31','1060.64','0','0','0','100','0'),
('6390559','6','3924.93','-2426.09','1062.15','0','0','0','100','0'),
('6390559','7','3932.92','-2426.09','1064.19','0','0','0','100','0'),
('6390559','8','3936.3','-2426.98','1064.65','0','0','0','100','0'),
('6390559','9','3945.72','-2430.43','1063.34','0','0','0','100','0'),
('6390559','10','3952','-2434.41','1062.32','0','0','0','100','0'),
('6390559','11','3956.76','-2439.54','1061.91','0','0','0','100','0'),
('6390559','12','3960.5','-2446.73','1060.68','0','0','0','100','0'),
('6390559','13','3961.12','-2450.18','1059.35','0','0','0','100','0'),
('6390559','14','3961.16','-2458.93','1056.67','0','0','0','100','0'),
('6390559','15','3959.44','-2465.71','1055.99','0','0','0','100','0'),
('6390559','16','3957.75','-2472.5','1055.18','0','0','0','100','0'),
('6390559','17','3956.95','-2479.45','1053.93','0','0','0','100','0'),
('6390559','18','3956.9','-2486.44','1052.02','0','0','0','100','0'),
('6390559','19','3957.27','-2493.43','1049.47','0','0','0','100','0'),
('6390559','20','3957.65','-2500.42','1046.43','0','0','0','100','0'),
('6390559','21','3957.86','-2506.84','1043.64','0','0','0','100','0'),
('6390559','22','3956.16','-2514.49','1040.16','0','0','0','100','0'),
('6390559','23','3954.19','-2518.68','1038.82','0','0','0','100','0'),
('6390559','24','3950.04','-2524.31','1037.75','0','0','0','100','0'),
('6390559','25','3945.18','-2531.12','1035.72','0','0','0','100','0'),
('6390559','26','3943.48','-2536.09','1033.52','0','0','0','100','0'),
('6390559','27','3941.81','-2542.89','1029.45','0','0','0','100','0'),
('6390559','28','3939.96','-2549.32','1025.37','0','0','0','100','0'),
('6390559','29','3934.36','-2556.28','1022.83','0','0','0','100','0'),
('6390559','30','3930.13','-2559.17','1022.45','0','0','0','100','0'),
('6390559','31','3924.18','-2562.86','1023.38','0','0','0','100','0'),
('6390559','32','3918.08','-2566.3','1023.87','0','0','0','100','0'),
('6390559','33','3913.66','-2567.71','1023.97','0','0','0','100','0'),
('6390559','34','3903.74','-2569.1','1023.77','0','0','0','100','0'),
('6390559','35','3897','-2568.98','1023.46','0','0','0','100','0'),
('6390559','36','3893.53','-2568.48','1023.4','0','0','0','100','0'),
('6390559','37','3887.98','-2567.8','1023.16','0','0','0','100','0'),
('6390559','38','3879.38','-2568.49','1023.35','0','0','0','100','0'),
('6390559','39','3873.66','-2570.43','1024.18','0','0','0','100','0'),
('6390559','40','3870.05','-2574.04','1023.31','0','0','0','100','0'),
('6390559','41','3865.7','-2579.52','1021.56','0','0','0','100','0'),
('6390559','42','3861.49','-2585.11','1019.54','0','0','0','100','0'),
('6390559','43','3857.22','-2590.66','1017.71','0','0','0','100','0'),
('6390559','44','3854.22','-2599.59','1015.91','0','0','0','100','0'),
('6390559','45','3853.79','-2603.06','1015.04','0','0','0','100','0'),
('6390559','46','3854.07','-2611.51','1011.97','0','0','0','100','0'),
('6390559','47','3854.53','-2614.98','1010.53','0','0','0','100','0'),
('6390559','48','3856.12','-2621.8','1008.74','0','0','0','100','0'),
('6390559','49','3857.75','-2626.71','1008.52','0','0','0','100','0'),
('6390559','50','3860.61','-2631.81','1008.58','0','0','0','100','0'),
('6390559','51','3865','-2637.22','1008.77','0','0','0','100','0'),
('6390559','52','3871.26','-2642.04','1009.32','0','0','0','100','0'),
('6390559','53','3876.35','-2643.67','1010.01','0','0','0','100','0'),
('6390559','54','3882.44','-2643.15','1011.18','0','0','0','100','0'),
('6390559','55','3887.9','-2641.2','1012.51','0','0','0','100','0'),
('6390559','56','3892.11','-2637.9','1013.09','0','0','0','100','0'),
('6390559','57','3895.4','-2634.61','1013.39','0','0','0','100','0'),
('6390559','58','3901.56','-2626.11','1013.42','0','0','0','100','0'),
('6390559','59','3903.65','-2623.29','1013.58','0','0','0','100','0'),
('6390559','60','3907.84','-2617.69','1014.11','0','0','0','100','0'),
('6390559','61','3911.96','-2613.25','1014.59','0','0','0','100','0'),
('6390559','62','3917.47','-2611.03','1015.4','0','0','0','100','0'),
('6390559','63','3924.61','-2613.13','1014.6','0','0','0','100','0'),
('6390559','64','3927.69','-2614.8','1013.97','0','0','0','100','0'),
('6390559','65','3932.85','-2616.69','1013.52','0','0','0','100','0'),
('6390559','66','3940.22','-2614.31','1014.28','0','0','0','100','0'),
('6390559','67','3944.15','-2610.7','1016','0','0','0','100','0'),
('6390559','68','3947.24','-2606.04','1017.78','0','0','0','100','0'),
('6390559','69','3949.87','-2600.58','1018.84','0','0','0','100','0'),
('6390559','70','3952.89','-2594.57','1020.19','0','0','0','100','0'),
('6390559','71','3955.16','-2591.91','1021.58','0','0','0','100','0'),
('6390559','72','3959.7','-2587.21','1023.83','0','0','0','100','0'),
('6390559','73','3963.79','-2584.12','1023.93','0','0','0','100','0'),
('6390559','74','3972.05','-2579.81','1022.53','0','0','0','100','0'),
('6390559','75','3976.03','-2576.58','1022.32','0','0','0','100','0'),
('6390559','76','3980.37','-2571.09','1022.67','0','0','0','100','0'),
('6390559','77','3984.94','-2566.46','1023.75','0','0','0','100','0'),
('6390559','78','3988.73','-2563.37','1024.66','0','0','0','100','0'),
('6390559','79','3997.98','-2558.43','1026.37','0','0','0','100','0'),
('6390559','80','4001.25','-2557.2','1026.96','0','0','0','100','0'),
('6390559','81','4007.99','-2555.3','1027.72','0','0','0','100','0'),
('6390559','82','4014.91','-2554.29','1027.57','0','0','0','100','0'),
('6390559','83','4021.65','-2554.35','1026.87','0','0','0','100','0'),
('6390559','84','4028.53','-2555.58','1026.04','0','0','0','100','0'),
('6390559','85','4033.85','-2557.26','1026.44','0','0','0','100','0'),
('6390559','86','4038.41','-2560.09','1025.95','0','0','0','100','0'),
('6390559','87','4041.73','-2563.37','1024.53','0','0','0','100','0'),
('6390559','88','4045.27','-2568.84','1022.57','0','0','0','100','0'),
('6390559','89','4048.75','-2574.91','1023.84','0','0','0','100','0'),
('6390559','90','4052.43','-2580.87','1023.3','0','0','0','100','0'),
('6390559','91','4055.75','-2587.03','1021.49','0','0','0','100','0'),
('6390559','92','4059.09','-2593.18','1019.83','0','0','0','100','0'),
('6390559','93','4062.44','-2599.32','1018.14','0','0','0','100','0'),
('6390559','94','4065.14','-2605.78','1016.85','0','0','0','100','0'),
('6390559','95','4068.11','-2610.19','1016.25','0','0','0','100','0'),
('6390559','96','4075.37','-2611','1017.19','0','0','0','100','0'),
('6390559','97','4080.23','-2610.08','1017.73','0','0','0','100','0'),
('6390559','98','4084.97','-2607.35','1018.4','0','0','0','100','0'),
('6390559','99','4088.42','-2603.17','1019.12','0','0','0','100','0'),
('6390559','100','4088.79','-2595.07','1018.77','0','0','0','100','0'),
('6390559','101','4084.6','-2591.79','1019.51','0','0','0','100','0'),
('6390559','102','4078.74','-2587.96','1021.9','0','0','0','100','0'),
('6390559','103','4070.13','-2581.95','1024.59','0','0','0','100','0'),
('6390559','104','4064.39','-2577.95','1024.87','0','0','0','100','0'),
('6390559','105','4061.39','-2576.14','1024.74','0','0','0','100','0'),
('6390559','106','4057.24','-2574','1025.2','0','0','0','100','0'),
('6390559','107','4050.18','-2570.74','1024.76','0','0','0','100','0'),
('6390559','108','4048.55','-2567.96','1024.02','0','0','0','100','0'),
('6390559','109','4046.91','-2561.15','1026.02','0','0','0','100','0'),
('6390559','110','4045.91','-2555.65','1028.28','0','0','0','100','0'),
('6390559','111','4043.75','-2548.99','1029.55','0','0','0','100','0'),
('6390559','112','4041.8','-2542.28','1030.1','0','0','0','100','0'),
('6390559','113','4042.1','-2537.18','1031','0','0','0','100','0'),
('6390559','114','4045.63','-2532.09','1032.08','0','0','0','100','0'),
('6390559','115','4048.05','-2529.57','1032.6','0','0','0','100','0'),
('6390559','116','4053.32','-2524.97','1032.97','0','0','0','100','0'),
('6390559','117','4059.35','-2520.6','1033.51','0','0','0','100','0'),
('6390559','118','4065.97','-2518.32','1034.88','0','0','0','100','0'),
('6390559','119','4072.76','-2516.64','1036.84','0','0','0','100','0'),
('6390559','120','4079.55','-2514.94','1038.62','0','0','0','100','0'),
('6390559','121','4085.23','-2513.57','1038.84','0','0','0','100','0'),
('6390559','122','4090.58','-2513.45','1037.97','0','0','0','100','0'),
('6390559','123','4097.45','-2514.78','1035.81','0','0','0','100','0'),
('6390559','124','4107.44','-2518','1035','0','0','0','100','0'),
('6390559','125','4112.14','-2520.04','1036.68','0','0','0','100','0'),
('6390559','126','4117.81','-2524.13','1037.96','0','0','0','100','0'),
('6390559','127','4125.47','-2531.93','1039.08','0','0','0','100','0'),
('6390559','128','4130.06','-2537.22','1038.75','0','0','0','100','0'),
('6390559','129','4133.88','-2540.16','1038.83','0','0','0','100','0'),
('6390559','130','4138.88','-2541.26','1038.94','0','0','0','100','0'),
('6390559','131','4147.73','-2541.38','1038.67','0','0','0','100','0'),
('6390559','132','4153.46','-2540.36','1038.5','0','0','0','100','0'),
('6390559','133','4160.2','-2538.5','1037.95','0','0','0','100','0'),
('6390559','134','4165.2','-2536','1037.7','0','0','0','100','0'),
('6390559','135','4170.55','-2531.49','1038.17','0','0','0','100','0'),
('6390559','136','4175.63','-2526.68','1039.24','0','0','0','100','0'),
('6390559','137','4178.16','-2523.34','1039.51','0','0','0','100','0'),
('6390559','138','4181.83','-2517.37','1039.54','0','0','0','100','0'),
('6390559','139','4187.74','-2509.59','1039.08','0','0','0','100','0'),
('6390559','140','4192.19','-2504.18','1038.65','0','0','0','100','0'),
('6390559','141','4195.18','-2498.5','1038.34','0','0','0','100','0'),
('6390559','142','4194.07','-2492.98','1037.88','0','0','0','100','0'),
('6390559','143','4192.52','-2491.93','1037.74','0','0','0','100','0'),
('6390559','144','4185.59','-2490.94','1037.34','0','0','0','100','0'),
('6390559','145','4178.62','-2490.63','1036.42','0','0','0','100','0'),
('6390559','146','4171.62','-2490.9','1036.59','0','0','0','100','0'),
('6390559','147','4169.3','-2491.07','1037.15','0','0','0','100','0'),
('6390559','148','4161.22','-2492.3','1038.29','0','0','0','100','0'),
('6390559','149','4154.75','-2494.94','1038.34','0','0','0','100','0'),
('6390559','150','4148.48','-2498.05','1038.59','0','0','0','100','0'),
('6390559','151','4142.16','-2501.06','1039.47','0','0','0','100','0'),
('6390559','152','4134.99','-2503.85','1039.8','0','0','0','100','0'),
('6390559','153','4129.2','-2504.18','1039.09','0','0','0','100','0'),
('6390559','154','4123.13','-2502.62','1037.56','0','0','0','100','0'),
('6390559','155','4117.65','-2499.1','1035.85','0','0','0','100','0'),
('6390559','156','4115.14','-2496.66','1035.23','0','0','0','100','0'),
('6390559','157','4109.64','-2491.63','1035.75','0','0','0','100','0'),
('6390559','158','4103.31','-2489.69','1036.84','0','0','0','100','0'),
('6390559','159','4096.52','-2491.22','1038.36','0','0','0','100','0'),
('6390559','160','4093.28','-2492.52','1038.9','0','0','0','100','0'),
('6390559','161','4086.83','-2495.24','1039.86','0','0','0','100','0'),
('6390559','162','4079.06','-2498.42','1039.88','0','0','0','100','0'),
('6390559','163','4074.94','-2499.24','1039.45','0','0','0','100','0'),
('6390559','164','4069.82','-2499.04','1038.84','0','0','0','100','0'),
('6390559','165','4063.52','-2497.43','1038.3','0','0','0','100','0'),
('6390559','166','4059.71','-2495.15','1038.28','0','0','0','100','0'),
('6390559','167','4057.25','-2493.01','1038.54','0','0','0','100','0'),
('6390559','168','4052.7','-2488.01','1039.7','0','0','0','100','0'),
('6390559','169','4049.08','-2482.03','1041.18','0','0','0','100','0'),
('6390559','170','4047.34','-2478.99','1041.7','0','0','0','100','0'),
('6390559','171','4043.42','-2474.11','1042.09','0','0','0','100','0'),
('6390559','172','4039.13','-2471.32','1042.02','0','0','0','100','0'),
('6390559','173','4034.11','-2470.37','1041.83','0','0','0','100','0'),
('6390559','174','4029.25','-2470.9','1043.38','0','0','0','100','0'),
('6390559','175','4023.98','-2471.89','1046.2','0','0','0','100','0'),
('6390559','176','4019.58','-2471.57','1047.46','0','0','0','100','0'),
('6390559','177','4015.67','-2468.69','1048.08','0','0','0','100','0'),
('6390559','178','4013.43','-2466.01','1048.72','0','0','0','100','0'),
('6390559','179','4008.95','-2460.63','1050.28','0','0','0','100','0'),
('6390559','180','4004.36','-2455.35','1051.74','0','0','0','100','0'),
('6390559','181','4000.19','-2451.62','1053.51','0','0','0','100','0'),
('6390559','182','3997.24','-2449.75','1054.44','0','0','0','100','0'),
('6390559','183','3990.02','-2446.54','1058.36','0','0','0','100','0'),
('6390559','184','3984.08','-2445.56','1060.49','0','0','0','100','0'),
('6390559','185','3980.58','-2445.68','1060.69','0','0','0','100','0'),
('6390559','186','3972.21','-2445.15','1060.92','0','0','0','100','0'),
('6390559','187','3968.87','-2444.13','1061.38','0','0','0','100','0'),
('6390559','188','3962.59','-2441.06','1062.56','0','0','0','100','0'),
('6390559','189','3956.46','-2437.68','1062.04','0','0','0','100','0'),
('6390559','190','3950.33','-2434.3','1062.46','0','0','0','100','0'),
('6390559','191','3945.85','-2431.8','1063.09','0','0','0','100','0'),
('6390559','192','3940.31','-2427.51','1064.69','0','0','0','100','0'),
('6390559','193','3933.87','-2423.38','1065.02','0','0','0','100','0'),
('6390559','194','3929.09','-2422.5','1064.08','0','0','0','100','0'),
('6390559','195','3921.66','-2424.42','1061.57','0','0','0','100','0'),
('6390559','196','3915.1','-2426.87','1060.73','0','0','0','100','0'),
('6390559','197','3908.71','-2429.71','1060.95','0','0','0','100','0'),
('6390559','198','3902.39','-2432.74','1061.07','0','0','0','100','0'),
('6390559','199','3899.2','-2434.17','1061.1','0','0','0','100','0'),
('6390559','200','3892.67','-2436.69','1060.65','0','0','0','100','0'),
('6390559','201','3885.25','-2438.55','1060.22','0','0','0','100','0'),
('6390559','202','3881.75','-2438.54','1059.89','0','0','0','100','0'),
('6390559','203','3874.81','-2437.64','1058.92','0','0','0','100','0'),
('6390559','204','3869.66','-2436.16','1057.67','0','0','0','100','0'),
('6390559','205','3865.18','-2433.67','1057.27','0','0','0','100','0'),
('6390559','206','3859.64','-2429.4','1059.68','0','0','0','100','0'),
('6390559','207','3853.61','-2425.48','1063.12','0','0','0','100','0'),
('6390559','208','3849.76','-2424.64','1065.43','0','0','0','100','0'),
('6390559','209','3845.79','-2426.8','1067.45','0','0','0','100','0'),
('6390559','210','3844.34','-2430.43','1067.06','0','0','0','100','0'),
('6390559','211','3846.8','-2435.84','1066.5','0','0','0','100','0'),
('6390559','212','3850.13','-2437.97','1063.93','0','0','0','100','0'),
('6390559','213','3855.25','-2442.52','1060.98','0','0','0','100','0'),
('6390559','214','3856.89','-2447.32','1060.09','0','0','0','100','0'),
('6390559','215','3856.84','-2452.69','1059.29','0','0','0','100','0'),
('6390559','216','3854.75','-2457.69','1058.7','0','0','0','100','0'),
('6390559','217','3850.93','-2462.28','1058.49','0','0','0','100','0'),
('6390559','218','3845.45','-2465.78','1058.9','0','0','0','100','0'),
('6390559','219','3842.24','-2467.18','1059.02','0','0','0','100','0'),
('6390559','220','3838.94','-2468.35','1059.27','0','0','0','100','0'),
('6390559','221','3832.51','-2471.1','1058.7','0','0','0','100','0'),
('6390559','222','3826.72','-2475.37','1056.46','0','0','0','100','0'),
('6390559','223','3823.8','-2480.09','1054.56','0','0','0','100','0'),
('6390559','224','3823.34','-2484.64','1053.38','0','0','0','100','0'),
('6390559','225','3825.09','-2489.46','1052.07','0','0','0','100','0'),
('6390559','226','3828.02','-2494.47','1051.27','0','0','0','100','0'),
('6390559','227','3832.58','-2497.66','1050.86','0','0','0','100','0'),
('6390559','228','3837.66','-2497.14','1051.23','0','0','0','100','0'),
('6390559','229','3843.62','-2493.55','1052.25','0','0','0','100','0'),
('6390559','230','3846.39','-2489.01','1053.38','0','0','0','100','0'),
('6390559','231','3847.58','-2485.48','1054.19','0','0','0','100','0'),
('6390559','232','3848.76','-2478.58','1055.87','0','0','0','100','0'),
('6390559','233','3849.34','-2475.13','1056.59','0','0','0','100','0'),
('6390559','234','3851.95','-2465.72','1057.74','0','0','0','100','0'),
('6390559','235','3854.04','-2461.16','1058','0','0','0','100','0'),
('6390559','236','3858.21','-2455.69','1058.49','0','0','0','100','0'),
('6390559','237','3863.72','-2451.43','1060.31','0','0','0','100','0'),
('6390559','238','3868.56','-2451.02','1061.22','0','0','0','100','0'),
('6390559','239','3875.38','-2452.54','1062.45','0','0','0','100','0'),
('6390559','240','3877.68','-2452.87','1062.75','0','0','0','100','0'),
('6390559','241','3884.68','-2452.93','1062.19','0','0','0','100','0'),
('6390559','242','3891.44','-2453.04','1061.21','0','0','0','100','0');

-- Waypoint movement type guid 6391542 (Blazewing)
UPDATE `creature` SET `MovementType`='2' WHERE `guid`='6391542';

-- Set WP for creature guid 6596579 (Blazewing)
DELETE FROM `creature_addon` WHERE (`guid`=6391542);
INSERT INTO `creature_addon` (`guid`, `path_id`, `mount`, `bytes1`, `bytes2`, `emote`, `auras`) VALUES 
(6391542, '6391542', 0, 0, 1, 0, '');

-- WP For (Blazewing)
DELETE FROM waypoint_data WHERE id='6390559';
INSERT INTO `waypoint_data` (`id`, `point`, `position_x`, `position_y`, `position_z`, `delay`, `move_flag`, `action`, `action_chance`, `wpguid`) VALUES 
('6390559','1','3901.42','-2453.93','1060.38','0','0','0','100','0'),
('6390559','2','3908.16','-2448.3','1059.65','0','0','0','100','0'),
('6390559','3','3909.19','-2441.95','1060.24','0','0','0','100','0'),
('6390559','4','3911.94','-2435.13','1060.25','0','0','0','100','0'),
('6390559','5','3919.08','-2428.31','1060.64','0','0','0','100','0'),
('6390559','6','3924.93','-2426.09','1062.15','0','0','0','100','0'),
('6390559','7','3932.92','-2426.09','1064.19','0','0','0','100','0'),
('6390559','8','3936.3','-2426.98','1064.65','0','0','0','100','0'),
('6390559','9','3945.72','-2430.43','1063.34','0','0','0','100','0'),
('6390559','10','3952','-2434.41','1062.32','0','0','0','100','0'),
('6390559','11','3956.76','-2439.54','1061.91','0','0','0','100','0'),
('6390559','12','3960.5','-2446.73','1060.68','0','0','0','100','0'),
('6390559','13','3961.12','-2450.18','1059.35','0','0','0','100','0'),
('6390559','14','3961.16','-2458.93','1056.67','0','0','0','100','0'),
('6390559','15','3959.44','-2465.71','1055.99','0','0','0','100','0'),
('6390559','16','3957.75','-2472.5','1055.18','0','0','0','100','0'),
('6390559','17','3956.95','-2479.45','1053.93','0','0','0','100','0'),
('6390559','18','3956.9','-2486.44','1052.02','0','0','0','100','0'),
('6390559','19','3957.27','-2493.43','1049.47','0','0','0','100','0'),
('6390559','20','3957.65','-2500.42','1046.43','0','0','0','100','0'),
('6390559','21','3957.86','-2506.84','1043.64','0','0','0','100','0'),
('6390559','22','3956.16','-2514.49','1040.16','0','0','0','100','0'),
('6390559','23','3954.19','-2518.68','1038.82','0','0','0','100','0'),
('6390559','24','3950.04','-2524.31','1037.75','0','0','0','100','0'),
('6390559','25','3945.18','-2531.12','1035.72','0','0','0','100','0'),
('6390559','26','3943.48','-2536.09','1033.52','0','0','0','100','0'),
('6390559','27','3941.81','-2542.89','1029.45','0','0','0','100','0'),
('6390559','28','3939.96','-2549.32','1025.37','0','0','0','100','0'),
('6390559','29','3934.36','-2556.28','1022.83','0','0','0','100','0'),
('6390559','30','3930.13','-2559.17','1022.45','0','0','0','100','0'),
('6390559','31','3924.18','-2562.86','1023.38','0','0','0','100','0'),
('6390559','32','3918.08','-2566.3','1023.87','0','0','0','100','0'),
('6390559','33','3913.66','-2567.71','1023.97','0','0','0','100','0'),
('6390559','34','3903.74','-2569.1','1023.77','0','0','0','100','0'),
('6390559','35','3897','-2568.98','1023.46','0','0','0','100','0'),
('6390559','36','3893.53','-2568.48','1023.4','0','0','0','100','0'),
('6390559','37','3887.98','-2567.8','1023.16','0','0','0','100','0'),
('6390559','38','3879.38','-2568.49','1023.35','0','0','0','100','0'),
('6390559','39','3873.66','-2570.43','1024.18','0','0','0','100','0'),
('6390559','40','3870.05','-2574.04','1023.31','0','0','0','100','0'),
('6390559','41','3865.7','-2579.52','1021.56','0','0','0','100','0'),
('6390559','42','3861.49','-2585.11','1019.54','0','0','0','100','0'),
('6390559','43','3857.22','-2590.66','1017.71','0','0','0','100','0'),
('6390559','44','3854.22','-2599.59','1015.91','0','0','0','100','0'),
('6390559','45','3853.79','-2603.06','1015.04','0','0','0','100','0'),
('6390559','46','3854.07','-2611.51','1011.97','0','0','0','100','0'),
('6390559','47','3854.53','-2614.98','1010.53','0','0','0','100','0'),
('6390559','48','3856.12','-2621.8','1008.74','0','0','0','100','0'),
('6390559','49','3857.75','-2626.71','1008.52','0','0','0','100','0'),
('6390559','50','3860.61','-2631.81','1008.58','0','0','0','100','0'),
('6390559','51','3865','-2637.22','1008.77','0','0','0','100','0'),
('6390559','52','3871.26','-2642.04','1009.32','0','0','0','100','0'),
('6390559','53','3876.35','-2643.67','1010.01','0','0','0','100','0'),
('6390559','54','3882.44','-2643.15','1011.18','0','0','0','100','0'),
('6390559','55','3887.9','-2641.2','1012.51','0','0','0','100','0'),
('6390559','56','3892.11','-2637.9','1013.09','0','0','0','100','0'),
('6390559','57','3895.4','-2634.61','1013.39','0','0','0','100','0'),
('6390559','58','3901.56','-2626.11','1013.42','0','0','0','100','0'),
('6390559','59','3903.65','-2623.29','1013.58','0','0','0','100','0'),
('6390559','60','3907.84','-2617.69','1014.11','0','0','0','100','0'),
('6390559','61','3911.96','-2613.25','1014.59','0','0','0','100','0'),
('6390559','62','3917.47','-2611.03','1015.4','0','0','0','100','0'),
('6390559','63','3924.61','-2613.13','1014.6','0','0','0','100','0'),
('6390559','64','3927.69','-2614.8','1013.97','0','0','0','100','0'),
('6390559','65','3932.85','-2616.69','1013.52','0','0','0','100','0'),
('6390559','66','3940.22','-2614.31','1014.28','0','0','0','100','0'),
('6390559','67','3944.15','-2610.7','1016','0','0','0','100','0'),
('6390559','68','3947.24','-2606.04','1017.78','0','0','0','100','0'),
('6390559','69','3949.87','-2600.58','1018.84','0','0','0','100','0'),
('6390559','70','3952.89','-2594.57','1020.19','0','0','0','100','0'),
('6390559','71','3955.16','-2591.91','1021.58','0','0','0','100','0'),
('6390559','72','3959.7','-2587.21','1023.83','0','0','0','100','0'),
('6390559','73','3963.79','-2584.12','1023.93','0','0','0','100','0'),
('6390559','74','3972.05','-2579.81','1022.53','0','0','0','100','0'),
('6390559','75','3976.03','-2576.58','1022.32','0','0','0','100','0'),
('6390559','76','3980.37','-2571.09','1022.67','0','0','0','100','0'),
('6390559','77','3984.94','-2566.46','1023.75','0','0','0','100','0'),
('6390559','78','3988.73','-2563.37','1024.66','0','0','0','100','0'),
('6390559','79','3997.98','-2558.43','1026.37','0','0','0','100','0'),
('6390559','80','4001.25','-2557.2','1026.96','0','0','0','100','0'),
('6390559','81','4007.99','-2555.3','1027.72','0','0','0','100','0'),
('6390559','82','4014.91','-2554.29','1027.57','0','0','0','100','0'),
('6390559','83','4021.65','-2554.35','1026.87','0','0','0','100','0'),
('6390559','84','4028.53','-2555.58','1026.04','0','0','0','100','0'),
('6390559','85','4033.85','-2557.26','1026.44','0','0','0','100','0'),
('6390559','86','4038.41','-2560.09','1025.95','0','0','0','100','0'),
('6390559','87','4041.73','-2563.37','1024.53','0','0','0','100','0'),
('6390559','88','4045.27','-2568.84','1022.57','0','0','0','100','0'),
('6390559','89','4048.75','-2574.91','1023.84','0','0','0','100','0'),
('6390559','90','4052.43','-2580.87','1023.3','0','0','0','100','0'),
('6390559','91','4055.75','-2587.03','1021.49','0','0','0','100','0'),
('6390559','92','4059.09','-2593.18','1019.83','0','0','0','100','0'),
('6390559','93','4062.44','-2599.32','1018.14','0','0','0','100','0'),
('6390559','94','4065.14','-2605.78','1016.85','0','0','0','100','0'),
('6390559','95','4068.11','-2610.19','1016.25','0','0','0','100','0'),
('6390559','96','4075.37','-2611','1017.19','0','0','0','100','0'),
('6390559','97','4080.23','-2610.08','1017.73','0','0','0','100','0'),
('6390559','98','4084.97','-2607.35','1018.4','0','0','0','100','0'),
('6390559','99','4088.42','-2603.17','1019.12','0','0','0','100','0'),
('6390559','100','4088.79','-2595.07','1018.77','0','0','0','100','0'),
('6390559','101','4084.6','-2591.79','1019.51','0','0','0','100','0'),
('6390559','102','4078.74','-2587.96','1021.9','0','0','0','100','0'),
('6390559','103','4070.13','-2581.95','1024.59','0','0','0','100','0'),
('6390559','104','4064.39','-2577.95','1024.87','0','0','0','100','0'),
('6390559','105','4061.39','-2576.14','1024.74','0','0','0','100','0'),
('6390559','106','4057.24','-2574','1025.2','0','0','0','100','0'),
('6390559','107','4050.18','-2570.74','1024.76','0','0','0','100','0'),
('6390559','108','4048.55','-2567.96','1024.02','0','0','0','100','0'),
('6390559','109','4046.91','-2561.15','1026.02','0','0','0','100','0'),
('6390559','110','4045.91','-2555.65','1028.28','0','0','0','100','0'),
('6390559','111','4043.75','-2548.99','1029.55','0','0','0','100','0'),
('6390559','112','4041.8','-2542.28','1030.1','0','0','0','100','0'),
('6390559','113','4042.1','-2537.18','1031','0','0','0','100','0'),
('6390559','114','4045.63','-2532.09','1032.08','0','0','0','100','0'),
('6390559','115','4048.05','-2529.57','1032.6','0','0','0','100','0'),
('6390559','116','4053.32','-2524.97','1032.97','0','0','0','100','0'),
('6390559','117','4059.35','-2520.6','1033.51','0','0','0','100','0'),
('6390559','118','4065.97','-2518.32','1034.88','0','0','0','100','0'),
('6390559','119','4072.76','-2516.64','1036.84','0','0','0','100','0'),
('6390559','120','4079.55','-2514.94','1038.62','0','0','0','100','0'),
('6390559','121','4085.23','-2513.57','1038.84','0','0','0','100','0'),
('6390559','122','4090.58','-2513.45','1037.97','0','0','0','100','0'),
('6390559','123','4097.45','-2514.78','1035.81','0','0','0','100','0'),
('6390559','124','4107.44','-2518','1035','0','0','0','100','0'),
('6390559','125','4112.14','-2520.04','1036.68','0','0','0','100','0'),
('6390559','126','4117.81','-2524.13','1037.96','0','0','0','100','0'),
('6390559','127','4125.47','-2531.93','1039.08','0','0','0','100','0'),
('6390559','128','4130.06','-2537.22','1038.75','0','0','0','100','0'),
('6390559','129','4133.88','-2540.16','1038.83','0','0','0','100','0'),
('6390559','130','4138.88','-2541.26','1038.94','0','0','0','100','0'),
('6390559','131','4147.73','-2541.38','1038.67','0','0','0','100','0'),
('6390559','132','4153.46','-2540.36','1038.5','0','0','0','100','0'),
('6390559','133','4160.2','-2538.5','1037.95','0','0','0','100','0'),
('6390559','134','4165.2','-2536','1037.7','0','0','0','100','0'),
('6390559','135','4170.55','-2531.49','1038.17','0','0','0','100','0'),
('6390559','136','4175.63','-2526.68','1039.24','0','0','0','100','0'),
('6390559','137','4178.16','-2523.34','1039.51','0','0','0','100','0'),
('6390559','138','4181.83','-2517.37','1039.54','0','0','0','100','0'),
('6390559','139','4187.74','-2509.59','1039.08','0','0','0','100','0'),
('6390559','140','4192.19','-2504.18','1038.65','0','0','0','100','0'),
('6390559','141','4195.18','-2498.5','1038.34','0','0','0','100','0'),
('6390559','142','4194.07','-2492.98','1037.88','0','0','0','100','0'),
('6390559','143','4192.52','-2491.93','1037.74','0','0','0','100','0'),
('6390559','144','4185.59','-2490.94','1037.34','0','0','0','100','0'),
('6390559','145','4178.62','-2490.63','1036.42','0','0','0','100','0'),
('6390559','146','4171.62','-2490.9','1036.59','0','0','0','100','0'),
('6390559','147','4169.3','-2491.07','1037.15','0','0','0','100','0'),
('6390559','148','4161.22','-2492.3','1038.29','0','0','0','100','0'),
('6390559','149','4154.75','-2494.94','1038.34','0','0','0','100','0'),
('6390559','150','4148.48','-2498.05','1038.59','0','0','0','100','0'),
('6390559','151','4142.16','-2501.06','1039.47','0','0','0','100','0'),
('6390559','152','4134.99','-2503.85','1039.8','0','0','0','100','0'),
('6390559','153','4129.2','-2504.18','1039.09','0','0','0','100','0'),
('6390559','154','4123.13','-2502.62','1037.56','0','0','0','100','0'),
('6390559','155','4117.65','-2499.1','1035.85','0','0','0','100','0'),
('6390559','156','4115.14','-2496.66','1035.23','0','0','0','100','0'),
('6390559','157','4109.64','-2491.63','1035.75','0','0','0','100','0'),
('6390559','158','4103.31','-2489.69','1036.84','0','0','0','100','0'),
('6390559','159','4096.52','-2491.22','1038.36','0','0','0','100','0'),
('6390559','160','4093.28','-2492.52','1038.9','0','0','0','100','0'),
('6390559','161','4086.83','-2495.24','1039.86','0','0','0','100','0'),
('6390559','162','4079.06','-2498.42','1039.88','0','0','0','100','0'),
('6390559','163','4074.94','-2499.24','1039.45','0','0','0','100','0'),
('6390559','164','4069.82','-2499.04','1038.84','0','0','0','100','0'),
('6390559','165','4063.52','-2497.43','1038.3','0','0','0','100','0'),
('6390559','166','4059.71','-2495.15','1038.28','0','0','0','100','0'),
('6390559','167','4057.25','-2493.01','1038.54','0','0','0','100','0'),
('6390559','168','4052.7','-2488.01','1039.7','0','0','0','100','0'),
('6390559','169','4049.08','-2482.03','1041.18','0','0','0','100','0'),
('6390559','170','4047.34','-2478.99','1041.7','0','0','0','100','0'),
('6390559','171','4043.42','-2474.11','1042.09','0','0','0','100','0'),
('6390559','172','4039.13','-2471.32','1042.02','0','0','0','100','0'),
('6390559','173','4034.11','-2470.37','1041.83','0','0','0','100','0'),
('6390559','174','4029.25','-2470.9','1043.38','0','0','0','100','0'),
('6390559','175','4023.98','-2471.89','1046.2','0','0','0','100','0'),
('6390559','176','4019.58','-2471.57','1047.46','0','0','0','100','0'),
('6390559','177','4015.67','-2468.69','1048.08','0','0','0','100','0'),
('6390559','178','4013.43','-2466.01','1048.72','0','0','0','100','0'),
('6390559','179','4008.95','-2460.63','1050.28','0','0','0','100','0'),
('6390559','180','4004.36','-2455.35','1051.74','0','0','0','100','0'),
('6390559','181','4000.19','-2451.62','1053.51','0','0','0','100','0'),
('6390559','182','3997.24','-2449.75','1054.44','0','0','0','100','0'),
('6390559','183','3990.02','-2446.54','1058.36','0','0','0','100','0'),
('6390559','184','3984.08','-2445.56','1060.49','0','0','0','100','0'),
('6390559','185','3980.58','-2445.68','1060.69','0','0','0','100','0'),
('6390559','186','3972.21','-2445.15','1060.92','0','0','0','100','0'),
('6390559','187','3968.87','-2444.13','1061.38','0','0','0','100','0'),
('6390559','188','3962.59','-2441.06','1062.56','0','0','0','100','0'),
('6390559','189','3956.46','-2437.68','1062.04','0','0','0','100','0'),
('6390559','190','3950.33','-2434.3','1062.46','0','0','0','100','0'),
('6390559','191','3945.85','-2431.8','1063.09','0','0','0','100','0'),
('6390559','192','3940.31','-2427.51','1064.69','0','0','0','100','0'),
('6390559','193','3933.87','-2423.38','1065.02','0','0','0','100','0'),
('6390559','194','3929.09','-2422.5','1064.08','0','0','0','100','0'),
('6390559','195','3921.66','-2424.42','1061.57','0','0','0','100','0'),
('6390559','196','3915.1','-2426.87','1060.73','0','0','0','100','0'),
('6390559','197','3908.71','-2429.71','1060.95','0','0','0','100','0'),
('6390559','198','3902.39','-2432.74','1061.07','0','0','0','100','0'),
('6390559','199','3899.2','-2434.17','1061.1','0','0','0','100','0'),
('6390559','200','3892.67','-2436.69','1060.65','0','0','0','100','0'),
('6390559','201','3885.25','-2438.55','1060.22','0','0','0','100','0'),
('6390559','202','3881.75','-2438.54','1059.89','0','0','0','100','0'),
('6390559','203','3874.81','-2437.64','1058.92','0','0','0','100','0'),
('6390559','204','3869.66','-2436.16','1057.67','0','0','0','100','0'),
('6390559','205','3865.18','-2433.67','1057.27','0','0','0','100','0'),
('6390559','206','3859.64','-2429.4','1059.68','0','0','0','100','0'),
('6390559','207','3853.61','-2425.48','1063.12','0','0','0','100','0'),
('6390559','208','3849.76','-2424.64','1065.43','0','0','0','100','0'),
('6390559','209','3845.79','-2426.8','1067.45','0','0','0','100','0'),
('6390559','210','3844.34','-2430.43','1067.06','0','0','0','100','0'),
('6390559','211','3846.8','-2435.84','1066.5','0','0','0','100','0'),
('6390559','212','3850.13','-2437.97','1063.93','0','0','0','100','0'),
('6390559','213','3855.25','-2442.52','1060.98','0','0','0','100','0'),
('6390559','214','3856.89','-2447.32','1060.09','0','0','0','100','0'),
('6390559','215','3856.84','-2452.69','1059.29','0','0','0','100','0'),
('6390559','216','3854.75','-2457.69','1058.7','0','0','0','100','0'),
('6390559','217','3850.93','-2462.28','1058.49','0','0','0','100','0'),
('6390559','218','3845.45','-2465.78','1058.9','0','0','0','100','0'),
('6390559','219','3842.24','-2467.18','1059.02','0','0','0','100','0'),
('6390559','220','3838.94','-2468.35','1059.27','0','0','0','100','0'),
('6390559','221','3832.51','-2471.1','1058.7','0','0','0','100','0'),
('6390559','222','3826.72','-2475.37','1056.46','0','0','0','100','0'),
('6390559','223','3823.8','-2480.09','1054.56','0','0','0','100','0'),
('6390559','224','3823.34','-2484.64','1053.38','0','0','0','100','0'),
('6390559','225','3825.09','-2489.46','1052.07','0','0','0','100','0'),
('6390559','226','3828.02','-2494.47','1051.27','0','0','0','100','0'),
('6390559','227','3832.58','-2497.66','1050.86','0','0','0','100','0'),
('6390559','228','3837.66','-2497.14','1051.23','0','0','0','100','0'),
('6390559','229','3843.62','-2493.55','1052.25','0','0','0','100','0'),
('6390559','230','3846.39','-2489.01','1053.38','0','0','0','100','0'),
('6390559','231','3847.58','-2485.48','1054.19','0','0','0','100','0'),
('6390559','232','3848.76','-2478.58','1055.87','0','0','0','100','0'),
('6390559','233','3849.34','-2475.13','1056.59','0','0','0','100','0'),
('6390559','234','3851.95','-2465.72','1057.74','0','0','0','100','0'),
('6390559','235','3854.04','-2461.16','1058','0','0','0','100','0'),
('6390559','236','3858.21','-2455.69','1058.49','0','0','0','100','0'),
('6390559','237','3863.72','-2451.43','1060.31','0','0','0','100','0'),
('6390559','238','3868.56','-2451.02','1061.22','0','0','0','100','0'),
('6390559','239','3875.38','-2452.54','1062.45','0','0','0','100','0'),
('6390559','240','3877.68','-2452.87','1062.75','0','0','0','100','0'),
('6390559','241','3884.68','-2452.93','1062.19','0','0','0','100','0'),
('6390559','242','3891.44','-2453.04','1061.21','0','0','0','100','0');

-- Waypoint movement type guid 6392292 (Terrorpene)
UPDATE `creature` SET `MovementType`='2', `spawndist`='0' WHERE `guid`='6392292';

-- Set WP for creature guid 6392292 (Terrorpene)
DELETE FROM `creature_addon` WHERE (`guid`=6392292);
INSERT INTO `creature_addon` (`guid`, `path_id`, `mount`, `bytes1`, `bytes2`, `emote`, `auras`) VALUES 
(6392292, '6392292', 0, 0, 1, 0, '');

-- WP For (Terrorpene)
DELETE FROM waypoint_data WHERE id='6392292';
INSERT INTO `waypoint_data` (`id`, `point`, `position_x`, `position_y`, `position_z`, `delay`, `move_flag`, `action`, `action_chance`, `wpguid`) VALUES 
('6392292','1','4061.91','-3276.16','956.033','0','0','0','100','0'),
('6392292','2','4062.82','-3279.54','955.819','0','0','0','100','0'),
('6392292','3','4064.51','-3286.33','955.315','0','0','0','100','0'),
('6392292','4','4066.7','-3291.11','954.889','0','0','0','100','0'),
('6392292','5','4071.23','-3293.98','954.815','0','0','0','100','0'),
('6392292','6','4074.33','-3295.61','954.795','0','0','0','100','0'),
('6392292','7','4080.5','-3298.91','954.833','0','0','0','100','0'),
('6392292','8','4084.33','-3302.73','954.967','0','0','0','100','0'),
('6392292','9','4085.12','-3307.79','951.961','0','0','0','100','0'),
('6392292','10','4084.21','-3313.27','950.173','0','0','0','100','0'),
('6392292','11','4083.43','-3316.68','950.173','0','0','0','100','0'),
('6392292','12','4082.41','-3323.61','950.173','0','0','0','100','0'),
('6392292','13','4081.68','-3329.37','950.173','0','0','0','100','0'),
('6392292','14','4082.05','-3334.5','950.173','0','0','0','100','0'),
('6392292','15','4081.68','-3337.54','950.173','0','0','0','100','0'),
('6392292','16','4077.57','-3344.48','950.173','0','0','0','100','0'),
('6392292','17','4073.83','-3347.73','950.173','0','0','0','100','0'),
('6392292','18','4068.49','-3352.26','950.173','0','0','0','100','0'),
('6392292','19','4064.14','-3356.23','950.173','0','0','0','100','0'),
('6392292','20','4062.53','-3360.45','950.173','0','0','0','100','0'),
('6392292','21','4066.52','-3364.56','950.173','0','0','0','100','0'),
('6392292','22','4070.17','-3365.71','950.173','0','0','0','100','0'),
('6392292','23','4076.02','-3364.67','950.173','0','0','0','100','0'),
('6392292','24','4079.4','-3362.62','950.173','0','0','0','100','0'),
('6392292','25','4083.59','-3358.58','950.173','0','0','0','100','0'),
('6392292','26','4085.93','-3353.6','950.173','0','0','0','100','0'),
('6392292','27','4085.67','-3347.82','950.173','0','0','0','100','0'),
('6392292','28','4082.52','-3343.05','950.173','0','0','0','100','0'),
('6392292','29','4080.21','-3340.42','950.173','0','0','0','100','0'),
('6392292','30','4075.61','-3335.15','950.173','0','0','0','100','0'),
('6392292','31','4071.16','-3329.74','950.173','0','0','0','100','0'),
('6392292','32','4068.98','-3327','950.173','0','0','0','100','0'),
('6392292','33','4064.62','-3321.53','950.173','0','0','0','100','0'),
('6392292','34','4060.34','-3316.36','950.173','0','0','0','100','0'),
('6392292','35','4055.14','-3311.67','950.173','0','0','0','100','0'),
('6392292','36','4052.47','-3309.41','950.173','0','0','0','100','0'),
('6392292','37','4047.57','-3304.42','950.173','0','0','0','100','0'),
('6392292','38','4043.42','-3298.79','950.173','0','0','0','100','0'),
('6392292','39','4041.51','-3295.86','950.173','0','0','0','100','0'),
('6392292','40','4037.46','-3290.15','950.173','0','0','0','100','0'),
('6392292','41','4033.34','-3284.49','950.173','0','0','0','100','0'),
('6392292','42','4031.29','-3281.66','950.173','0','0','0','100','0'),
('6392292','43','4027.17','-3276','950.173','0','0','0','100','0'),
('6392292','44','4023.06','-3270.33','950.173','0','0','0','100','0'),
('6392292','45','4019.02','-3264.62','950.173','0','0','0','100','0'),
('6392292','46','4016.83','-3259.87','950.173','0','0','0','100','0'),
('6392292','47','4015.11','-3253.09','950.173','0','0','0','100','0'),
('6392292','48','4014.35','-3247.8','950.173','0','0','0','100','0'),
('6392292','49','4014.52','-3244.3','950.117','0','0','0','100','0'),
('6392292','50','4014.95','-3237.31','950.404','0','0','0','100','0'),
('6392292','51','4015.81','-3231.93','950.185','0','0','0','100','0'),
('6392292','52','4019.23','-3224.75','950.173','0','0','0','100','0'),
('6392292','53','4022.13','-3220.15','950.173','0','0','0','100','0'),
('6392292','54','4027.96','-3214.48','950.173','0','0','0','100','0'),
('6392292','55','4032.07','-3213.46','950.173','0','0','0','100','0'),
('6392292','56','4036.19','-3213.45','950.173','0','0','0','100','0'),
('6392292','57','4042.84','-3215.64','950.173','0','0','0','100','0'),
('6392292','58','4049.16','-3218.65','950.173','0','0','0','100','0'),
('6392292','59','4052.29','-3220.2','950.173','0','0','0','100','0'),
('6392292','60','4058.6','-3223.23','950.173','0','0','0','100','0'),
('6392292','61','4064.28','-3224.99','950.173','0','0','0','100','0'),
('6392292','62','4070.69','-3223.51','950.173','0','0','0','100','0'),
('6392292','63','4076.43','-3219.51','950.173','0','0','0','100','0'),
('6392292','64','4079.3','-3217.5','950.173','0','0','0','100','0'),
('6392292','65','4084.87','-3213.65','950.173','0','0','0','100','0'),
('6392292','66','4090.37','-3212.77','949.985','0','0','0','100','0'),
('6392292','67','4092.15','-3213.86','949.732','0','0','0','100','0'),
('6392292','68','4098.16','-3217.44','950.174','0','0','0','100','0'),
('6392292','69','4102.68','-3219.5','950.173','0','0','0','100','0'),
('6392292','70','4106.3','-3219.64','950.173','0','0','0','100','0'),
('6392292','71','4110.61','-3217.31','950.173','0','0','0','100','0'),
('6392292','72','4112.25','-3215.2','950.173','0','0','0','100','0'),
('6392292','73','4116.13','-3209.37','950.263','0','0','0','100','0'),
('6392292','74','4118.06','-3206.45','950.318','0','0','0','100','0'),
('6392292','75','4121.98','-3200.66','950.318','0','0','0','100','0'),
('6392292','76','4126.33','-3195.17','950.318','0','0','0','100','0'),
('6392292','77','4128.55','-3192.46','950.318','0','0','0','100','0'),
('6392292','78','4132.53','-3186.71','950.318','0','0','0','100','0'),
('6392292','79','4134.5','-3183.82','950.318','0','0','0','100','0'),
('6392292','80','4138.39','-3179','950.318','0','0','0','100','0'),
('6392292','81','4143.76','-3174.51','950.318','0','0','0','100','0'),
('6392292','82','4146.59','-3172.45','950.318','0','0','0','100','0'),
('6392292','83','4152.5','-3168.7','950.321','0','0','0','100','0'),
('6392292','84','4158.63','-3165.33','950.323','0','0','0','100','0'),
('6392292','85','4161.15','-3164.18','950.289','0','0','0','100','0'),
('6392292','86','4168.72','-3161.23','950.648','0','0','0','100','0'),
('6392292','87','4170.27','-3160.11','950.509','0','0','0','100','0'),
('6392292','88','4174.98','-3154.93','950.315','0','0','0','100','0'),
('6392292','89','4177.5','-3149.33','950.232','0','0','0','100','0'),
('6392292','90','4176.17','-3146.23','950.232','0','0','0','100','0'),
('6392292','91','4171.97','-3141.78','950.028','0','0','0','100','0'),
('6392292','92','4167.82','-3141.09','949.95','0','0','0','100','0'),
('6392292','93','4162.19','-3141.76','950.71','0','0','0','100','0'),
('6392292','94','4157.77','-3144.58','950.341','0','0','0','100','0'),
('6392292','95','4155.26','-3147.03','950.341','0','0','0','100','0'),
('6392292','96','4150.24','-3151.91','950.341','0','0','0','100','0'),
('6392292','97','4145.16','-3156.72','950.32','0','0','0','100','0'),
('6392292','98','4142.62','-3159.13','950.318','0','0','0','100','0'),
('6392292','99','4137.46','-3163.86','950.318','0','0','0','100','0'),
('6392292','100','4132.1','-3168.35','950.318','0','0','0','100','0'),
('6392292','101','4129.77','-3170.1','950.318','0','0','0','100','0'),
('6392292','102','4123.05','-3173.32','950.318','0','0','0','100','0'),
('6392292','103','4118.71','-3174.01','950.318','0','0','0','100','0'),
('6392292','104','4111.71','-3174.08','950.318','0','0','0','100','0'),
('6392292','105','4108.21','-3173.98','950.318','0','0','0','100','0'),
('6392292','106','4101.22','-3173.82','950.318','0','0','0','100','0'),
('6392292','107','4094.22','-3173.87','950.318','0','0','0','100','0'),
('6392292','108','4090.73','-3173.55','950.318','0','0','0','100','0'),
('6392292','109','4083.77','-3172.86','950.318','0','0','0','100','0'),
('6392292','110','4076.79','-3172.32','950.295','0','0','0','100','0'),
('6392292','111','4073.29','-3172.32','950.183','0','0','0','100','0'),
('6392292','112','4066.32','-3172.87','950.174','0','0','0','100','0'),
('6392292','113','4060.77','-3174.1','950.174','0','0','0','100','0'),
('6392292','114','4054.27','-3176.7','950.174','0','0','0','100','0'),
('6392292','115','4051.12','-3178.21','950.174','0','0','0','100','0'),
('6392292','116','4045.29','-3182.08','950.174','0','0','0','100','0'),
('6392292','117','4039.48','-3186','950.174','0','0','0','100','0'),
('6392292','118','4036.56','-3187.92','950.174','0','0','0','100','0'),
('6392292','119','4030.71','-3191.77','950.174','0','0','0','100','0'),
('6392292','120','4027.77','-3193.67','950.174','0','0','0','100','0'),
('6392292','121','4021.46','-3196.67','950.174','0','0','0','100','0'),
('6392292','122','4015.38','-3198.62','950.174','0','0','0','100','0'),
('6392292','123','4010.06','-3199.58','950.174','0','0','0','100','0'),
('6392292','124','4006.57','-3199.68','950.174','0','0','0','100','0'),
('6392292','125','3999.57','-3199.55','950.174','0','0','0','100','0'),
('6392292','126','3996.08','-3199.22','950.174','0','0','0','100','0'),
('6392292','127','3989.12','-3198.53','950.174','0','0','0','100','0'),
('6392292','128','3982.19','-3197.53','950.174','0','0','0','100','0'),
('6392292','129','3978.77','-3196.78','950.174','0','0','0','100','0'),
('6392292','130','3971.92','-3195.34','950.174','0','0','0','100','0'),
('6392292','131','3968.44','-3194.95','949.826','0','0','0','100','0'),
('6392292','132','3961.96','-3194.49','950.173','0','0','0','100','0'),
('6392292','133','3958.47','-3194.18','950.173','0','0','0','100','0'),
('6392292','134','3954.99','-3193.85','950.173','0','0','0','100','0'),
('6392292','135','3948.04','-3192.97','950.173','0','0','0','100','0'),
('6392292','136','3944.66','-3192.1','950.173','0','0','0','100','0'),
('6392292','137','3938.04','-3189.84','950.173','0','0','0','100','0'),
('6392292','138','3931.98','-3186.36','950.173','0','0','0','100','0'),
('6392292','139','3929.09','-3184.38','950.158','0','0','0','100','0'),
('6392292','140','3922.5','-3178.91','950.173','0','0','0','100','0'),
('6392292','141','3920.34','-3176.15','950.173','0','0','0','100','0'),
('6392292','142','3916.42','-3170.35','950.173','0','0','0','100','0'),
('6392292','143','3912.52','-3164.54','950.173','0','0','0','100','0'),
('6392292','144','3910.77','-3161.51','950.353','0','0','0','100','0'),
('6392292','145','3907.28','-3155.44','950.174','0','0','0','100','0'),
('6392292','146','3903.67','-3150.73','950.18','0','0','0','100','0'),
('6392292','147','3901.23','-3148.15','950.191','0','0','0','100','0'),
('6392292','148','3895.1','-3143.91','950.174','0','0','0','100','0'),
('6392292','149','3892.33','-3142.93','950.174','0','0','0','100','0'),
('6392292','150','3886.83','-3141.64','950.174','0','0','0','100','0'),
('6392292','151','3879.67','-3142.07','950.174','0','0','0','100','0'),
('6392292','152','3876.13','-3144.3','950.174','0','0','0','100','0'),
('6392292','153','3873.51','-3146.63','950.174','0','0','0','100','0'),
('6392292','154','3868.3','-3151.3','950.174','0','0','0','100','0'),
('6392292','155','3862.41','-3156.8','950.242','0','0','0','100','0'),
('6392292','156','3858.77','-3162.29','950.174','0','0','0','100','0'),
('6392292','157','3856.87','-3167.79','950.174','0','0','0','100','0'),
('6392292','158','3856.46','-3173.52','950.174','0','0','0','100','0'),
('6392292','159','3857.19','-3179.73','950.174','0','0','0','100','0'),
('6392292','160','3860.76','-3183.36','950.174','0','0','0','100','0'),
('6392292','161','3865.56','-3185.55','950.174','0','0','0','100','0'),
('6392292','162','3870.77','-3186.6','950.174','0','0','0','100','0'),
('6392292','163','3874.27','-3186.82','951.089','0','0','0','100','0'),
('6392292','164','3881.25','-3187.48','950.493','0','0','0','100','0'),
('6392292','165','3887.02','-3190.01','950.174','0','0','0','100','0'),
('6392292','166','3889.91','-3191.98','950.174','0','0','0','100','0'),
('6392292','167','3894.99','-3196.27','950.174','0','0','0','100','0'),
('6392292','168','3900.02','-3201.14','950.174','0','0','0','100','0'),
('6392292','169','3905.08','-3205.97','950.174','0','0','0','100','0'),
('6392292','170','3908.65','-3210.32','950.174','0','0','0','100','0'),
('6392292','171','3910.93','-3213.8','950.174','0','0','0','100','0'),
('6392292','172','3913.75','-3220.21','950.174','0','0','0','100','0'),
('6392292','173','3916.53','-3226.63','950.174','0','0','0','100','0'),
('6392292','174','3919.1','-3232.35','950.174','0','0','0','100','0'),
('6392292','175','3922.84','-3238.27','950.174','0','0','0','100','0'),
('6392292','176','3924.92','-3241.08','950.174','0','0','0','100','0'),
('6392292','177','3929.12','-3246.68','950.175','0','0','0','100','0'),
('6392292','178','3933.26','-3251.79','950.173','0','0','0','100','0'),
('6392292','179','3936.26','-3254.59','950.173','0','0','0','100','0'),
('6392292','180','3941.92','-3257.59','950.173','0','0','0','100','0'),
('6392292','181','3944.6','-3258.22','950.173','0','0','0','100','0'),
('6392292','182','3950.01','-3257.38','950.173','0','0','0','100','0'),
('6392292','183','3955.43','-3254.37','950.173','0','0','0','100','0'),
('6392292','184','3957.89','-3252.13','950.173','0','0','0','100','0'),
('6392292','185','3961.65','-3247.81','950.173','0','0','0','100','0'),
('6392292','186','3963.42','-3244.79','950.173','0','0','0','100','0'),
('6392292','187','3966.43','-3240.24','950.173','0','0','0','100','0'),
('6392292','188','3971.16','-3236.87','950.173','0','0','0','100','0'),
('6392292','189','3976.75','-3234.84','950.173','0','0','0','100','0'),
('6392292','190','3982.36','-3234.16','950.173','0','0','0','100','0'),
('6392292','191','3985.82','-3234.68','950.173','0','0','0','100','0'),
('6392292','192','3991.27','-3236','950.168','0','0','0','100','0'),
('6392292','193','3995.83','-3238.02','950.172','0','0','0','100','0'),
('6392292','194','4000.58','-3241.46','950.172','0','0','0','100','0'),
('6392292','195','4005.03','-3246.43','950.172','0','0','0','100','0'),
('6392292','196','4009.05','-3252.15','950.172','0','0','0','100','0'),
('6392292','197','4010.87','-3255.14','950.172','0','0','0','100','0'),
('6392292','198','4014.36','-3261.21','950.172','0','0','0','100','0'),
('6392292','199','4017.9','-3267.25','950.172','0','0','0','100','0'),
('6392292','200','4021.32','-3271.76','950.172','0','0','0','100','0'),
('6392292','201','4025.06','-3274.62','950.172','0','0','0','100','0'),
('6392292','202','4028.89','-3275.35','950.172','0','0','0','100','0'),
('6392292','203','4033.53','-3273.3','950.172','0','0','0','100','0'),
('6392292','204','4039.69','-3269.98','950.172','0','0','0','100','0'),
('6392292','205','4045.86','-3266.68','950.172','0','0','0','100','0'),
('6392292','206','4052.19','-3264.54','950.172','0','0','0','100','0'),
('6392292','207','4056.75','-3265.72','950.172','0','0','0','100','0'),
('6392292','208','4059.38','-3269.16','952.664','0','0','0','100','0');

-- Waypoint movement type guid 7282 (Thartuk the Exile)
UPDATE `creature` SET `MovementType`='2', `spawndist`='0' WHERE `guid`='7282';

-- Set WP for creature guid 7282 (Thartuk the Exile)
DELETE FROM `creature_addon` WHERE (`guid`=7282);
INSERT INTO `creature_addon` (`guid`, `path_id`, `mount`, `bytes1`, `bytes2`, `emote`, `auras`) VALUES 
(7282, '7282', 0, 0, 1, 0, '');

-- WP For (Thartuk the Exile)
DELETE FROM waypoint_data WHERE id='7282';
INSERT INTO `waypoint_data` (`id`, `point`, `position_x`, `position_y`, `position_z`, `delay`, `move_flag`, `action`, `action_chance`, `wpguid`) VALUES 
('7282','1','5056.2','-3406.46','1615.17','0','0','0','100','0'),
('7282','2','5056.71','-3411.26','1615.17','0','0','0','100','0'),
('7282','3','5056.71','-3411.26','1615.17','0','0','0','100','0'),
('7282','4','5058.47','-3418.02','1615.19','0','0','0','100','0'),
('7282','5','5063.16','-3423.21','1615.18','0','0','0','100','0'),
('7282','6','5070.05','-3430.49','1615.18','0','0','0','100','0'),
('7282','7','5078.17','-3435.07','1615.17','0','0','0','100','0'),
('7282','8','5084.82','-3437.26','1615.22','0','0','0','100','0'),
('7282','9','5091.56','-3439.13','1615.2','0','0','0','100','0'),
('7282','10','5098.26','-3441.17','1615.18','0','0','0','100','0'),
('7282','11','5101.6','-3442.2','1615.17','0','0','0','100','0'),
('7282','12','5109.19','-3443.46','1615.18','0','0','0','100','0'),
('7282','13','5118.15','-3441.81','1615.21','0','0','0','100','0'),
('7282','14','5121.66','-3439.43','1615.24','0','0','0','100','0'),
('7282','15','5126.38','-3434.27','1615.29','0','0','0','100','0'),
('7282','16','5130.65','-3430.33','1616.25','0','0','0','100','0'),
('7282','17','5139.06','-3424.05','1617.36','0','0','0','100','0'),
('7282','18','5146.43','-3417.39','1618.95','0','0','0','100','0'),
('7282','19','5144.12','-3413.46','1620.03','0','0','0','100','0'),
('7282','20','5143.08','-3410.12','1620.73','0','0','0','100','0'),
('7282','21','5139.96','-3400.09','1620.76','0','0','0','100','0'),
('7282','22','5137.12','-3391.82','1623.09','0','0','0','100','0'),
('7282','23','5132.3','-3382.49','1626.3','0','0','0','100','0'),
('7282','24','5129.27','-3376.42','1628.64','0','0','0','100','0'),
('7282','25','5125.95','-3366.46','1632.4','0','0','0','100','0'),
('7282','26','5124.25','-3359.68','1634.4','0','0','0','100','0'),
('7282','27','5123.49','-3350.56','1636.18','0','0','0','100','0'),
('7282','28','5125.81','-3343.43','1636.7','0','0','0','100','0'),
('7282','29','5129.87','-3339.12','1637.34','0','0','0','100','0'),
('7282','30','5139.19','-3334.29','1637.71','0','0','0','100','0'),
('7282','31','5143.67','-3331.18','1637.86','0','0','0','100','0'),
('7282','32','5148.75','-3326.37','1638.81','0','0','0','100','0'),
('7282','33','5153.76','-3321.47','1640.07','0','0','0','100','0'),
('7282','34','5160.28','-3313.65','1641.78','0','0','0','100','0'),
('7282','35','5166.67','-3306.28','1643.71','0','0','0','100','0'),
('7282','36','5171.57','-3301.28','1645.36','0','0','0','100','0'),
('7282','37','5177.34','-3297.86','1646.51','0','0','0','100','0'),
('7282','38','5184.25','-3296.76','1647.16','0','0','0','100','0'),
('7282','39','5191.08','-3295.23','1647.21','0','0','0','100','0'),
('7282','40','5200.46','-3293.73','1647.63','0','0','0','100','0'),
('7282','41','5206.94','-3296.46','1647.69','0','0','0','100','0'),
('7282','42','5212.46','-3300.76','1647.07','0','0','0','100','0'),
('7282','43','5220.71','-3307.25','1646.86','0','0','0','100','0'),
('7282','44','5229.02','-3313.38','1647.92','0','0','0','100','0'),
('7282','45','5237.09','-3317.96','1648.65','0','0','0','100','0'),
('7282','46','5246.76','-3322.02','1650.75','0','0','0','100','0'),
('7282','47','5253.39','-3324.29','1651.88','0','0','0','100','0'),
('7282','48','5263.32','-3327.68','1652.5','0','0','0','100','0'),
('7282','49','5272.21','-3330.42','1653.1','0','0','0','100','0'),
('7282','50','5281.72','-3332.63','1653.36','0','0','0','100','0'),
('7282','51','5288.1','-3335.5','1653.93','0','0','0','100','0'),
('7282','52','5294.22','-3338.89','1653.98','0','0','0','100','0'),
('7282','53','5303.3','-3343.79','1655.13','0','0','0','100','0'),
('7282','54','5309.66','-3346.7','1655.85','0','0','0','100','0'),
('7282','55','5315.89','-3349.88','1656.05','0','0','0','100','0'),
('7282','56','5328.79','-3355.34','1656.48','0','0','0','100','0'),
('7282','57','5335.21','-3358.13','1656.27','0','0','0','100','0'),
('7282','58','5341.31','-3361.56','1656.32','0','0','0','100','0'),
('7282','59','5350.39','-3366.83','1655.72','0','0','0','100','0'),
('7282','60','5355.94','-3369.23','1655.44','0','0','0','100','0'),
('7282','61','5366.11','-3371.79','1655.31','0','0','0','100','0'),
('7282','62','5369.7','-3372.24','1655.48','0','0','0','100','0'),
('7282','63','5379.16','-3370.25','1655.64','0','0','0','100','0'),
('7282','64','5382.1','-3367.73','1655.57','0','0','0','100','0'),
('7282','65','5386.63','-3362.39','1655.81','0','0','0','100','0'),
('7282','66','5390.77','-3356.75','1655.56','0','0','0','100','0'),
('7282','67','5396.14','-3348.65','1655.68','0','0','0','100','0'),
('7282','68','5399.38','-3340.51','1656.2','0','0','0','100','0'),
('7282','69','5400.39','-3333.62','1657.07','0','0','0','100','0'),
('7282','70','5399.78','-3326.65','1656.63','0','0','0','100','0'),
('7282','71','5399.44','-3322.2','1655.32','0','0','0','100','0'),
('7282','72','5398.13','-3311.15','1649.4','0','0','0','100','0'),
('7282','73','5394.47','-3305.19','1645.6','0','0','0','100','0'),
('7282','74','5391.06','-3299.87','1641.96','0','0','0','100','0'),
('7282','75','5388.28','-3293.45','1638.24','0','0','0','100','0'),
('7282','76','5386.2','-3286.77','1634.98','0','0','0','100','0'),
('7282','77','5384','-3280.35','1632.12','0','0','0','100','0'),
('7282','78','5380.89','-3274.09','1629.67','0','0','0','100','0'),
('7282','79','5375.45','-3265.1','1626.78','0','0','0','100','0'),
('7282','80','5371.77','-3259.15','1625.25','0','0','0','100','0'),
('7282','81','5366.72','-3249.95','1622.95','0','0','0','100','0'),
('7282','82','5364.35','-3243.37','1621.24','0','0','0','100','0'),
('7282','83','5362.42','-3236.65','1619.99','0','0','0','100','0'),
('7282','84','5360.94','-3229.81','1618.67','0','0','0','100','0'),
('7282','85','5358.69','-3219.55','1616.76','0','0','0','100','0'),
('7282','86','5355.8','-3209.46','1614.96','0','0','0','100','0'),
('7282','87','5353.73','-3202.77','1613.64','0','0','0','100','0'),
('7282','88','5351.91','-3196.01','1612.34','0','0','0','100','0'),
('7282','89','5350.07','-3189.26','1610.87','0','0','0','100','0'),
('7282','90','5348.9','-3185.97','1609.84','0','0','0','100','0'),
('7282','91','5347.53','-3182.17','1608.84','0','0','0','100','0'),
('7282','92','5345.15','-3175.59','1607.22','0','0','0','100','0'),
('7282','93','5341.88','-3165.62','1604.31','0','0','0','100','0'),
('7282','94','5339.84','-3155.32','1601.71','0','0','0','100','0'),
('7282','95','5339.71','-3149.29','1600.64','0','0','0','100','0'),
('7282','96','5342.17','-3145','1600.11','0','0','0','100','0'),
('7282','97','5344.87','-3142.79','1599.34','0','0','0','100','0'),
('7282','98','5350.63','-3138.83','1596.38','0','0','0','100','0'),
('7282','99','5353.57','-3133.77','1593.29','0','0','0','100','0'),
('7282','100','5353.75','-3130.58','1591.87','0','0','0','100','0'),
('7282','101','5353.33','-3124.71','1589.71','0','0','0','100','0'),
('7282','102','5352.14','-3118.87','1587.9','0','0','0','100','0'),
('7282','103','5352.06','-3115.37','1587.08','0','0','0','100','0'),
('7282','104','5352.1','-3111.87','1585.86','0','0','0','100','0'),
('7282','105','5351.77','-3103.11','1581.34','0','0','0','100','0'),
('7282','106','5350.6','-3101.38','1581.17','0','0','0','100','0'),
('7282','107','5348.27','-3098.77','1580.46','0','0','0','100','0'),
('7282','108','5344','-3093.13','1576.71','0','0','0','100','0'),
('7282','109','5343.81','-3092.22','1575.74','0','0','0','100','0'),
('7282','110','5348.31','-3087.32','1572.44','0','0','0','100','0'),
('7282','111','5351.45','-3085.77','1570.98','0','0','0','100','0'),
('7282','112','5354.81','-3083.78','1566.1','0','0','0','100','0'),
('7282','113','5360.58','-3078.5','1570.86','0','0','0','100','0'),
('7282','114','5363.33','-3076.33','1571.22','0','0','0','100','0'),
('7282','115','5368.68','-3071.83','1572.24','0','0','0','100','0'),
('7282','116','5374.42','-3067.83','1573.34','0','0','0','100','0'),
('7282','117','5381.09','-3065.7','1571.82','0','0','0','100','0'),
('7282','118','5387.8','-3063.72','1570.06','0','0','0','100','0'),
('7282','119','5392.81','-3058.55','1568.51','0','0','0','100','0'),
('7282','120','5391.14','-3051.75','1567.48','0','0','0','100','0'),
('7282','121','5391.46','-3047.58','1566.67','0','0','0','100','0'),
('7282','122','5395.86','-3045.37','1565.75','0','0','0','100','0'),
('7282','123','5400.4','-3051.24','1567.02','0','0','0','100','0'),
('7282','124','5406.85','-3056.41','1568.84','0','0','0','100','0'),
('7282','125','5412.98','-3057.61','1569.54','0','0','0','100','0'),
('7282','126','5419.22','-3055.81','1568.53','0','0','0','100','0'),
('7282','127','5422.31','-3050.68','1567.11','0','0','0','100','0'),
('7282','128','5422.91','-3047.23','1564.63','0','0','0','100','0'),
('7282','129','5424.62','-3037.93','1559.93','0','0','0','100','0'),
('7282','130','5425.88','-3032.05','1558.11','0','0','0','100','0'),
('7282','131','5424.09','-3024.42','1556.56','0','0','0','100','0'),
('7282','132','5422.39','-3021.36','1555.93','0','0','0','100','0'),
('7282','133','5417.4','-3012.12','1555.65','0','0','0','100','0'),
('7282','134','5415.27','-3006.93','1555.5','0','0','0','100','0'),
('7282','135','5413.69','-3000.12','1555.2','0','0','0','100','0'),
('7282','136','5413.16','-2994.85','1554.53','0','0','0','100','0'),
('7282','137','5414.11','-2988.55','1553.36','0','0','0','100','0'),
('7282','138','5416.87','-2980.19','1551.11','0','0','0','100','0'),
('7282','139','5420.04','-2974.31','1550.47','0','0','0','100','0'),
('7282','140','5425.09','-2968.61','1548.64','0','0','0','100','0'),
('7282','141','5428.86','-2965.45','1547.32','0','0','0','100','0'),
('7282','142','5437.44','-2961.81','1546.36','0','0','0','100','0'),
('7282','143','5444.25','-2960.17','1547.4','0','0','0','100','0'),
('7282','144','5450.79','-2957.7','1546.67','0','0','0','100','0'),
('7282','145','5457.1','-2954.67','1545.6','0','0','0','100','0'),
('7282','146','5461.08','-2950.57','1544.15','0','0','0','100','0'),
('7282','147','5464.4','-2944.42','1542.49','0','0','0','100','0'),
('7282','148','5467.28','-2938.04','1540.86','0','0','0','100','0'),
('7282','149','5470.31','-2931.99','1539.93','0','0','0','100','0'),
('7282','150','5473.68','-2928.16','1538.19','0','0','0','100','0'),
('7282','151','5480.94','-2925.94','1534.69','0','0','0','100','0'),
('7282','152','5486.24','-2926.84','1531.12','0','0','0','100','0'),
('7282','153','5491.01','-2929.17','1529.66','0','0','0','100','0'),
('7282','154','5495.9','-2932.77','1533.33','0','0','0','100','0'),
('7282','155','5498.28','-2934.85','1535.1','0','0','0','100','0'),
('7282','156','5502.84','-2940.16','1537.66','0','0','0','100','0'),
('7282','157','5507.52','-2943.98','1538.59','0','0','0','100','0'),
('7282','158','5515.55','-2946.97','1538.4','0','0','0','100','0'),
('7282','159','5518.55','-2946.08','1537.35','0','0','0','100','0'),
('7282','160','5524.22','-2941.99','1533.79','0','0','0','100','0'),
('7282','161','5526.75','-2939.57','1532.24','0','0','0','100','0'),
('7282','162','5531.96','-2934.9','1530.07','0','0','0','100','0'),
('7282','163','5537.79','-2931.02','1529.75','0','0','0','100','0'),
('7282','164','5543.65','-2927.2','1532.44','0','0','0','100','0'),
('7282','165','5546.75','-2925.54','1533.2','0','0','0','100','0'),
('7282','166','5553.05','-2923.82','1533.07','0','0','0','100','0'),
('7282','167','5559.21','-2922.04','1531.95','0','0','0','100','0'),
('7282','168','5565.58','-2919.14','1531.4','0','0','0','100','0'),
('7282','169','5571.84','-2915.28','1530.05','0','0','0','100','0'),
('7282','170','5574.87','-2910.72','1528.85','0','0','0','100','0'),
('7282','171','5573.98','-2904.35','1526.49','0','0','0','100','0'),
('7282','172','5570.5','-2902.19','1525.61','0','0','0','100','0'),
('7282','173','5564.21','-2900.61','1526.36','0','0','0','100','0'),
('7282','174','5558.32','-2902.37','1528.47','0','0','0','100','0'),
('7282','175','5553.63','-2906.08','1530.02','0','0','0','100','0'),
('7282','176','5548.99','-2911.32','1530.73','0','0','0','100','0'),
('7282','177','5544.05','-2917.68','1531','0','0','0','100','0'),
('7282','178','5538.99','-2920.31','1528.97','0','0','0','100','0'),
('7282','179','5533.12','-2920.37','1526.74','0','0','0','100','0'),
('7282','180','5527.19','-2918.5','1526.71','0','0','0','100','0'),
('7282','181','5523.78','-2916.94','1527.41','0','0','0','100','0'),
('7282','182','5521.03','-2914.79','1527.64','0','0','0','100','0'),
('7282','183','5515.94','-2909.99','1526','0','0','0','100','0'),
('7282','184','5512.76','-2905.6','1523.98','0','0','0','100','0'),
('7282','185','5509.85','-2899.42','1520.49','0','0','0','100','0'),
('7282','186','5507.68','-2893.08','1519.05','0','0','0','100','0'),
('7282','187','5504.98','-2885.68','1521.2','0','0','0','100','0'),
('7282','188','5501.99','-2878.31','1521.95','0','0','0','100','0'),
('7282','189','5497.9','-2868.64','1522.47','0','0','0','100','0'),
('7282','190','5494.57','-2862.51','1521.12','0','0','0','100','0'),
('7282','191','5489.29','-2856.91','1519.75','0','0','0','100','0'),
('7282','192','5483.23','-2853.38','1520.44','0','0','0','100','0'),
('7282','193','5479.76','-2852.96','1520.7','0','0','0','100','0'),
('7282','194','5468.84','-2852.2','1521.65','0','0','0','100','0'),
('7282','195','5461.42','-2853.76','1521.61','0','0','0','100','0'),
('7282','196','5457.21','-2856.43','1521.93','0','0','0','100','0'),
('7282','197','5451.59','-2860.6','1523.45','0','0','0','100','0'),
('7282','198','5443.87','-2866.1','1525.41','0','0','0','100','0'),
('7282','199','5440.8','-2867.78','1525.31','0','0','0','100','0'),
('7282','200','5431.52','-2872.7','1526.23','0','0','0','100','0'),
('7282','201','5425.34','-2875.98','1527.14','0','0','0','100','0'),
('7282','202','5419.15','-2879.26','1527.95','0','0','0','100','0'),
('7282','203','5413.39','-2881.43','1528.66','0','0','0','100','0'),
('7282','204','5406.62','-2883.18','1529.86','0','0','0','100','0'),
('7282','205','5399.71','-2884.26','1529.85','0','0','0','100','0'),
('7282','206','5392.73','-2884.74','1530.15','0','0','0','100','0'),
('7282','207','5385.12','-2886.03','1531.71','0','0','0','100','0'),
('7282','208','5379.07','-2890.16','1533.57','0','0','0','100','0'),
('7282','209','5376.29','-2896','1535.71','0','0','0','100','0'),
('7282','210','5375.59','-2899.43','1536.23','0','0','0','100','0'),
('7282','211','5374.96','-2908.8','1536.48','0','0','0','100','0'),
('7282','212','5375.46','-2915.78','1537.93','0','0','0','100','0'),
('7282','213','5375.5','-2922.43','1539.87','0','0','0','100','0'),
('7282','214','5374.75','-2929.39','1540.44','0','0','0','100','0'),
('7282','215','5374.05','-2936.35','1541.43','0','0','0','100','0'),
('7282','216','5373.74','-2945.14','1542.63','0','0','0','100','0'),
('7282','217','5375.54','-2948.35','1543.75','0','0','0','100','0'),
('7282','218','5379.17','-2952.29','1545.68','0','0','0','100','0'),
('7282','219','5385.18','-2955.88','1546.88','0','0','0','100','0'),
('7282','220','5388.17','-2957.69','1547.32','0','0','0','100','0'),
('7282','221','5395.78','-2963.12','1547.39','0','0','0','100','0'),
('7282','222','5398.28','-2965.56','1547.49','0','0','0','100','0'),
('7282','223','5403.07','-2970.65','1548.9','0','0','0','100','0'),
('7282','224','5407.38','-2975.92','1550.27','0','0','0','100','0'),
('7282','225','5410.37','-2982.91','1551.77','0','0','0','100','0'),
('7282','226','5410.47','-2983.29','1551.86','0','0','0','100','0'),
('7282','227','5411.7','-2991.26','1553.93','0','0','0','100','0'),
('7282','228','5409.62','-2997.95','1554.64','0','0','0','100','0'),
('7282','229','5408.58','-3001.29','1554.86','0','0','0','100','0'),
('7282','230','5409.12','-3009.17','1556.33','0','0','0','100','0'),
('7282','231','5411.84','-3015.62','1556.24','0','0','0','100','0'),
('7282','232','5414.31','-3022.17','1556.78','0','0','0','100','0'),
('7282','233','5416.73','-3029.57','1558.59','0','0','0','100','0'),
('7282','234','5417.46','-3036.05','1560.67','0','0','0','100','0'),
('7282','235','5416.76','-3041.71','1562.83','0','0','0','100','0'),
('7282','236','5414.14','-3048.77','1565.55','0','0','0','100','0'),
('7282','237','5411.89','-3052.31','1567.45','0','0','0','100','0'),
('7282','238','5404.62','-3059.88','1569.76','0','0','0','100','0'),
('7282','239','5399.56','-3064.7','1570.3','0','0','0','100','0'),
('7282','240','5394.27','-3068.94','1571.57','0','0','0','100','0'),
('7282','241','5388.52','-3072.93','1573','0','0','0','100','0'),
('7282','242','5380.25','-3080.15','1573.81','0','0','0','100','0'),
('7282','243','5376.65','-3083.95','1573.66','0','0','0','100','0'),
('7282','244','5370.88','-3087.91','1573.02','0','0','0','100','0'),
('7282','245','5366.84','-3091.59','1570.83','0','0','0','100','0'),
('7282','246','5362.75','-3093.13','1569.27','0','0','0','100','0'),
('7282','247','5356.04','-3089.73','1568.15','0','0','0','100','0'),
('7282','248','5353.78','-3087.04','1567.62','0','0','0','100','0'),
('7282','249','5346.44','-3079.75','1566.78','0','0','0','100','0'),
('7282','250','5342.28','-3077.12','1566.45','0','0','0','100','0'),
('7282','251','5337.42','-3075.45','1566.95','0','0','0','100','0'),
('7282','252','5331.34','-3072.8','1567.88','0','0','0','100','0'),
('7282','253','5326.65','-3069.28','1567.58','0','0','0','100','0'),
('7282','254','5320.95','-3066.26','1568.3','0','0','0','100','0'),
('7282','255','5313.55','-3065.15','1569.67','0','0','0','100','0'),
('7282','256','5307.18','-3067.5','1571.9','0','0','0','100','0'),
('7282','257','5303.91','-3071.53','1574.4','0','0','0','100','0'),
('7282','258','5303.29','-3078.5','1577.2','0','0','0','100','0'),
('7282','259','5302.66','-3085.47','1579.84','0','0','0','100','0'),
('7282','260','5301.66','-3095.92','1584.37','0','0','0','100','0'),
('7282','261','5300.85','-3102.87','1585.89','0','0','0','100','0'),
('7282','262','5301.27','-3111.11','1585.83','0','0','0','100','0'),
('7282','263','5305.51','-3116.67','1587.53','0','0','0','100','0'),
('7282','264','5309.91','-3122.11','1589.55','0','0','0','100','0'),
('7282','265','5314.59','-3127.31','1591.67','0','0','0','100','0'),
('7282','266','5319.42','-3132.38','1593.69','0','0','0','100','0'),
('7282','267','5324.25','-3137.44','1595.42','0','0','0','100','0'),
('7282','268','5328.52','-3142.47','1597.06','0','0','0','100','0'),
('7282','269','5332.34','-3148.33','1598.76','0','0','0','100','0'),
('7282','270','5334.1','-3151.36','1599.67','0','0','0','100','0'),
('7282','271','5338.79','-3160.74','1602.54','0','0','0','100','0'),
('7282','272','5341.35','-3167.25','1604.66','0','0','0','100','0'),
('7282','273','5342.53','-3170.55','1605.67','0','0','0','100','0'),
('7282','274','5344.66','-3177.21','1607.48','0','0','0','100','0'),
('7282','275','5346.03','-3184.07','1609.04','0','0','0','100','0'),
('7282','276','5346.83','-3191.03','1610.6','0','0','0','100','0'),
('7282','277','5348.17','-3196.92','1611.87','0','0','0','100','0'),
('7282','278','5350.56','-3203.49','1613.46','0','0','0','100','0'),
('7282','279','5353.39','-3209.89','1614.85','0','0','0','100','0'),
('7282','280','5354.81','-3213.09','1615.45','0','0','0','100','0'),
('7282','281','5357.37','-3219.6','1616.77','0','0','0','100','0'),
('7282','282','5359.77','-3226.18','1617.87','0','0','0','100','0'),
('7282','283','5362.38','-3232.67','1619.08','0','0','0','100','0'),
('7282','284','5365.23','-3239.07','1620.38','0','0','0','100','0'),
('7282','285','5368.11','-3245.44','1621.82','0','0','0','100','0'),
('7282','286','5371','-3251.81','1623.42','0','0','0','100','0'),
('7282','287','5373.89','-3258.18','1625.05','0','0','0','100','0'),
('7282','288','5376.8','-3264.55','1626.71','0','0','0','100','0'),
('7282','289','5378.26','-3267.73','1627.63','0','0','0','100','0'),
('7282','290','5380.73','-3274.28','1629.71','0','0','0','100','0'),
('7282','291','5384.74','-3283.97','1633.54','0','0','0','100','0'),
('7282','292','5389.22','-3293.47','1638.45','0','0','0','100','0'),
('7282','293','5390.76','-3296.61','1640.28','0','0','0','100','0'),
('7282','294','5394.09','-3302.77','1644.29','0','0','0','100','0'),
('7282','295','5397.52','-3308.87','1648.1','0','0','0','100','0'),
('7282','296','5402.8','-3317.95','1653.18','0','0','0','100','0'),
('7282','297','5404.88','-3322.31','1654.84','0','0','0','100','0'),
('7282','298','5405.86','-3327.14','1655.88','0','0','0','100','0'),
('7282','299','5405.83','-3335.5','1656.1','0','0','0','100','0'),
('7282','300','5402.52','-3343.56','1655.99','0','0','0','100','0'),
('7282','301','5400.35','-3346.31','1655.74','0','0','0','100','0'),
('7282','302','5395.91','-3351.72','1655.56','0','0','0','100','0'),
('7282','303','5391.47','-3357.14','1655.45','0','0','0','100','0'),
('7282','304','5386.89','-3362.42','1655.81','0','0','0','100','0'),
('7282','305','5382.11','-3367.06','1655.57','0','0','0','100','0'),
('7282','306','5375.5','-3371.5','1655.68','0','0','0','100','0'),
('7282','307','5371.17','-3373.05','1655.61','0','0','0','100','0'),
('7282','308','5365.62','-3373.69','1655.45','0','0','0','100','0'),
('7282','309','5363.12','-3373.48','1655.45','0','0','0','100','0'),
('7282','310','5358.43','-3372.39','1655.55','0','0','0','100','0'),
('7282','311','5355.8','-3371.34','1655.6','0','0','0','100','0'),
('7282','312','5343.22','-3365.21','1656.03','0','0','0','100','0'),
('7282','313','5333.93','-3360.3','1656.42','0','0','0','100','0'),
('7282','314','5321.56','-3353.76','1656.11','0','0','0','100','0'),
('7282','315','5312.27','-3348.86','1655.98','0','0','0','100','0'),
('7282','316','5301.47','-3344.55','1654.94','0','0','0','100','0'),
('7282','317','5294.59','-3343.27','1654.04','0','0','0','100','0'),
('7282','318','5287.7','-3342.02','1653.32','0','0','0','100','0'),
('7282','319','5280.82','-3340.74','1652.44','0','0','0','100','0'),
('7282','320','5273.95','-3339.4','1651.69','0','0','0','100','0'),
('7282','321','5265.59','-3337.51','1650.72','0','0','0','100','0'),
('7282','322','5257.44','-3338.1','1649.4','0','0','0','100','0'),
('7282','323','5250.64','-3339.76','1648.23','0','0','0','100','0'),
('7282','324','5241.94','-3339.83','1646.94','0','0','0','100','0'),
('7282','325','5237.32','-3337.37','1646.62','0','0','0','100','0'),
('7282','326','5231.17','-3332.09','1646.68','0','0','0','100','0'),
('7282','327','5226.62','-3326.77','1645.98','0','0','0','100','0'),
('7282','328','5222.07','-3321.45','1645.47','0','0','0','100','0'),
('7282','329','5217.43','-3316.21','1645.6','0','0','0','100','0'),
('7282','330','5212.91','-3311.3','1645.48','0','0','0','100','0'),
('7282','331','5207.69','-3306.64','1645.54','0','0','0','100','0'),
('7282','332','5201.38','-3301.55','1646.06','0','0','0','100','0'),
('7282','333','5194.94','-3299.22','1646.41','0','0','0','100','0'),
('7282','334','5191.47','-3298.72','1646.54','0','0','0','100','0'),
('7282','335','5186.3','-3298.49','1646.79','0','0','0','100','0'),
('7282','336','5179.34','-3299.25','1646.37','0','0','0','100','0'),
('7282','337','5175.86','-3299.6','1646.06','0','0','0','100','0'),
('7282','338','5167.82','-3300.41','1645.08','0','0','0','100','0'),
('7282','339','5164.84','-3301.26','1644.51','0','0','0','100','0'),
('7282','340','5157.87','-3301.87','1645.1','0','0','0','100','0'),
('7282','341','5151.98','-3303.33','1644.69','0','0','0','100','0'),
('7282','342','5145.37','-3305.63','1643.72','0','0','0','100','0'),
('7282','343','5137.97','-3309.09','1643.14','0','0','0','100','0'),
('7282','344','5133.17','-3313.37','1642.13','0','0','0','100','0'),
('7282','345','5130.03','-3318.04','1641.53','0','0','0','100','0'),
('7282','346','5127.86','-3325.8','1640.92','0','0','0','100','0'),
('7282','347','5125.74','-3329.55','1639.97','0','0','0','100','0'),
('7282','348','5121.75','-3335.79','1638.88','0','0','0','100','0'),
('7282','349','5120.45','-3345.05','1637.45','0','0','0','100','0'),
('7282','350','5117.78','-3353.68','1636.81','0','0','0','100','0'),
('7282','351','5115.7','-3361.65','1635.02','0','0','0','100','0'),
('7282','352','5118.98','-3369.74','1631.69','0','0','0','100','0'),
('7282','353','5121.74','-3376.17','1628.73','0','0','0','100','0'),
('7282','354','5126.57','-3385.5','1624.62','0','0','0','100','0'),
('7282','355','5128.83','-3391.38','1622.31','0','0','0','100','0'),
('7282','356','5127.46','-3400.17','1618.77','0','0','0','100','0'),
('7282','357','5124.01','-3405.01','1616.74','0','0','0','100','0'),
('7282','358','5125.06','-3411.01','1616.12','0','0','0','100','0'),
('7282','359','5127.56','-3421.21','1616.49','0','0','0','100','0'),
('7282','360','5127.29','-3428.77','1616.2','0','0','0','100','0'),
('7282','361','5122.01','-3436.93','1615.23','0','0','0','100','0'),
('7282','362','5116.99','-3440.77','1615.19','0','0','0','100','0'),
('7282','363','5111.98','-3442.08','1615.18','0','0','0','100','0'),
('7282','364','5106.09','-3442.79','1615.18','0','0','0','100','0'),
('7282','365','5099.41','-3441.7','1615.18','0','0','0','100','0'),
('7282','366','5092.7','-3439.69','1615.19','0','0','0','100','0'),
('7282','367','5082.83','-3436.12','1615.21','0','0','0','100','0'),
('7282','368','5076.31','-3433.58','1615.17','0','0','0','100','0'),
('7282','369','5067.93','-3429.08','1615.17','0','0','0','100','0'),
('7282','370','5065.28','-3424.15','1615.17','0','0','0','100','0'),
('7282','371','5067.08','-3420.73','1615.17','0','0','0','100','0'),
('7282','372','5071.11','-3413.33','1615.17','0','0','0','100','0'),
('7282','373','5069.81','-3407.23','1615.18','0','0','0','100','0'),
('7282','374','5066.54','-3403.83','1615.22','0','0','0','100','0'),
('7282','375','5061.45','-3399.03','1615.18','0','0','0','100','0'),
('7282','376','5057.09','-3395.77','1615.2','0','0','0','100','0'),
('7282','377','5055.5','-3397.48','1615.18','0','0','0','100','0'),
('7282','378','5055.56','-3401.3','1615.17','0','0','0','100','0');

-- Waypoint movement type guid 6564976 (Julak-Doom)
UPDATE `creature` SET `MovementType`='2', `spawndist`='0' WHERE `guid`='6564976';

-- Set WP for creature guid 6564976 (Julak-Doom)
DELETE FROM `creature_addon` WHERE (`guid`=6564976);
INSERT INTO `creature_addon` (`guid`, `path_id`, `mount`, `bytes1`, `bytes2`, `emote`, `auras`) VALUES 
(6564976, '6564976', 0, 0, 1, 0, '');

-- WP For (Julak-Doom)
DELETE FROM waypoint_data WHERE id='6564976';
INSERT INTO `waypoint_data` (`id`, `point`, `position_x`, `position_y`, `position_z`, `delay`, `move_flag`, `action`, `action_chance`, `wpguid`) VALUES 
('6564976','1','-2587.1','-5499.31','163.822','0','0','0','100','0'),
('6564976','2','-2591.1','-5493.43','166.876','0','0','0','100','0'),
('6564976','3','-2597.56','-5490.81','169.496','0','0','0','100','0'),
('6564976','4','-2604.46','-5489.6','171.522','0','0','0','100','0'),
('6564976','5','-2611.32','-5488.23','173.107','0','0','0','100','0'),
('6564976','6','-2619.44','-5487.73','175.661','0','0','0','100','0'),
('6564976','7','-2629.93','-5487.96','178.802','0','0','0','100','0'),
('6564976','8','-2636.7','-5484.71','180.602','0','0','0','100','0'),
('6564976','9','-2638.89','-5476.12','181.198','0','0','0','100','0'),
('6564976','10','-2636.17','-5468.49','179.926','0','0','0','100','0'),
('6564976','11','-2630.19','-5459.87','179.657','0','0','0','100','0'),
('6564976','12','-2626.72','-5453.79','179.313','0','0','0','100','0'),
('6564976','13','-2621.6','-5444.62','177.703','0','0','0','100','0'),
('6564976','14','-2616.52','-5435.44','175.155','0','0','0','100','0'),
('6564976','15','-2611.23','-5426.37','172.315','0','0','0','100','0'),
('6564976','16','-2605.16','-5417.82','170.244','0','0','0','100','0'),
('6564976','17','-2600.13','-5412.02','169.513','0','0','0','100','0'),
('6564976','18','-2591.11','-5407.86','168.1','0','0','0','100','0'),
('6564976','19','-2584.31','-5406.21','167.677','0','0','0','100','0'),
('6564976','20','-2580.58','-5404.99','167.946','0','0','0','100','0'),
('6564976','21','-2570.76','-5401.3','168.034','0','0','0','100','0'),
('6564976','22','-2560.2','-5397.24','164.872','0','0','0','100','0'),
('6564976','23','-2557','-5394.66','163.866','0','0','0','100','0'),
('6564976','24','-2553.83','-5388.42','163.354','0','0','0','100','0'),
('6564976','25','-2551.85','-5383.12','163.476','0','0','0','100','0'),
('6564976','26','-2550.49','-5376.26','165.403','0','0','0','100','0'),
('6564976','27','-2549.65','-5369.31','167.683','0','0','0','100','0'),
('6564976','28','-2549.44','-5362.47','169.863','0','0','0','100','0'),
('6564976','29','-2550.1','-5355.5','171.084','0','0','0','100','0'),
('6564976','30','-2551.21','-5347.19','171.188','0','0','0','100','0'),
('6564976','31','-2553.16','-5340.47','171.287','0','0','0','100','0'),
('6564976','32','-2556.2','-5332.23','171.769','0','0','0','100','0'),
('6564976','33','-2559.15','-5325.88','170.965','0','0','0','100','0'),
('6564976','34','-2561.99','-5318.69','170.104','0','0','0','100','0'),
('6564976','35','-2563.24','-5311.81','169.376','0','0','0','100','0'),
('6564976','36','-2563.64','-5306.42','168.535','0','0','0','100','0'),
('6564976','37','-2563.15','-5299.44','167.364','0','0','0','100','0'),
('6564976','38','-2562.36','-5288.97','165.035','0','0','0','100','0'),
('6564976','39','-2561.98','-5285.49','164.638','0','0','0','100','0'),
('6564976','40','-2560.16','-5271.61','163.111','0','0','0','100','0'),
('6564976','41','-2559.71','-5268.14','162.746','0','0','0','100','0'),
('6564976','42','-2558.42','-5261.26','161.591','0','0','0','100','0'),
('6564976','43','-2557.73','-5257.83','160.91','0','0','0','100','0'),
('6564976','44','-2555.91','-5251.08','158.849','0','0','0','100','0'),
('6564976','45','-2553.14','-5244.66','157.777','0','0','0','100','0'),
('6564976','46','-2550.26','-5239.8','157.06','0','0','0','100','0'),
('6564976','47','-2545.86','-5234.36','156.161','0','0','0','100','0'),
('6564976','48','-2543.56','-5231.73','155.723','0','0','0','100','0'),
('6564976','49','-2536.08','-5224.36','153.291','0','0','0','100','0'),
('6564976','50','-2530.92','-5219.63','150.747','0','0','0','100','0'),
('6564976','51','-2525.69','-5214.98','148.221','0','0','0','100','0'),
('6564976','52','-2521.9','-5211.71','146.528','0','0','0','100','0'),
('6564976','53','-2515.98','-5207.97','144.49','0','0','0','100','0'),
('6564976','54','-2507.86','-5204.66','141.996','0','0','0','100','0'),
('6564976','55','-2501.35','-5203.33','140.211','0','0','0','100','0'),
('6564976','56','-2497.85','-5203.17','139.466','0','0','0','100','0'),
('6564976','57','-2490.02','-5202.98','138.103','0','0','0','100','0'),
('6564976','58','-2483.02','-5203','136.775','0','0','0','100','0'),
('6564976','59','-2472.52','-5203.05','133.937','0','0','0','100','0'),
('6564976','60','-2468.79','-5203.06','132.717','0','0','0','100','0'),
('6564976','61','-2462.76','-5202.55','130.496','0','0','0','100','0'),
('6564976','62','-2456.45','-5199.52','127.571','0','0','0','100','0'),
('6564976','63','-2451.33','-5195.59','124.949','0','0','0','100','0'),
('6564976','64','-2448.98','-5192.99','123.682','0','0','0','100','0'),
('6564976','65','-2444.39','-5187.7','121.447','0','0','0','100','0'),
('6564976','66','-2440.43','-5182.24','119.732','0','0','0','100','0'),
('6564976','67','-2436.8','-5176.26','118.386','0','0','0','100','0'),
('6564976','68','-2433.29','-5170.21','117.377','0','0','0','100','0'),
('6564976','69','-2430.43','-5165.03','116.593','0','0','0','100','0'),
('6564976','70','-2428.03','-5158.45','115.9','0','0','0','100','0'),
('6564976','71','-2426.65','-5153.03','115.97','0','0','0','100','0'),
('6564976','72','-2425.85','-5146.96','116.404','0','0','0','100','0'),
('6564976','73','-2425.66','-5139.96','116.966','0','0','0','100','0'),
('6564976','74','-2425.54','-5132.96','117.364','0','0','0','100','0'),
('6564976','75','-2425.43','-5125.96','117.629','0','0','0','100','0'),
('6564976','76','-2425.41','-5118.96','117.588','0','0','0','100','0'),
('6564976','77','-2425.86','-5112.75','117.28','0','0','0','100','0'),
('6564976','78','-2426.58','-5109.33','117.428','0','0','0','100','0'),
('6564976','79','-2428.38','-5102.69','117.784','0','0','0','100','0'),
('6564976','80','-2429.56','-5099.4','117.794','0','0','0','100','0'),
('6564976','81','-2433.11','-5089.52','118.864','0','0','0','100','0'),
('6564976','82','-2435.52','-5082.94','120.092','0','0','0','100','0'),
('6564976','83','-2438.61','-5076.66','121.456','0','0','0','100','0'),
('6564976','84','-2441.08','-5072.11','122.145','0','0','0','100','0'),
('6564976','85','-2445.12','-5066.39','123.898','0','0','0','100','0'),
('6564976','86','-2449.21','-5060.71','125.831','0','0','0','100','0'),
('6564976','87','-2453.18','-5054.95','127.793','0','0','0','100','0'),
('6564976','88','-2456.83','-5048.98','129.461','0','0','0','100','0'),
('6564976','89','-2460.5','-5043.01','130.95','0','0','0','100','0'),
('6564976','90','-2464.42','-5037.44','132.114','0','0','0','100','0'),
('6564976','91','-2469.36','-5033.93','132.909','0','0','0','100','0'),
('6564976','92','-2470.1','-5033.69','133.032','0','0','0','100','0'),
('6564976','93','-2477.75','-5033.91','134.649','0','0','0','100','0'),
('6564976','94','-2481.18','-5036.52','135.351','0','0','0','100','0'),
('6564976','95','-2485.02','-5041.29','136.147','0','0','0','100','0'),
('6564976','96','-2486.15','-5044.98','136.379','0','0','0','100','0'),
('6564976','97','-2486.4','-5050.44','136.426','0','0','0','100','0'),
('6564976','98','-2484.1','-5059.66','135.882','0','0','0','100','0'),
('6564976','99','-2481.81','-5063.74','135.291','0','0','0','100','0'),
('6564976','100','-2479.82','-5066.62','134.767','0','0','0','100','0'),
('6564976','101','-2475.58','-5072.19','133.599','0','0','0','100','0'),
('6564976','102','-2473.48','-5075','133.002','0','0','0','100','0'),
('6564976','103','-2469.85','-5080.98','131.888','0','0','0','100','0'),
('6564976','104','-2468.38','-5084.15','131.612','0','0','0','100','0'),
('6564976','105','-2466.45','-5090.73','130.996','0','0','0','100','0'),
('6564976','106','-2466.31','-5094.23','130.488','0','0','0','100','0'),
('6564976','107','-2466.3','-5097.34','130.102','0','0','0','100','0'),
('6564976','108','-2466.85','-5104.32','129.186','0','0','0','100','0'),
('6564976','109','-2468.11','-5111.2','128.315','0','0','0','100','0'),
('6564976','110','-2468.92','-5114.6','128.329','0','0','0','100','0'),
('6564976','111','-2470.85','-5121.33','128.111','0','0','0','100','0'),
('6564976','112','-2471.98','-5124.63','128.147','0','0','0','100','0'),
('6564976','113','-2473.6','-5130.79','128.269','0','0','0','100','0'),
('6564976','114','-2473.91','-5134.28','127.904','0','0','0','100','0'),
('6564976','115','-2473.91','-5137.78','127.48','0','0','0','100','0'),
('6564976','116','-2473.2','-5144.7','127.547','0','0','0','100','0'),
('6564976','117','-2472.59','-5148.15','127.507','0','0','0','100','0'),
('6564976','118','-2471.83','-5151.56','127.251','0','0','0','100','0'),
('6564976','119','-2470.33','-5158.4','127.2','0','0','0','100','0'),
('6564976','120','-2469.64','-5163.76','127.41','0','0','0','100','0'),
('6564976','121','-2469.68','-5171.81','128.156','0','0','0','100','0'),
('6564976','122','-2471.24','-5177.51','129.244','0','0','0','100','0'),
('6564976','123','-2472.96','-5180.56','130.152','0','0','0','100','0'),
('6564976','124','-2476.41','-5185.43','131.907','0','0','0','100','0'),
('6564976','125','-2478.85','-5187.94','133.022','0','0','0','100','0'),
('6564976','126','-2484','-5192.68','135.162','0','0','0','100','0'),
('6564976','127','-2489.51','-5197','137.016','0','0','0','100','0'),
('6564976','128','-2492.46','-5198.86','137.81','0','0','0','100','0'),
('6564976','129','-2495.43','-5200.71','138.591','0','0','0','100','0'),
('6564976','130','-2504.39','-5206.19','141.501','0','0','0','100','0'),
('6564976','131','-2507.39','-5207.99','142.551','0','0','0','100','0'),
('6564976','132','-2511.96','-5210.42','144.126','0','0','0','100','0'),
('6564976','133','-2515.23','-5211.67','145.078','0','0','0','100','0'),
('6564976','134','-2521.95','-5213.63','147.114','0','0','0','100','0'),
('6564976','135','-2525.26','-5214.73','148.065','0','0','0','100','0'),
('6564976','136','-2528.25','-5216.55','149.199','0','0','0','100','0'),
('6564976','137','-2531.7','-5219.07','150.771','0','0','0','100','0'),
('6564976','138','-2534.09','-5221.62','152.188','0','0','0','100','0'),
('6564976','139','-2538.33','-5226.59','154.1','0','0','0','100','0'),
('6564976','140','-2541.87','-5232.62','155.841','0','0','0','100','0'),
('6564976','141','-2543.79','-5237.43','156.74','0','0','0','100','0'),
('6564976','142','-2544.95','-5240.73','157.392','0','0','0','100','0'),
('6564976','143','-2547.08','-5247.4','159.021','0','0','0','100','0'),
('6564976','144','-2549.2','-5254.07','160.691','0','0','0','100','0'),
('6564976','145','-2552.34','-5264.09','163.46','0','0','0','100','0'),
('6564976','146','-2555.04','-5274.24','163.862','0','0','0','100','0'),
('6564976','147','-2556.84','-5281','163.793','0','0','0','100','0'),
('6564976','148','-2557.71','-5286.76','164.6','0','0','0','100','0'),
('6564976','149','-2557.47','-5292.24','166.011','0','0','0','100','0'),
('6564976','150','-2556.71','-5302.7','168.65','0','0','0','100','0'),
('6564976','151','-2556.12','-5306.15','168.596','0','0','0','100','0'),
('6564976','152','-2554.53','-5312.96','169.53','0','0','0','100','0'),
('6564976','153','-2552.67','-5319.71','170.183','0','0','0','100','0'),
('6564976','154','-2549.97','-5325.84','171.122','0','0','0','100','0'),
('6564976','155','-2548.3','-5328.92','171.449','0','0','0','100','0'),
('6564976','156','-2544.92','-5335.05','172.028','0','0','0','100','0'),
('6564976','157','-2543.25','-5338.12','172.096','0','0','0','100','0'),
('6564976','158','-2540.26','-5344.44','172.126','0','0','0','100','0'),
('6564976','159','-2537.7','-5350.96','171.874','0','0','0','100','0'),
('6564976','160','-2536.75','-5354.33','171.508','0','0','0','100','0'),
('6564976','161','-2535.18','-5361.14','169.637','0','0','0','100','0'),
('6564976','162','-2533.87','-5368.02','166.657','0','0','0','100','0'),
('6564976','163','-2532.56','-5374.89','163.499','0','0','0','100','0'),
('6564976','164','-2530.95','-5380.18','161.383','0','0','0','100','0'),
('6564976','165','-2528.33','-5384.56','160.68','0','0','0','100','0'),
('6564976','166','-2527.09','-5385.79','160.611','0','0','0','100','0'),
('6564976','167','-2521.8','-5390.38','159.68','0','0','0','100','0'),
('6564976','168','-2516.29','-5394.69','157.992','0','0','0','100','0'),
('6564976','169','-2510.77','-5399','157.11','0','0','0','100','0'),
('6564976','170','-2505.45','-5403.54','156.144','0','0','0','100','0'),
('6564976','171','-2501.86','-5407.5','155.034','0','0','0','100','0'),
('6564976','172','-2500.63','-5410.27','154.294','0','0','0','100','0'),
('6564976','173','-2499.54','-5414.56','153.022','0','0','0','100','0'),
('6564976','174','-2499.17','-5418.04','152.113','0','0','0','100','0'),
('6564976','175','-2498.71','-5422.5','151.08','0','0','0','100','0'),
('6564976','176','-2492.06','-5420.32','150.73','0','0','0','100','0'),
('6564976','177','-2482.09','-5417.04','150.937','0','0','0','100','0'),
('6564976','178','-2478.76','-5415.95','151.539','0','0','0','100','0'),
('6564976','179','-2472.02','-5414.07','151.383','0','0','0','100','0'),
('6564976','180','-2466.55','-5413.39','151.041','0','0','0','100','0'),
('6564976','181','-2459.55','-5413.62','150.205','0','0','0','100','0'),
('6564976','182','-2452.56','-5412.54','149.244','0','0','0','100','0'),
('6564976','183','-2448.04','-5410.44','148.774','0','0','0','100','0'),
('6564976','184','-2436.32','-5406.66','146.561','0','0','0','100','0'),
('6564976','185','-2430.62','-5406.7','145.019','0','0','0','100','0'),
('6564976','186','-2427.99','-5407.94','144.273','0','0','0','100','0'),
('6564976','187','-2423.87','-5413.59','143.583','0','0','0','100','0'),
('6564976','188','-2420.77','-5418.8','143.47','0','0','0','100','0'),
('6564976','189','-2418.12','-5425.28','143.699','0','0','0','100','0'),
('6564976','190','-2415.7','-5431.84','144.367','0','0','0','100','0'),
('6564976','191','-2413.38','-5438.45','144.858','0','0','0','100','0'),
('6564976','192','-2410.39','-5447.65','144.522','0','0','0','100','0'),
('6564976','193','-2406.76','-5452.72','143.311','0','0','0','100','0'),
('6564976','194','-2404.39','-5455.3','142.414','0','0','0','100','0'),
('6564976','195','-2399.63','-5460.42','140.498','0','0','0','100','0'),
('6564976','196','-2395.05','-5466.46','138.496','0','0','0','100','0'),
('6564976','197','-2392.07','-5472.79','136.708','0','0','0','100','0'),
('6564976','198','-2389.88','-5480.37','134.906','0','0','0','100','0'),
('6564976','199','-2389.42','-5483.84','134.312','0','0','0','100','0'),
('6564976','200','-2389.38','-5489.89','133.529','0','0','0','100','0'),
('6564976','201','-2389.57','-5496.89','132.57','0','0','0','100','0'),
('6564976','202','-2389.41','-5503.89','131.354','0','0','0','100','0'),
('6564976','203','-2388.35','-5511.97','129.596','0','0','0','100','0'),
('6564976','204','-2386.04','-5517.8','127.685','0','0','0','100','0'),
('6564976','205','-2382.35','-5523.75','125.05','0','0','0','100','0'),
('6564976','206','-2379.28','-5529.49','122.507','0','0','0','100','0'),
('6564976','207','-2378.7','-5537.53','120.408','0','0','0','100','0'),
('6564976','208','-2379.69','-5544.46','119.262','0','0','0','100','0'),
('6564976','209','-2380.21','-5547.69','118.848','0','0','0','100','0'),
('6564976','210','-2379.96','-5554.08','117.453','0','0','0','100','0'),
('6564976','211','-2378.67','-5560.11','115.803','0','0','0','100','0'),
('6564976','212','-2377.15','-5565.25','114.371','0','0','0','100','0'),
('6564976','213','-2376.91','-5570.83','113.48','0','0','0','100','0'),
('6564976','214','-2377.41','-5574.29','113.067','0','0','0','100','0'),
('6564976','215','-2379.12','-5581.08','112.468','0','0','0','100','0'),
('6564976','216','-2381.84','-5587.52','112.436','0','0','0','100','0'),
('6564976','217','-2385','-5593.77','112.521','0','0','0','100','0'),
('6564976','218','-2388.71','-5599.7','113.057','0','0','0','100','0'),
('6564976','219','-2393.25','-5605.02','113.854','0','0','0','100','0'),
('6564976','220','-2398.12','-5610.04','115.2','0','0','0','100','0'),
('6564976','221','-2400.56','-5612.55','115.681','0','0','0','100','0'),
('6564976','222','-2405.47','-5619.28','116.015','0','0','0','100','0'),
('6564976','223','-2407.08','-5626.3','114.824','0','0','0','100','0'),
('6564976','224','-2406.58','-5631.16','113.576','0','0','0','100','0'),
('6564976','225','-2404.14','-5637','112.282','0','0','0','100','0'),
('6564976','226','-2401.83','-5639.62','111.701','0','0','0','100','0'),
('6564976','227','-2397.13','-5642.79','111.011','0','0','0','100','0'),
('6564976','228','-2392.92','-5644.18','110.787','0','0','0','100','0'),
('6564976','229','-2388.85','-5643.3','110.342','0','0','0','100','0'),
('6564976','230','-2382.17','-5639.63','109.174','0','0','0','100','0'),
('6564976','231','-2378.72','-5635.53','108.002','0','0','0','100','0'),
('6564976','232','-2376.08','-5630.37','106.762','0','0','0','100','0'),
('6564976','233','-2375','-5623.02','105.444','0','0','0','100','0'),
('6564976','234','-2374.83','-5618.36','105.002','0','0','0','100','0'),
('6564976','235','-2375.71','-5611.42','105.566','0','0','0','100','0'),
('6564976','236','-2377.46','-5601.07','107.98','0','0','0','100','0'),
('6564976','237','-2378.79','-5594.21','109.921','0','0','0','100','0'),
('6564976','238','-2380.13','-5587.33','111.69','0','0','0','100','0'),
('6564976','239','-2382.8','-5573.59','115.473','0','0','0','100','0'),
('6564976','240','-2385.78','-5561.37','118.799','0','0','0','100','0'),
('6564976','241','-2389.69','-5551.63','122.86','0','0','0','100','0'),
('6564976','242','-2392.73','-5545.33','124.568','0','0','0','100','0'),
('6564976','243','-2396','-5539.14','126.735','0','0','0','100','0'),
('6564976','244','-2403.01','-5527.04','130.121','0','0','0','100','0'),
('6564976','245','-2404.99','-5524.15','131.82','0','0','0','100','0'),
('6564976','246','-2409.19','-5518.55','133.974','0','0','0','100','0'),
('6564976','247','-2416.44','-5510.97','135.759','0','0','0','100','0'),
('6564976','248','-2424.54','-5504.3','138.702','0','0','0','100','0'),
('6564976','249','-2429.74','-5499.62','140.809','0','0','0','100','0'),
('6564976','250','-2437.28','-5492.32','143.127','0','0','0','100','0'),
('6564976','251','-2442.36','-5488.78','143.64','0','0','0','100','0'),
('6564976','252','-2450.76','-5485.18','145.244','0','0','0','100','0'),
('6564976','253','-2457.65','-5483.99','145.721','0','0','0','100','0'),
('6564976','254','-2466.08','-5483.55','145.544','0','0','0','100','0'),
('6564976','255','-2474.23','-5485.17','144.278','0','0','0','100','0'),
('6564976','256','-2480.97','-5488.82','143.293','0','0','0','100','0'),
('6564976','257','-2483.85','-5490.8','142.527','0','0','0','100','0'),
('6564976','258','-2493','-5494.67','140.962','0','0','0','100','0'),
('6564976','259','-2497.9','-5494.03','140.775','0','0','0','100','0'),
('6564976','260','-2504.4','-5491.44','141.231','0','0','0','100','0'),
('6564976','261','-2510.7','-5488.39','142.926','0','0','0','100','0'),
('6564976','262','-2520.14','-5483.8','144.763','0','0','0','100','0'),
('6564976','263','-2526.65','-5481.27','146.97','0','0','0','100','0'),
('6564976','264','-2531.86','-5479.92','148.808','0','0','0','100','0'),
('6564976','265','-2540.61','-5479.63','151.836','0','0','0','100','0'),
('6564976','266','-2547.17','-5482.68','153.644','0','0','0','100','0'),
('6564976','267','-2553.09','-5486.22','155.181','0','0','0','100','0'),
('6564976','268','-2556.26','-5487.71','156.121','0','0','0','100','0'),
('6564976','269','-2564.51','-5491.02','158.806','0','0','0','100','0'),
('6564976','270','-2571.16','-5491.95','161.323','0','0','0','100','0'),
('6564976','271','-2581.66','-5492','164.476','0','0','0','100','0'),
('6564976','272','-2588.66','-5491.89','166.515','0','0','0','100','0'),
('6564976','273','-2595.78','-5493.14','168.513','0','0','0','100','0'),
('6564976','274','-2599.81','-5496.47','169.056','0','0','0','100','0'),
('6564976','275','-2601.41','-5499.58','168.662','0','0','0','100','0'),
('6564976','276','-2602.83','-5507.98','166.43','0','0','0','100','0'),
('6564976','277','-2602.45','-5511.45','165.254','0','0','0','100','0'),
('6564976','278','-2601.29','-5518.29','164.64','0','0','0','100','0'),
('6564976','279','-2597.69','-5526.92','162.125','0','0','0','100','0'),
('6564976','280','-2595.55','-5529.69','160.658','0','0','0','100','0'),
('6564976','281','-2590.92','-5534.94','158.768','0','0','0','100','0'),
('6564976','282','-2583.47','-5542.34','155.448','0','0','0','100','0'),
('6564976','283','-2578.51','-5547.28','153.415','0','0','0','100','0'),
('6564976','284','-2573.63','-5552.29','151.631','0','0','0','100','0'),
('6564976','285','-2566.62','-5560.12','149.094','0','0','0','100','0'),
('6564976','286','-2561.96','-5565.33','146.948','0','0','0','100','0'),
('6564976','287','-2554.99','-5573.19','142.896','0','0','0','100','0'),
('6564976','288','-2552.02','-5577.08','141.039','0','0','0','100','0'),
('6564976','289','-2547.53','-5586.55','137.696','0','0','0','100','0'),
('6564976','290','-2546.46','-5589.89','136.957','0','0','0','100','0'),
('6564976','291','-2544.64','-5596.65','135.629','0','0','0','100','0'),
('6564976','292','-2541.88','-5606.77','133.076','0','0','0','100','0'),
('6564976','293','-2539.79','-5613.45','131.162','0','0','0','100','0'),
('6564976','294','-2535.75','-5623.14','128.347','0','0','0','100','0'),
('6564976','295','-2533.35','-5628.59','126.471','0','0','0','100','0'),
('6564976','296','-2529.86','-5634.65','124.438','0','0','0','100','0'),
('6564976','297','-2526.34','-5640.71','122.576','0','0','0','100','0'),
('6564976','298','-2522.83','-5646.76','121.291','0','0','0','100','0'),
('6564976','299','-2519.43','-5652.88','119.922','0','0','0','100','0'),
('6564976','300','-2516.41','-5659.19','118.645','0','0','0','100','0'),
('6564976','301','-2514.34','-5665.87','117.361','0','0','0','100','0'),
('6564976','302','-2512.73','-5672.2','115.876','0','0','0','100','0'),
('6564976','303','-2512.3','-5675.67','114.982','0','0','0','100','0'),
('6564976','304','-2511.24','-5686.12','112.139','0','0','0','100','0'),
('6564976','305','-2510.14','-5696.56','109.629','0','0','0','100','0'),
('6564976','306','-2509.46','-5699.99','108.883','0','0','0','100','0'),
('6564976','307','-2506.29','-5710','106.53','0','0','0','100','0'),
('6564976','308','-2504.18','-5716.67','104.95','0','0','0','100','0'),
('6564976','309','-2503.22','-5721.82','103.862','0','0','0','100','0'),
('6564976','310','-2503.84','-5729.72','102.349','0','0','0','100','0'),
('6564976','311','-2506.49','-5736.29','100.838','0','0','0','100','0'),
('6564976','312','-2510.05','-5741.62','99.3083','0','0','0','100','0'),
('6564976','313','-2513.86','-5745.39','98.024','0','0','0','100','0'),
('6564976','314','-2519.3','-5749.79','96.4272','0','0','0','100','0'),
('6564976','315','-2524.95','-5753.92','95.4186','0','0','0','100','0'),
('6564976','316','-2530.15','-5757.46','94.9458','0','0','0','100','0'),
('6564976','317','-2536.82','-5764.88','93.8654','0','0','0','100','0'),
('6564976','318','-2538.52','-5767.94','93.3444','0','0','0','100','0'),
('6564976','319','-2542.99','-5777.44','92.1915','0','0','0','100','0'),
('6564976','320','-2547.1','-5784.96','92.27','0','0','0','100','0'),
('6564976','321','-2551.21','-5788.75','92.7205','0','0','0','100','0'),
('6564976','322','-2556.81','-5792.95','93.3798','0','0','0','100','0'),
('6564976','323','-2562.46','-5797.09','94.4078','0','0','0','100','0'),
('6564976','324','-2570.93','-5803.29','96.3793','0','0','0','100','0'),
('6564976','325','-2579.13','-5809.82','97.4426','0','0','0','100','0'),
('6564976','326','-2582.68','-5813.52','98.1405','0','0','0','100','0'),
('6564976','327','-2586.1','-5819.07','98.8803','0','0','0','100','0'),
('6564976','328','-2588.97','-5825.45','100.023','0','0','0','100','0'),
('6564976','329','-2590.71','-5828.61','100.664','0','0','0','100','0'),
('6564976','330','-2596.86','-5834.63','99.6605','0','0','0','100','0'),
('6564976','331','-2602.71','-5838.47','98.0934','0','0','0','100','0'),
('6564976','332','-2607.28','-5841.04','96.7737','0','0','0','100','0'),
('6564976','333','-2612.63','-5843.35','95.2723','0','0','0','100','0'),
('6564976','334','-2621.85','-5848.37','92.7233','0','0','0','100','0'),
('6564976','335','-2631.08','-5853.39','91.1141','0','0','0','100','0'),
('6564976','336','-2636.33','-5856.86','90.7532','0','0','0','100','0'),
('6564976','337','-2644.28','-5863.72','89.8747','0','0','0','100','0'),
('6564976','338','-2650.73','-5868.89','89.3733','0','0','0','100','0'),
('6564976','339','-2655.51','-5870.72','89.3351','0','0','0','100','0'),
('6564976','340','-2661.61','-5872.71','89.2898','0','0','0','100','0'),
('6564976','341','-2669.22','-5877.25','88.8792','0','0','0','100','0'),
('6564976','342','-2674.7','-5881.59','88.2756','0','0','0','100','0'),
('6564976','343','-2677.44','-5887.03','87.2905','0','0','0','100','0'),
('6564976','344','-2675.9','-5893.14','86.7883','0','0','0','100','0'),
('6564976','345','-2671.41','-5899.54','87.4923','0','0','0','100','0'),
('6564976','346','-2666.46','-5901.71','88.4096','0','0','0','100','0'),
('6564976','347','-2660','-5899.04','89.1126','0','0','0','100','0'),
('6564976','348','-2658.04','-5895.62','89.1386','0','0','0','100','0'),
('6564976','349','-2656.02','-5888.92','88.9857','0','0','0','100','0'),
('6564976','350','-2654.42','-5882.1','88.7937','0','0','0','100','0'),
('6564976','351','-2652.57','-5875.36','88.7616','0','0','0','100','0'),
('6564976','352','-2650.63','-5869.86','89.2449','0','0','0','100','0'),
('6564976','353','-2648.05','-5865.73','89.6886','0','0','0','100','0'),
('6564976','354','-2643.17','-5861.59','90.433','0','0','0','100','0'),
('6564976','355','-2640.36','-5859.5','90.7243','0','0','0','100','0'),
('6564976','356','-2633.05','-5854.71','90.8434','0','0','0','100','0'),
('6564976','357','-2626.74','-5851.69','91.4786','0','0','0','100','0'),
('6564976','358','-2620.28','-5848.99','92.7778','0','0','0','100','0'),
('6564976','359','-2613.91','-5846.1','94.5292','0','0','0','100','0'),
('6564976','360','-2607.89','-5842.52','96.4665','0','0','0','100','0'),
('6564976','361','-2602.07','-5838.64','98.2297','0','0','0','100','0'),
('6564976','362','-2595.03','-5832.56','100.076','0','0','0','100','0'),
('6564976','363','-2590.57','-5825.74','99.8806','0','0','0','100','0'),
('6564976','364','-2585.48','-5816.56','98.5604','0','0','0','100','0'),
('6564976','365','-2582.09','-5810.44','97.3871','0','0','0','100','0'),
('6564976','366','-2578.35','-5804.83','96.2424','0','0','0','100','0'),
('6564976','367','-2573.87','-5801.93','96.2712','0','0','0','100','0'),
('6564976','368','-2570.66','-5800.55','95.5844','0','0','0','100','0'),
('6564976','369','-2564.07','-5798.2','94.7328','0','0','0','100','0'),
('6564976','370','-2560.94','-5796.63','94.2026','0','0','0','100','0'),
('6564976','371','-2552.14','-5790.92','92.9091','0','0','0','100','0'),
('6564976','372','-2546.6','-5786.64','92.2197','0','0','0','100','0'),
('6564976','373','-2543.9','-5784.42','91.8671','0','0','0','100','0'),
('6564976','374','-2537.84','-5778.3','91.2834','0','0','0','100','0'),
('6564976','375','-2535.81','-5774.9','91.404','0','0','0','100','0'),
('6564976','376','-2533.92','-5769.4','92.167','0','0','0','100','0'),
('6564976','377','-2533.71','-5762.77','93.8587','0','0','0','100','0'),
('6564976','378','-2535','-5758.05','95.696','0','0','0','100','0'),
('6564976','379','-2537.68','-5751.59','98.6296','0','0','0','100','0'),
('6564976','380','-2540.25','-5745.08','101.48','0','0','0','100','0'),
('6564976','381','-2541.5','-5740.69','103.121','0','0','0','100','0'),
('6564976','382','-2541.76','-5737.68','104.02','0','0','0','100','0'),
('6564976','383','-2541.49','-5730.69','105.544','0','0','0','100','0'),
('6564976','384','-2540.29','-5724.28','106.708','0','0','0','100','0'),
('6564976','385','-2538.67','-5720.3','107.379','0','0','0','100','0'),
('6564976','386','-2534.73','-5714.52','108.121','0','0','0','100','0'),
('6564976','387','-2530.44','-5708.99','108.78','0','0','0','100','0'),
('6564976','388','-2526.02','-5703.56','109.462','0','0','0','100','0'),
('6564976','389','-2523.81','-5700.85','109.835','0','0','0','100','0'),
('6564976','390','-2519.07','-5694.09','110.825','0','0','0','100','0'),
('6564976','391','-2517.17','-5688.82','111.703','0','0','0','100','0'),
('6564976','392','-2516.21','-5685.46','112.411','0','0','0','100','0'),
('6564976','393','-2514.3','-5678.72','114.372','0','0','0','100','0'),
('6564976','394','-2513.25','-5671.81','116.004','0','0','0','100','0'),
('6564976','395','-2512.95','-5668.32','116.852','0','0','0','100','0'),
('6564976','396','-2512.98','-5661.8','118.244','0','0','0','100','0'),
('6564976','397','-2513.95','-5657.19','119.084','0','0','0','100','0'),
('6564976','398','-2517.49','-5650.11','120.676','0','0','0','100','0'),
('6564976','399','-2519.62','-5647.34','121.362','0','0','0','100','0'),
('6564976','400','-2522.71','-5644.04','122.103','0','0','0','100','0'),
('6564976','401','-2525.46','-5641.87','122.288','0','0','0','100','0'),
('6564976','402','-2531.1','-5637.72','123.803','0','0','0','100','0'),
('6564976','403','-2533.84','-5635.55','125.221','0','0','0','100','0'),
('6564976','404','-2539.85','-5628.4','127.33','0','0','0','100','0'),
('6564976','405','-2541.63','-5625.39','128.594','0','0','0','100','0'),
('6564976','406','-2544.44','-5618.99','131.296','0','0','0','100','0'),
('6564976','407','-2546.48','-5612.3','133.58','0','0','0','100','0'),
('6564976','408','-2547.28','-5608.89','134.878','0','0','0','100','0'),
('6564976','409','-2548.47','-5602','136.654','0','0','0','100','0'),
('6564976','410','-2549.22','-5595.04','137.795','0','0','0','100','0'),
('6564976','411','-2549.37','-5591.55','137.885','0','0','0','100','0'),
('6564976','412','-2549.92','-5584.58','138.825','0','0','0','100','0'),
('6564976','413','-2552.36','-5575.89','141.422','0','0','0','100','0'),
('6564976','414','-2554.58','-5572.04','143.101','0','0','0','100','0'),
('6564976','415','-2558.56','-5567.42','145.719','0','0','0','100','0'),
('6564976','416','-2560.75','-5565.6','146.615','0','0','0','100','0'),
('6564976','417','-2566.11','-5562.09','148.553','0','0','0','100','0'),
('6564976','418','-2572.45','-5559.12','150.09','0','0','0','100','0'),
('6564976','419','-2578.02','-5555.88','152.277','0','0','0','100','0'),
('6564976','420','-2580.41','-5553.67','153.093','0','0','0','100','0'),
('6564976','421','-2584.36','-5547.05','154.822','0','0','0','100','0'),
('6564976','422','-2585.55','-5542.31','156.014','0','0','0','100','0'),
('6564976','423','-2585.77','-5539.93','156.564','0','0','0','100','0'),
('6564976','424','-2585.42','-5532.95','157.893','0','0','0','100','0'),
('6564976','425','-2584.76','-5529.51','158.475','0','0','0','100','0'),
('6564976','426','-2583.6','-5522.75','159.44','0','0','0','100','0'),
('6564976','427','-2583.61','-5520.31','159.773','0','0','0','100','0'),
('6564976','428','-2584.04','-5513.32','160.458','0','0','0','100','0'),
('6564976','429','-2584.93','-5506.38','161.477','0','0','0','100','0'),
('6564976','430','-2585.53','-5500.98','162.886','0','0','0','100','0');

-- Waypoint movement type guid 6565424 (Sambas) Loc 1
UPDATE `creature` SET `MovementType`='2', `spawndist`='0' WHERE `guid`='6565424';

-- Set WP for creature guid 6565424 (Sambas)
DELETE FROM `creature_addon` WHERE (`guid`=6565424);
INSERT INTO `creature_addon` (`guid`, `path_id`, `mount`, `bytes1`, `bytes2`, `emote`, `auras`) VALUES 
(6565424, '6565424', 0, 0, 1, 0, '');

-- WP For (Sambas)
DELETE FROM waypoint_data WHERE id='6565424';
INSERT INTO `waypoint_data` (`id`, `point`, `position_x`, `position_y`, `position_z`, `delay`, `move_flag`, `action`, `action_chance`, `wpguid`) VALUES 
('6565424','1','-2995.36','-5873.73','121.831','0','0','0','100','0'),
('6565424','2','-2997.89','-5876.15','120.781','0','0','0','100','0'),
('6565424','3','-3005.8','-5883.06','118.042','0','0','0','100','0'),
('6565424','4','-3009.94','-5886.78','116.914','0','0','0','100','0'),
('6565424','5','-3014.82','-5893.18','115.479','0','0','0','100','0'),
('6565424','6','-3016.57','-5898.86','114.038','0','0','0','100','0'),
('6565424','7','-3017.58','-5907.46','111.617','0','0','0','100','0'),
('6565424','8','-3019.33','-5914.23','109.877','0','0','0','100','0'),
('6565424','9','-3022.6','-5924.21','105.864','0','0','0','100','0'),
('6565424','10','-3025.17','-5930.71','104.632','0','0','0','100','0'),
('6565424','11','-3029.08','-5936.11','103.344','0','0','0','100','0'),
('6565424','12','-3036.6','-5943.44','100.884','0','0','0','100','0'),
('6565424','13','-3042.98','-5948.57','99.6978','0','0','0','100','0'),
('6565424','14','-3048.67','-5952.64','98.8299','0','0','0','100','0'),
('6565424','15','-3054.36','-5956.72','98.0342','0','0','0','100','0'),
('6565424','16','-3060.05','-5960.8','97.3352','0','0','0','100','0'),
('6565424','17','-3066.5','-5966.38','96.6941','0','0','0','100','0'),
('6565424','18','-3070.84','-5972.53','96.1264','0','0','0','100','0'),
('6565424','19','-3073.36','-5979.05','95.3267','0','0','0','100','0'),
('6565424','20','-3074.33','-5982.42','94.7898','0','0','0','100','0'),
('6565424','21','-3075.73','-5991.72','93.5995','0','0','0','100','0'),
('6565424','22','-3074.75','-5999.51','93.1457','0','0','0','100','0'),
('6565424','23','-3072.23','-6004.91','93.0682','0','0','0','100','0'),
('6565424','24','-3069.81','-6007.44','93.1507','0','0','0','100','0'),
('6565424','25','-3065.29','-6013.59','93.7121','0','0','0','100','0'),
('6565424','26','-3064.55','-6020.21','93.115','0','0','0','100','0'),
('6565424','27','-3064.61','-6023.71','92.709','0','0','0','100','0'),
('6565424','28','-3064.74','-6030.71','92.1316','0','0','0','100','0'),
('6565424','29','-3064.88','-6037.71','91.7244','0','0','0','100','0'),
('6565424','30','-3065.25','-6043.88','92.3981','0','0','0','100','0'),
('6565424','31','-3066.45','-6047.5','92.6486','0','0','0','100','0'),
('6565424','32','-3069.68','-6053','92.308','0','0','0','100','0'),
('6565424','33','-3073.75','-6056.46','91.8276','0','0','0','100','0'),
('6565424','34','-3078.45','-6057.91','91.6156','0','0','0','100','0'),
('6565424','35','-3084.63','-6058.23','91.4442','0','0','0','100','0'),
('6565424','36','-3088.12','-6057.98','91.32','0','0','0','100','0'),
('6565424','37','-3091.61','-6057.71','91.2825','0','0','0','100','0'),
('6565424','38','-3098.37','-6057.88','91.4383','0','0','0','100','0'),
('6565424','39','-3103.76','-6060.14','91.5173','0','0','0','100','0'),
('6565424','40','-3104.57','-6063.26','91.5066','0','0','0','100','0'),
('6565424','41','-3103.62','-6067.71','91.3758','0','0','0','100','0'),
('6565424','42','-3102.71','-6071.08','91.4545','0','0','0','100','0'),
('6565424','43','-3099.81','-6077.2','91.9895','0','0','0','100','0'),
('6565424','44','-3097.83','-6079.73','92.0815','0','0','0','100','0'),
('6565424','45','-3092.97','-6084.76','91.7338','0','0','0','100','0'),
('6565424','46','-3088.25','-6089.81','91.3719','0','0','0','100','0'),
('6565424','47','-3086.2','-6092.65','91.2369','0','0','0','100','0'),
('6565424','48','-3084.15','-6095.48','91.1394','0','0','0','100','0'),
('6565424','49','-3079.3','-6102.05','91.5868','0','0','0','100','0'),
('6565424','50','-3078.57','-6102.74','91.7195','0','0','0','100','0'),
('6565424','51','-3072.48','-6106.84','92.1216','0','0','0','100','0'),
('6565424','52','-3067.94','-6107.71','91.6601','0','0','0','100','0'),
('6565424','53','-3066.25','-6107.67','91.4594','0','0','0','100','0'),
('6565424','54','-3060.88','-6106.85','91.1853','0','0','0','100','0'),
('6565424','55','-3057.06','-6104.17','91.6361','0','0','0','100','0'),
('6565424','56','-3054.4','-6101.9','92.0105','0','0','0','100','0'),
('6565424','57','-3050.82','-6098.83','92.3898','0','0','0','100','0'),
('6565424','58','-3047.89','-6096.91','92.5673','0','0','0','100','0'),
('6565424','59','-3042.02','-6093.72','92.2695','0','0','0','100','0'),
('6565424','60','-3039.32','-6092.44','92.1207','0','0','0','100','0'),
('6565424','61','-3034.26','-6090.97','92.0526','0','0','0','100','0'),
('6565424','62','-3027.33','-6090.04','92.5473','0','0','0','100','0'),
('6565424','63','-3023.87','-6089.49','92.3859','0','0','0','100','0'),
('6565424','64','-3020.47','-6088.69','92.0738','0','0','0','100','0'),
('6565424','65','-3014.35','-6086.61','91.1478','0','0','0','100','0'),
('6565424','66','-3010.06','-6084.18','90.7115','0','0','0','100','0'),
('6565424','67','-3005.62','-6080.41','90.2141','0','0','0','100','0'),
('6565424','68','-3002.86','-6077.35','90.0746','0','0','0','100','0'),
('6565424','69','-3000.13','-6071.19','90.3738','0','0','0','100','0'),
('6565424','70','-2999.9','-6069.66','90.4529','0','0','0','100','0'),
('6565424','71','-2999.77','-6062.66','90.7284','0','0','0','100','0'),
('6565424','72','-3000.49','-6059.32','90.7956','0','0','0','100','0'),
('6565424','73','-3002','-6056.16','90.7598','0','0','0','100','0'),
('6565424','74','-3003.51','-6053','90.7545','0','0','0','100','0'),
('6565424','75','-3005.56','-6047.79','90.985','0','0','0','100','0'),
('6565424','76','-3006.07','-6044.33','91.4349','0','0','0','100','0'),
('6565424','77','-3007.11','-6033.9','93.2112','0','0','0','100','0'),
('6565424','78','-3007.19','-6030.4','93.5344','0','0','0','100','0'),
('6565424','79','-3007.26','-6026.9','93.508','0','0','0','100','0'),
('6565424','80','-3007.29','-6019.9','92.7637','0','0','0','100','0'),
('6565424','81','-3007.02','-6016.41','92.3428','0','0','0','100','0'),
('6565424','82','-3006.75','-6012.92','92.1111','0','0','0','100','0'),
('6565424','83','-3006.2','-6005.94','92.3065','0','0','0','100','0'),
('6565424','84','-3006.03','-5999.66','92.6801','0','0','0','100','0'),
('6565424','85','-3006.32','-5996.17','92.8062','0','0','0','100','0'),
('6565424','86','-3006.73','-5992.7','92.939','0','0','0','100','0'),
('6565424','87','-3007.96','-5985.81','93.6453','0','0','0','100','0'),
('6565424','88','-3008.59','-5982.37','94.1929','0','0','0','100','0'),
('6565424','89','-3009.86','-5975.48','95.5846','0','0','0','100','0'),
('6565424','90','-3010.5','-5972.04','96.4837','0','0','0','100','0'),
('6565424','91','-3012.05','-5965.22','98.3285','0','0','0','100','0'),
('6565424','92','-3014.01','-5959.63','99.6191','0','0','0','100','0'),
('6565424','93','-3015.62','-5956.52','100.339','0','0','0','100','0'),
('6565424','94','-3018.82','-5951.09','101.327','0','0','0','100','0'),
('6565424','95','-3019.85','-5950.03','101.473','0','0','0','100','0'),
('6565424','96','-3025.06','-5945.36','102.056','0','0','0','100','0'),
('6565424','97','-3027.81','-5943.19','102.179','0','0','0','100','0'),
('6565424','98','-3030.59','-5941.07','102.151','0','0','0','100','0'),
('6565424','99','-3033.37','-5938.95','101.998','0','0','0','100','0'),
('6565424','100','-3037.92','-5934.85','102.153','0','0','0','100','0'),
('6565424','101','-3040.14','-5932.15','102.723','0','0','0','100','0'),
('6565424','102','-3044.15','-5925.47','105.404','0','0','0','100','0'),
('6565424','103','-3044.73','-5923.84','106.066','0','0','0','100','0'),
('6565424','104','-3045.64','-5916.08','108.115','0','0','0','100','0'),
('6565424','105','-3044.99','-5912.64','108.63','0','0','0','100','0'),
('6565424','106','-3045.32','-5905.71','109.12','0','0','0','100','0'),
('6565424','107','-3047.13','-5902.55','109.09','0','0','0','100','0'),
('6565424','108','-3052.39','-5898.94','109.248','0','0','0','100','0'),
('6565424','109','-3058.16','-5898.01','109.099','0','0','0','100','0'),
('6565424','110','-3061.65','-5898.16','108.747','0','0','0','100','0'),
('6565424','111','-3065.15','-5898.31','108.174','0','0','0','100','0'),
('6565424','112','-3072.5','-5897.91','106.388','0','0','0','100','0'),
('6565424','113','-3075.87','-5896.95','105.399','0','0','0','100','0'),
('6565424','114','-3079.93','-5895.26','104.033','0','0','0','100','0'),
('6565424','115','-3085.75','-5891.37','102.514','0','0','0','100','0'),
('6565424','116','-3088.65','-5889.4','102.252','0','0','0','100','0'),
('6565424','117','-3094.44','-5885.48','101.888','0','0','0','100','0'),
('6565424','118','-3097.34','-5883.51','101.71','0','0','0','100','0'),
('6565424','119','-3100.24','-5881.55','101.731','0','0','0','100','0'),
('6565424','120','-3103.25','-5879.76','101.44','0','0','0','100','0'),
('6565424','121','-3109.3','-5876.25','101.284','0','0','0','100','0'),
('6565424','122','-3112.38','-5874.58','101.304','0','0','0','100','0'),
('6565424','123','-3118.08','-5870.74','101.405','0','0','0','100','0'),
('6565424','124','-3120.92','-5868.68','101.207','0','0','0','100','0'),
('6565424','125','-3125.81','-5865.5','100.928','0','0','0','100','0'),
('6565424','126','-3128.55','-5864.75','100.982','0','0','0','100','0'),
('6565424','127','-3132.04','-5864.65','101.212','0','0','0','100','0'),
('6565424','128','-3139.04','-5864.71','102.517','0','0','0','100','0'),
('6565424','129','-3142.54','-5864.79','102.596','0','0','0','100','0'),
('6565424','130','-3149.54','-5864.88','103.544','0','0','0','100','0'),
('6565424','131','-3154.4','-5863.96','105.184','0','0','0','100','0'),
('6565424','132','-3156.71','-5862.85','105.709','0','0','0','100','0'),
('6565424','133','-3159.8','-5860.18','106.386','0','0','0','100','0'),
('6565424','134','-3161.44','-5857.12','107.108','0','0','0','100','0'),
('6565424','135','-3162','-5853.75','107.924','0','0','0','100','0'),
('6565424','136','-3161.58','-5849.78','108.709','0','0','0','100','0'),
('6565424','137','-3160.6','-5846.64','109.165','0','0','0','100','0'),
('6565424','138','-3157.81','-5841.8','109.52','0','0','0','100','0'),
('6565424','139','-3155.8','-5838.93','109.712','0','0','0','100','0'),
('6565424','140','-3153.76','-5836.09','109.848','0','0','0','100','0'),
('6565424','141','-3150.97','-5830.71','109.758','0','0','0','100','0'),
('6565424','142','-3150.97','-5830.71','109.758','0','0','0','100','0'),
('6565424','143','-3147.15','-5822.22','108.398','0','0','0','100','0'),
('6565424','144','-3144.27','-5818.55','108.171','0','0','0','100','0'),
('6565424','145','-3142.79','-5817.17','108.099','0','0','0','100','0'),
('6565424','146','-3138.01','-5813.69','108.272','0','0','0','100','0'),
('6565424','147','-3133.53','-5811.73','108.206','0','0','0','100','0'),
('6565424','148','-3130.29','-5810.41','107.23','0','0','0','100','0'),
('6565424','149','-3127.08','-5809','106.765','0','0','0','100','0'),
('6565424','150','-3120.7','-5806.14','106.931','0','0','0','100','0'),
('6565424','151','-3117.38','-5805.03','106.016','0','0','0','100','0'),
('6565424','152','-3110.72','-5802.87','106.176','0','0','0','100','0'),
('6565424','153','-3107.31','-5802.11','105.823','0','0','0','100','0'),
('6565424','154','-3103.86','-5801.49','105.758','0','0','0','100','0'),
('6565424','155','-3098.79','-5800.72','106.084','0','0','0','100','0'),
('6565424','156','-3095.29','-5800.62','106.372','0','0','0','100','0'),
('6565424','157','-3088.3','-5800.48','107.462','0','0','0','100','0'),
('6565424','158','-3083.92','-5800.6','108.221','0','0','0','100','0'),
('6565424','159','-3079.06','-5800.93','109.051','0','0','0','100','0'),
('6565424','160','-3075.69','-5801.87','109.438','0','0','0','100','0'),
('6565424','161','-3072.35','-5802.91','109.756','0','0','0','100','0'),
('6565424','162','-3068.21','-5804.12','110.173','0','0','0','100','0'),
('6565424','163','-3064.74','-5804.57','110.777','0','0','0','100','0'),
('6565424','164','-3057.8','-5805.49','112.372','0','0','0','100','0'),
('6565424','165','-3050.99','-5807.06','114.461','0','0','0','100','0'),
('6565424','166','-3047.64','-5808.08','115.622','0','0','0','100','0'),
('6565424','167','-3040.94','-5810.13','117.879','0','0','0','100','0'),
('6565424','168','-3034.3','-5812.33','120.138','0','0','0','100','0'),
('6565424','169','-3031.04','-5813.59','121.381','0','0','0','100','0'),
('6565424','170','-3026.66','-5815.22','123.028','0','0','0','100','0'),
('6565424','171','-3019.84','-5816.79','125.165','0','0','0','100','0'),
('6565424','172','-3016.41','-5817.45','126.098','0','0','0','100','0'),
('6565424','173','-3010.35','-5818.95','127.843','0','0','0','100','0'),
('6565424','174','-3003.83','-5821.5','129.905','0','0','0','100','0'),
('6565424','175','-3000.63','-5822.9','130.805','0','0','0','100','0'),
('6565424','176','-2997.46','-5824.4','131.586','0','0','0','100','0'),
('6565424','177','-2992.06','-5827.14','132.737','0','0','0','100','0'),
('6565424','178','-2988.1','-5830.01','133.353','0','0','0','100','0'),
('6565424','179','-2985.68','-5832.54','133.54','0','0','0','100','0'),
('6565424','180','-2981.52','-5837.88','133.544','0','0','0','100','0'),
('6565424','181','-2980.48','-5839.42','133.434','0','0','0','100','0'),
('6565424','182','-2978.12','-5845.25','132.358','0','0','0','100','0'),
('6565424','183','-2977.64','-5848.71','131.479','0','0','0','100','0'),
('6565424','184','-2978.02','-5854.62','129.795','0','0','0','100','0'),
('6565424','185','-2978.31','-5855.51','129.485','0','0','0','100','0'),
('6565424','186','-2981.73','-5862.22','127.12','0','0','0','100','0'),
('6565424','187','-2985.14','-5865.24','125.827','0','0','0','100','0'),
('6565424','188','-2987.87','-5867.43','124.871','0','0','0','100','0'),
('6565424','189','-2992.98','-5871.46','122.868','0','0','0','100','0');

-- Waypoint movement type guid 7283 (Sambas) Loc 3
UPDATE `creature` SET `MovementType`='2', `spawndist`='0' WHERE `guid`='7283';

-- Set WP for creature guid 7283 (Sambas)
DELETE FROM `creature_addon` WHERE (`guid`=7283);
INSERT INTO `creature_addon` (`guid`, `path_id`, `mount`, `bytes1`, `bytes2`, `emote`, `auras`) VALUES 
(7283, '7283', 0, 0, 1, 0, '');

-- WP For (Sambas)
DELETE FROM waypoint_data WHERE id='7283';
INSERT INTO `waypoint_data` (`id`, `point`, `position_x`, `position_y`, `position_z`, `delay`, `move_flag`, `action`, `action_chance`, `wpguid`) VALUES 
('7283','1','-3507.24','-4515.68','153.017','0','0','0','100','0'),
('7283','2','-3507.24','-4515.68','153.017','0','0','0','100','0'),
('7283','3','-3506.09','-4543.59','150.462','0','0','0','100','0'),
('7283','4','-3509.95','-4551.51','148.524','0','0','0','100','0'),
('7283','5','-3517.04','-4558.97','147.839','0','0','0','100','0'),
('7283','6','-3524.18','-4566.02','147.394','0','0','0','100','0'),
('7283','7','-3528.78','-4574.11','146.571','0','0','0','100','0'),
('7283','8','-3528.89','-4582.4','144.969','0','0','0','100','0'),
('7283','9','-3526.69','-4584.38','144.391','0','0','0','100','0'),
('7283','10','-3513.55','-4592.45','141.549','0','0','0','100','0'),
('7283','11','-3507.7','-4599.29','139.784','0','0','0','100','0'),
('7283','12','-3504.29','-4605.4','138.653','0','0','0','100','0'),
('7283','13','-3500.35','-4614.68','137.361','0','0','0','100','0'),
('7283','14','-3500.35','-4614.68','137.361','0','0','0','100','0'),
('7283','15','-3497.98','-4626.39','135.87','0','0','0','100','0'),
('7283','16','-3498','-4630.49','135.428','0','0','0','100','0'),
('7283','17','-3498.75','-4644.47','132.724','0','0','0','100','0'),
('7283','18','-3500.88','-4652.84','130.822','0','0','0','100','0'),
('7283','19','-3506.03','-4660','128.758','0','0','0','100','0'),
('7283','20','-3506.03','-4660','128.758','0','0','0','100','0'),
('7283','21','-3517.85','-4669.33','126.252','0','0','0','100','0'),
('7283','22','-3522.06','-4676.51','123.584','0','0','0','100','0'),
('7283','23','-3524.38','-4683.11','120.779','0','0','0','100','0'),
('7283','24','-3526.56','-4689.76','118.012','0','0','0','100','0'),
('7283','25','-3528.69','-4696.43','115.235','0','0','0','100','0'),
('7283','26','-3531.92','-4707.27','111.505','0','0','0','100','0'),
('7283','27','-3533.1','-4718.13','108.198','0','0','0','100','0'),
('7283','28','-3531.86','-4723.71','107.107','0','0','0','100','0'),
('7283','29','-3527.98','-4728.44','107.181','0','0','0','100','0'),
('7283','30','-3524.26','-4730.75','107.414','0','0','0','100','0'),
('7283','31','-3513.48','-4734.38','108.745','0','0','0','100','0'),
('7283','32','-3507.37','-4733.95','108.919','0','0','0','100','0'),
('7283','33','-3500.73','-4731.73','109.695','0','0','0','100','0'),
('7283','34','-3498.42','-4730.67','109.943','0','0','0','100','0'),
('7283','35','-3493.4','-4727.49','110.315','0','0','0','100','0'),
('7283','36','-3481.7','-4721.81','111.86','0','0','0','100','0'),
('7283','37','-3474.72','-4721.27','113.897','0','0','0','100','0'),
('7283','38','-3463.72','-4719.92','115.363','0','0','0','100','0'),
('7283','39','-3457.37','-4716.98','116.909','0','0','0','100','0'),
('7283','40','-3452.15','-4713.61','118.454','0','0','0','100','0'),
('7283','41','-3447.79','-4707.17','119.944','0','0','0','100','0'),
('7283','42','-3445.8','-4700.66','120.808','0','0','0','100','0'),
('7283','43','-3444.93','-4691.31','121.465','0','0','0','100','0'),
('7283','44','-3446.18','-4678.44','121.846','0','0','0','100','0'),
('7283','45','-3445.6','-4671.46','121.848','0','0','0','100','0'),
('7283','46','-3445.1','-4662.72','121.195','0','0','0','100','0'),
('7283','47','-3447.65','-4655.46','121.888','0','0','0','100','0'),
('7283','48','-3455.14','-4651.22','123.456','0','0','0','100','0'),
('7283','49','-3460.66','-4650.42','124.356','0','0','0','100','0'),
('7283','50','-3474.66','-4650.23','126.671','0','0','0','100','0'),
('7283','51','-3481.65','-4650.53','128.041','0','0','0','100','0'),
('7283','52','-3488.63','-4651.07','129.556','0','0','0','100','0'),
('7283','53','-3499.33','-4651.12','131.226','0','0','0','100','0'),
('7283','54','-3506.25','-4650.08','131.166','0','0','0','100','0'),
('7283','55','-3520.09','-4647.99','131.724','0','0','0','100','0'),
('7283','56','-3532.1','-4648.42','130.412','0','0','0','100','0'),
('7283','57','-3537.77','-4650.38','129.533','0','0','0','100','0'),
('7283','58','-3543.77','-4653.97','128.742','0','0','0','100','0'),
('7283','59','-3549.67','-4657.75','127.822','0','0','0','100','0'),
('7283','60','-3560.36','-4666.23','125.475','0','0','0','100','0'),
('7283','61','-3565.65','-4670.82','123.705','0','0','0','100','0'),
('7283','62','-3570.94','-4675.4','121.172','0','0','0','100','0'),
('7283','63','-3576.32','-4679.89','118.763','0','0','0','100','0'),
('7283','64','-3581.92','-4684.08','116.844','0','0','0','100','0'),
('7283','65','-3590.29','-4691.23','113.646','0','0','0','100','0'),
('7283','66','-3596.53','-4702.82','108.911','0','0','0','100','0'),
('7283','67','-3598.95','-4709.39','107.059','0','0','0','100','0'),
('7283','68','-3600.94','-4715.6','105.813','0','0','0','100','0'),
('7283','69','-3602.02','-4722.51','104.583','0','0','0','100','0'),
('7283','70','-3602.79','-4729.47','104.172','0','0','0','100','0'),
('7283','71','-3603.5','-4736.43','102.928','0','0','0','100','0'),
('7283','72','-3603.5','-4736.43','102.928','0','0','0','100','0'),
('7283','73','-3604.17','-4743.4','102.446','0','0','0','100','0'),
('7283','74','-3605.84','-4756.65','100.167','0','0','0','100','0'),
('7283','75','-3608.17','-4764.21','98.7014','0','0','0','100','0'),
('7283','76','-3613.02','-4772.53','96.6595','0','0','0','100','0'),
('7283','77','-3618.52','-4777.64','95.1581','0','0','0','100','0'),
('7283','78','-3621.51','-4779.27','94.6012','0','0','0','100','0'),
('7283','79','-3628.93','-4781.44','93.6249','0','0','0','100','0'),
('7283','80','-3635.69','-4780.91','93.0511','0','0','0','100','0'),
('7283','81','-3641.46','-4779.03','92.8702','0','0','0','100','0'),
('7283','82','-3647.74','-4775.94','93.4679','0','0','0','100','0'),
('7283','83','-3653.68','-4771.51','95.1115','0','0','0','100','0'),
('7283','84','-3658.4','-4764.28','97.9283','0','0','0','100','0'),
('7283','85','-3660.18','-4755.98','100.724','0','0','0','100','0'),
('7283','86','-3660.4','-4748.98','102.502','0','0','0','100','0'),
('7283','87','-3660.9','-4744.18','103.636','0','0','0','100','0'),
('7283','88','-3663.3','-4732.79','104.878','0','0','0','100','0'),
('7283','89','-3665.64','-4726.19','105.483','0','0','0','100','0'),
('7283','90','-3668.06','-4719.62','106.959','0','0','0','100','0'),
('7283','91','-3670.52','-4710.43','108.384','0','0','0','100','0'),
('7283','92','-3670.26','-4703.44','110.674','0','0','0','100','0'),
('7283','93','-3669.99','-4696.46','115.496','0','0','0','100','0'),
('7283','94','-3667.9','-4683.52','118.108','0','0','0','100','0'),
('7283','95','-3665.69','-4678.85','118.845','0','0','0','100','0'),
('7283','96','-3658.77','-4672.41','119.43','0','0','0','100','0'),
('7283','97','-3647.74','-4667.86','120.031','0','0','0','100','0'),
('7283','98','-3643.97','-4665.64','119.822','0','0','0','100','0'),
('7283','99','-3638.98','-4661.62','119.935','0','0','0','100','0'),
('7283','100','-3637.67','-4659.48','120.588','0','0','0','100','0'),
('7283','101','-3628.23','-4649.47','123.336','0','0','0','100','0'),
('7283','102','-3620.84','-4646.19','124.22','0','0','0','100','0'),
('7283','103','-3611.37','-4645.75','127.293','0','0','0','100','0'),
('7283','104','-3606.77','-4645.18','128.341','0','0','0','100','0'),
('7283','105','-3595.61','-4640.54','132.701','0','0','0','100','0'),
('7283','106','-3587.5','-4633.68','134.485','0','0','0','100','0'),
('7283','107','-3583.78','-4626.19','135.078','0','0','0','100','0'),
('7283','108','-3582.79','-4622.35','135.517','0','0','0','100','0'),
('7283','109','-3581.77','-4615.43','136.448','0','0','0','100','0'),
('7283','110','-3581.2','-4608.45','137.112','0','0','0','100','0'),
('7283','111','-3581.2','-4601.46','137.056','0','0','0','100','0'),
('7283','112','-3581.39','-4587.64','137.401','0','0','0','100','0'),
('7283','113','-3580.69','-4582.7','138.315','0','0','0','100','0'),
('7283','114','-3578.61','-4574.75','140.033','0','0','0','100','0'),
('7283','115','-3572.84','-4564.29','143.221','0','0','0','100','0'),
('7283','116','-3568.77','-4558.6','144.845','0','0','0','100','0'),
('7283','117','-3564.64','-4552.94','146.039','0','0','0','100','0'),
('7283','118','-3557.46','-4545.74','146.882','0','0','0','100','0'),
('7283','119','-3552.25','-4541.06','147.22','0','0','0','100','0'),
('7283','120','-3546.76','-4536.72','148.37','0','0','0','100','0'),
('7283','121','-3541.48','-4532.13','149.018','0','0','0','100','0'),
('7283','122','-3536.19','-4527.56','149.63','0','0','0','100','0'),
('7283','123','-3530.61','-4523.34','150.117','0','0','0','100','0'),
('7283','124','-3519.29','-4515.09','151.089','0','0','0','100','0'),
('7283','125','-3513.65','-4510.96','151.595','0','0','0','100','0'),
('7283','126','-3511.67','-4509.51','151.755','0','0','0','100','0'),
('7283','127','-3510.06','-4510.69','152.011','0','0','0','100','0'),
('7283','128','-3508.6','-4512.46','152.46','0','0','0','100','0');

-- Waypoint movement type guid 7285 (Sambas) Loc 4
UPDATE `creature` SET `MovementType`='2', `spawndist`='0' WHERE `guid`='7285';

-- Set WP for creature guid 7285 (Sambas)
DELETE FROM `creature_addon` WHERE (`guid`=7285);
INSERT INTO `creature_addon` (`guid`, `path_id`, `mount`, `bytes1`, `bytes2`, `emote`, `auras`) VALUES 
(7285, '7285', 0, 0, 1, 0, '');

-- WP For (Sambas)
DELETE FROM waypoint_data WHERE id='7285';
INSERT INTO `waypoint_data` (`id`, `point`, `position_x`, `position_y`, `position_z`, `delay`, `move_flag`, `action`, `action_chance`, `wpguid`) VALUES 
('7285','1','-3229.37','-4723.61','125.277','0','0','0','100','0'),
('7285','2','-3230.4','-4733.16','124.397','0','0','0','100','0'),
('7285','3','-3229.04','-4736.99','124.646','0','0','0','100','0'),
('7285','4','-3221.38','-4748.7','125.813','0','0','0','100','0'),
('7285','5','-3212.63','-4759.63','125.832','0','0','0','100','0'),
('7285','6','-3208.44','-4765.23','126.712','0','0','0','100','0'),
('7285','7','-3201.42','-4777.34','127.158','0','0','0','100','0'),
('7285','8','-3198.45','-4783.68','127.877','0','0','0','100','0'),
('7285','9','-3191.75','-4796.59','128.696','0','0','0','100','0'),
('7285','10','-3187.1','-4801.59','128.188','0','0','0','100','0'),
('7285','11','-3181.42','-4805.67','128.105','0','0','0','100','0'),
('7285','12','-3175.38','-4809.19','128.781','0','0','0','100','0'),
('7285','13','-3169.29','-4812.64','129.342','0','0','0','100','0'),
('7285','14','-3157.08','-4819.49','130.839','0','0','0','100','0'),
('7285','15','-3150.94','-4822.85','131.345','0','0','0','100','0'),
('7285','16','-3144.83','-4826.27','131.831','0','0','0','100','0'),
('7285','17','-3140.46','-4829.13','132.897','0','0','0','100','0'),
('7285','18','-3134.26','-4835.89','135.686','0','0','0','100','0'),
('7285','19','-3131.48','-4841.32','136.349','0','0','0','100','0'),
('7285','20','-3129.72','-4845.83','136.473','0','0','0','100','0'),
('7285','21','-3128.4','-4851.53','136.693','0','0','0','100','0'),
('7285','22','-3127.11','-4861.25','137.072','0','0','0','100','0'),
('7285','23','-3127.82','-4871.67','138.366','0','0','0','100','0'),
('7285','24','-3129.16','-4876.1','138.604','0','0','0','100','0'),
('7285','25','-3133.6','-4883.95','137.89','0','0','0','100','0'),
('7285','26','-3142.58','-4890.86','135.128','0','0','0','100','0'),
('7285','27','-3144.56','-4891.85','134.373','0','0','0','100','0'),
('7285','28','-3151.14','-4894.23','132.261','0','0','0','100','0'),
('7285','29','-3161.73','-4898.59','130.115','0','0','0','100','0'),
('7285','30','-3172.39','-4903.43','128.392','0','0','0','100','0'),
('7285','31','-3176.06','-4904.13','129.082','0','0','0','100','0'),
('7285','32','-3184.97','-4904.34','130.3','0','0','0','100','0'),
('7285','33','-3191.86','-4905.56','130.608','0','0','0','100','0'),
('7285','34','-3201.02','-4906.87','131.401','0','0','0','100','0'),
('7285','35','-3208.02','-4906.75','129.723','0','0','0','100','0'),
('7285','36','-3222.02','-4906.44','127.391','0','0','0','100','0'),
('7285','37','-3229','-4906.07','128.58','0','0','0','100','0'),
('7285','38','-3240.69','-4903.31','128.778','0','0','0','100','0'),
('7285','39','-3245.03','-4900.6','128.437','0','0','0','100','0'),
('7285','40','-3249.86','-4895.54','127.131','0','0','0','100','0'),
('7285','41','-3256.42','-4886.16','125.853','0','0','0','100','0'),
('7285','42','-3258.96','-4879.64','125.829','0','0','0','100','0'),
('7285','43','-3263.13','-4867.45','127.076','0','0','0','100','0'),
('7285','44','-3262.63','-4860.4','127.457','0','0','0','100','0'),
('7285','45','-3261.62','-4858.39','127.501','0','0','0','100','0'),
('7285','46','-3256.32','-4853.82','127.584','0','0','0','100','0'),
('7285','47','-3246.83','-4844.28','126.675','0','0','0','100','0'),
('7285','48','-3245.83','-4836.72','126.149','0','0','0','100','0'),
('7285','49','-3247.36','-4829.9','126.033','0','0','0','100','0'),
('7285','50','-3253.79','-4821.06','126.014','0','0','0','100','0'),
('7285','51','-3258.7','-4817.82','125.541','0','0','0','100','0'),
('7285','52','-3261.45','-4816.58','125.225','0','0','0','100','0'),
('7285','53','-3273.67','-4813.74','124.451','0','0','0','100','0'),
('7285','54','-3284.14','-4816.43','125.183','0','0','0','100','0'),
('7285','55','-3294.47','-4821.58','124.834','0','0','0','100','0'),
('7285','56','-3297.37','-4822.13','124.091','0','0','0','100','0'),
('7285','57','-3304.36','-4821.69','122.902','0','0','0','100','0'),
('7285','58','-3316.65','-4818.33','121.174','0','0','0','100','0'),
('7285','59','-3322.43','-4814.38','119.994','0','0','0','100','0'),
('7285','60','-3329.08','-4809.27','117.975','0','0','0','100','0'),
('7285','61','-3334.19','-4807.82','117.211','0','0','0','100','0'),
('7285','62','-3345.01','-4808.15','117.063','0','0','0','100','0'),
('7285','63','-3349.75','-4803.56','116.605','0','0','0','100','0'),
('7285','64','-3349.82','-4796.45','116.4','0','0','0','100','0'),
('7285','65','-3348.04','-4789.72','117.151','0','0','0','100','0'),
('7285','66','-3342.4','-4781.68','117.524','0','0','0','100','0'),
('7285','67','-3334.49','-4778.18','117.108','0','0','0','100','0'),
('7285','68','-3325.83','-4776.5','117.183','0','0','0','100','0'),
('7285','69','-3318.86','-4776.66','117.607','0','0','0','100','0'),
('7285','70','-3311.91','-4777.48','117.482','0','0','0','100','0'),
('7285','71','-3303.35','-4776.46','118.429','0','0','0','100','0'),
('7285','72','-3303.35','-4776.46','118.429','0','0','0','100','0'),
('7285','73','-3291.15','-4769.62','119.595','0','0','0','100','0'),
('7285','74','-3283.38','-4763.27','120.362','0','0','0','100','0'),
('7285','75','-3279.46','-4758.95','120.504','0','0','0','100','0'),
('7285','76','-3275.35','-4753.29','121.141','0','0','0','100','0'),
('7285','77','-3270.55','-4745.59','121.205','0','0','0','100','0'),
('7285','78','-3269.11','-4739.96','120.941','0','0','0','100','0'),
('7285','79','-3270.69','-4732.02','121.261','0','0','0','100','0'),
('7285','80','-3271.66','-4729.64','121.246','0','0','0','100','0'),
('7285','81','-3277.24','-4719.95','120.286','0','0','0','100','0'),
('7285','82','-3281.98','-4713.88','119.655','0','0','0','100','0'),
('7285','83','-3288.4','-4709.83','119.151','0','0','0','100','0'),
('7285','84','-3289.85','-4709.44','119.053','0','0','0','100','0'),
('7285','85','-3301.88','-4706.38','118.714','0','0','0','100','0'),
('7285','86','-3306.48','-4700.14','117.516','0','0','0','100','0'),
('7285','87','-3306.48','-4695.71','117.033','0','0','0','100','0'),
('7285','88','-3304.1','-4688.82','116.851','0','0','0','100','0'),
('7285','89','-3298.41','-4685.1','117.93','0','0','0','100','0'),
('7285','90','-3292.04','-4683.89','118.584','0','0','0','100','0'),
('7285','91','-3284.22','-4686.35','119.356','0','0','0','100','0'),
('7285','92','-3283.05','-4687.74','119.392','0','0','0','100','0'),
('7285','93','-3278.46','-4697.41','119.227','0','0','0','100','0'),
('7285','94','-3276.53','-4704.14','119.379','0','0','0','100','0'),
('7285','95','-3272.78','-4713.88','120.208','0','0','0','100','0'),
('7285','96','-3268.75','-4716.06','120.291','0','0','0','100','0'),
('7285','97','-3261.92','-4717.61','120.607','0','0','0','100','0'),
('7285','98','-3254.98','-4718.49','121.313','0','0','0','100','0'),
('7285','99','-3247.18','-4718.95','122.585','0','0','0','100','0'),
('7285','100','-3240.29','-4717.74','123.867','0','0','0','100','0'),
('7285','101','-3233.56','-4716','124.977','0','0','0','100','0'),
('7285','102','-3229.47','-4715.51','125.917','0','0','0','100','0'),
('7285','103','-3229.39','-4718.06','125.697','0','0','0','100','0'),
('7285','104','-3228.86','-4719.6','125.682','0','0','0','100','0'),
('7285','105','-3229.04','-4721.35','125.49','0','0','0','100','0');

-- Waypoint movement type guid 7287 (Sambas) Loc 5
UPDATE `creature` SET `MovementType`='2', `spawndist`='0' WHERE `guid`='7287';

-- Set WP for creature guid 7287 (Sambas)
DELETE FROM `creature_addon` WHERE (`guid`=7287);
INSERT INTO `creature_addon` (`guid`, `path_id`, `mount`, `bytes1`, `bytes2`, `emote`, `auras`) VALUES 
(7287, '7287', 0, 0, 1, 0, '');

-- WP For (Sambas)
DELETE FROM waypoint_data WHERE id='7287';
INSERT INTO `waypoint_data` (`id`, `point`, `position_x`, `position_y`, `position_z`, `delay`, `move_flag`, `action`, `action_chance`, `wpguid`) VALUES 
('7287','1','-2883.58','-4998.72','159.382','0','0','0','100','0'),
('7287','2','-2894.79','-5001.32','153.822','0','0','0','100','0'),
('7287','3','-2903.62','-5003.23','151.369','0','0','0','100','0'),
('7287','4','-2914.19','-5005.5','148.776','0','0','0','100','0'),
('7287','5','-2919.6','-5006.67','148.188','0','0','0','100','0'),
('7287','6','-2923.17','-5023.78','148.766','0','0','0','100','0'),
('7287','7','-2928.57','-5043.7','147.597','0','0','0','100','0'),
('7287','8','-2932.19','-5053.77','145.129','0','0','0','100','0'),
('7287','9','-2935.64','-5059.29','143.525','0','0','0','100','0'),
('7287','10','-2941.22','-5061.68','142.459','0','0','0','100','0'),
('7287','11','-2943.16','-5061.84','142.146','0','0','0','100','0'),
('7287','12','-2950.15','-5061.51','140.417','0','0','0','100','0'),
('7287','13','-2958.61','-5060.22','139.543','0','0','0','100','0'),
('7287','14','-2960.5','-5060.17','139.43','0','0','0','100','0'),
('7287','15','-2965.39','-5061.07','139.064','0','0','0','100','0'),
('7287','16','-2967.14','-5061.67','138.831','0','0','0','100','0'),
('7287','17','-2970.32','-5063.07','138.462','0','0','0','100','0'),
('7287','18','-2970.32','-5063.07','138.462','0','0','0','100','0'),
('7287','19','-2970.32','-5063.07','138.462','0','0','0','100','0'),
('7287','20','-2976.2','-5066.85','137.198','0','0','0','100','0'),
('7287','21','-2978.51','-5068.47','136.625','0','0','0','100','0'),
('7287','22','-2981.27','-5070.94','136.088','0','0','0','100','0'),
('7287','23','-2983.94','-5074.29','135.535','0','0','0','100','0'),
('7287','24','-2984.86','-5082.18','133.051','0','0','0','100','0'),
('7287','25','-2984.86','-5082.18','133.051','0','0','0','100','0'),
('7287','26','-2984.04','-5089.14','130.752','0','0','0','100','0'),
('7287','27','-2984.04','-5089.14','130.752','0','0','0','100','0'),
('7287','28','-2983.14','-5096.08','129.987','0','0','0','100','0'),
('7287','29','-2982.45','-5102.63','130.053','0','0','0','100','0'),
('7287','30','-2982.84','-5104.67','130.003','0','0','0','100','0'),
('7287','31','-2984.59','-5106.96','129.764','0','0','0','100','0'),
('7287','32','-2985.99','-5108.16','129.631','0','0','0','100','0'),
('7287','33','-2993.5','-5112.08','129.089','0','0','0','100','0'),
('7287','34','-2999.28','-5111.97','130.047','0','0','0','100','0'),
('7287','35','-3004.72','-5108.56','131.024','0','0','0','100','0'),
('7287','36','-3004.72','-5108.56','131.024','0','0','0','100','0'),
('7287','37','-3008.74','-5102.83','131.345','0','0','0','100','0'),
('7287','38','-3012.49','-5096.92','131.309','0','0','0','100','0'),
('7287','39','-3012.49','-5096.92','131.309','0','0','0','100','0'),
('7287','40','-3015.91','-5090.82','131.728','0','0','0','100','0'),
('7287','41','-3019.18','-5084.64','134.455','0','0','0','100','0'),
('7287','42','-3019.18','-5084.64','134.455','0','0','0','100','0'),
('7287','43','-3022.39','-5078.42','138.567','0','0','0','100','0'),
('7287','44','-3022.39','-5078.42','138.567','0','0','0','100','0'),
('7287','45','-3025.75','-5072.28','141.13','0','0','0','100','0'),
('7287','46','-3025.75','-5072.28','141.13','0','0','0','100','0'),
('7287','47','-3025.75','-5072.28','141.13','0','0','0','100','0'),
('7287','48','-3029.52','-5066.38','143.247','0','0','0','100','0'),
('7287','49','-3033.36','-5060.53','145.391','0','0','0','100','0'),
('7287','50','-3038.65','-5055.9','145.804','0','0','0','100','0'),
('7287','51','-3041.36','-5055.99','145.566','0','0','0','100','0'),
('7287','52','-3043.38','-5056.77','145.197','0','0','0','100','0'),
('7287','53','-3043.38','-5056.77','145.197','0','0','0','100','0'),
('7287','54','-3043.38','-5056.77','145.197','0','0','0','100','0'),
('7287','55','-3049.54','-5060.09','143.304','0','0','0','100','0'),
('7287','56','-3049.54','-5060.09','143.304','0','0','0','100','0'),
('7287','57','-3055.79','-5063.25','139.704','0','0','0','100','0'),
('7287','58','-3055.79','-5063.25','139.704','0','0','0','100','0'),
('7287','59','-3055.79','-5063.25','139.704','0','0','0','100','0'),
('7287','60','-3062.2','-5066.06','135.152','0','0','0','100','0'),
('7287','61','-3062.2','-5066.06','135.152','0','0','0','100','0'),
('7287','62','-3068.8','-5068.38','132.263','0','0','0','100','0'),
('7287','63','-3068.8','-5068.38','132.263','0','0','0','100','0'),
('7287','64','-3068.8','-5068.38','132.263','0','0','0','100','0'),
('7287','65','-3075.46','-5070.53','132.078','0','0','0','100','0'),
('7287','66','-3075.46','-5070.53','132.078','0','0','0','100','0'),
('7287','67','-3082','-5072.96','133.156','0','0','0','100','0'),
('7287','68','-3083.83','-5073.81','133.414','0','0','0','100','0'),
('7287','69','-3089.74','-5077.56','134.415','0','0','0','100','0'),
('7287','70','-3089.74','-5077.56','134.415','0','0','0','100','0'),
('7287','71','-3095.31','-5081.1','134.716','0','0','0','100','0'),
('7287','72','-3099.37','-5082.32','134.865','0','0','0','100','0'),
('7287','73','-3102.64','-5082.25','135.04','0','0','0','100','0'),
('7287','74','-3105.34','-5081.54','135.237','0','0','0','100','0'),
('7287','75','-3107.43','-5079.6','135.675','0','0','0','100','0'),
('7287','76','-3107.43','-5079.6','135.675','0','0','0','100','0'),
('7287','77','-3109.79','-5073.01','136.458','0','0','0','100','0'),
('7287','78','-3111.17','-5069.43','136.005','0','0','0','100','0'),
('7287','79','-3112.03','-5067.78','135.821','0','0','0','100','0'),
('7287','80','-3112.03','-5067.78','135.821','0','0','0','100','0'),
('7287','81','-3115.92','-5061.96','135.296','0','0','0','100','0'),
('7287','82','-3115.92','-5061.96','135.296','0','0','0','100','0'),
('7287','83','-3120.09','-5056.34','133.499','0','0','0','100','0'),
('7287','84','-3120.09','-5056.34','133.499','0','0','0','100','0'),
('7287','85','-3124.24','-5050.7','133.01','0','0','0','100','0'),
('7287','86','-3127.08','-5046.47','131.919','0','0','0','100','0'),
('7287','87','-3129.51','-5044','130.145','0','0','0','100','0'),
('7287','88','-3131.09','-5042.97','129.419','0','0','0','100','0'),
('7287','89','-3131.09','-5042.97','129.419','0','0','0','100','0'),
('7287','90','-3137.39','-5039.95','129.313','0','0','0','100','0'),
('7287','91','-3139.87','-5038.79','129.823','0','0','0','100','0'),
('7287','92','-3141.36','-5037.74','130.141','0','0','0','100','0'),
('7287','93','-3143.76','-5033.12','130.801','0','0','0','100','0'),
('7287','94','-3144.75','-5027.49','131.671','0','0','0','100','0'),
('7287','95','-3141.7','-5024.12','131.295','0','0','0','100','0'),
('7287','96','-3141.7','-5024.12','131.295','0','0','0','100','0'),
('7287','97','-3140.43','-5027.79','130.653','0','0','0','100','0'),
('7287','98','-3139.32','-5040.04','130.067','0','0','0','100','0'),
('7287','99','-3139.4','-5040.9','130.45','0','0','0','100','0'),
('7287','100','-3141.11','-5047.69','133.151','0','0','0','100','0'),
('7287','101','-3142.98','-5054.44','133.97','0','0','0','100','0'),
('7287','102','-3142.98','-5054.44','133.97','0','0','0','100','0'),
('7287','103','-3144.16','-5059.74','135.726','0','0','0','100','0'),
('7287','104','-3145.26','-5066.65','137.013','0','0','0','100','0'),
('7287','105','-3145.26','-5066.65','137.013','0','0','0','100','0'),
('7287','106','-3145.79','-5073.12','137.893','0','0','0','100','0'),
('7287','107','-3145.79','-5073.12','137.893','0','0','0','100','0'),
('7287','108','-3145.54','-5079.31','137.962','0','0','0','100','0'),
('7287','109','-3143.93','-5084.24','137.503','0','0','0','100','0'),
('7287','110','-3142.07','-5087.33','136.847','0','0','0','100','0'),
('7287','111','-3142.07','-5087.33','136.847','0','0','0','100','0'),
('7287','112','-3137.91','-5092.95','134.457','0','0','0','100','0'),
('7287','113','-3136.74','-5094.24','133.784','0','0','0','100','0'),
('7287','114','-3134.55','-5096.12','132.906','0','0','0','100','0'),
('7287','115','-3130.75','-5098.37','132.511','0','0','0','100','0'),
('7287','116','-3128.28','-5099.52','132.854','0','0','0','100','0'),
('7287','117','-3125.62','-5100.39','133.194','0','0','0','100','0'),
('7287','118','-3125.62','-5100.39','133.194','0','0','0','100','0'),
('7287','119','-3120.25','-5101.23','133.41','0','0','0','100','0'),
('7287','120','-3110.39','-5098.7','133.353','0','0','0','100','0'),
('7287','121','-3109.19','-5096.19','133.248','0','0','0','100','0'),
('7287','122','-3109.19','-5096.19','133.248','0','0','0','100','0'),
('7287','123','-3106.78','-5087.95','133.379','0','0','0','100','0'),
('7287','124','-3105.88','-5076.99','135.95','0','0','0','100','0'),
('7287','125','-3104.71','-5073.48','135.873','0','0','0','100','0'),
('7287','126','-3103.62','-5071.7','135.529','0','0','0','100','0'),
('7287','127','-3100.51','-5068.26','134.409','0','0','0','100','0'),
('7287','128','-3099.18','-5067.19','134.01','0','0','0','100','0'),
('7287','129','-3099.18','-5067.19','134.01','0','0','0','100','0'),
('7287','130','-3093.17','-5063.61','132.307','0','0','0','100','0'),
('7287','131','-3093.17','-5063.61','132.307','0','0','0','100','0'),
('7287','132','-3084.51','-5058.82','129.14','0','0','0','100','0'),
('7287','133','-3079.06','-5057.45','129.658','0','0','0','100','0'),
('7287','134','-3079.06','-5057.45','129.658','0','0','0','100','0'),
('7287','135','-3074.98','-5057.88','130.571','0','0','0','100','0'),
('7287','136','-3070.72','-5058.67','131.975','0','0','0','100','0'),
('7287','137','-3067.69','-5060.12','133.592','0','0','0','100','0'),
('7287','138','-3067.69','-5060.12','133.592','0','0','0','100','0'),
('7287','139','-3061.95','-5064.1','136.067','0','0','0','100','0'),
('7287','140','-3061.95','-5064.1','136.067','0','0','0','100','0'),
('7287','141','-3058.57','-5066.6','136.696','0','0','0','100','0'),
('7287','142','-3058.57','-5066.6','136.696','0','0','0','100','0'),
('7287','143','-3053.64','-5071.57','136.144','0','0','0','100','0'),
('7287','144','-3053.64','-5071.57','136.144','0','0','0','100','0'),
('7287','145','-3053.64','-5071.57','136.144','0','0','0','100','0'),
('7287','146','-3048.88','-5076.71','135.798','0','0','0','100','0'),
('7287','147','-3044','-5080.42','135.386','0','0','0','100','0'),
('7287','148','-3039.59','-5081.93','135.422','0','0','0','100','0'),
('7287','149','-3037.75','-5082.19','135.581','0','0','0','100','0'),
('7287','150','-3034.54','-5081.7','136.285','0','0','0','100','0'),
('7287','151','-3031.74','-5080.07','137.516','0','0','0','100','0'),
('7287','152','-3028.16','-5075.54','139.982','0','0','0','100','0'),
('7287','153','-3028.17','-5073.91','140.516','0','0','0','100','0'),
('7287','154','-3028.17','-5073.91','140.516','0','0','0','100','0'),
('7287','155','-3029.75','-5067.09','142.974','0','0','0','100','0'),
('7287','156','-3031.62','-5056.18','146.331','0','0','0','100','0'),
('7287','157','-3031.23','-5053.21','146.638','0','0','0','100','0'),
('7287','158','-3030','-5047.93','147.964','0','0','0','100','0'),
('7287','159','-3030','-5047.93','147.964','0','0','0','100','0'),
('7287','160','-3028.03','-5042.19','149.163','0','0','0','100','0'),
('7287','161','-3025.33','-5035.73','148.476','0','0','0','100','0'),
('7287','162','-3024.33','-5029.81','148.543','0','0','0','100','0'),
('7287','163','-3024.33','-5029.81','148.543','0','0','0','100','0'),
('7287','164','-3025.67','-5021.22','148.827','0','0','0','100','0'),
('7287','165','-3025.04','-5019.33','148.651','0','0','0','100','0'),
('7287','166','-3025.04','-5019.33','148.651','0','0','0','100','0'),
('7287','167','-3025.04','-5019.33','148.651','0','0','0','100','0'),
('7287','168','-3020.83','-5013.74','148.177','0','0','0','100','0'),
('7287','169','-3020.83','-5013.74','148.177','0','0','0','100','0'),
('7287','170','-3014.73','-5003.93','147.158','0','0','0','100','0'),
('7287','171','-3014.52','-5000.07','146.414','0','0','0','100','0'),
('7287','172','-3015.69','-4997.9','145.699','0','0','0','100','0'),
('7287','173','-3015.69','-4997.9','145.699','0','0','0','100','0'),
('7287','174','-3015.69','-4997.9','145.699','0','0','0','100','0'),
('7287','175','-3020.47','-4992.79','145.062','0','0','0','100','0'),
('7287','176','-3020.47','-4992.79','145.062','0','0','0','100','0'),
('7287','177','-3026.8','-4985.54','143.553','0','0','0','100','0'),
('7287','178','-3027.73','-4983.49','143.174','0','0','0','100','0'),
('7287','179','-3028.54','-4980.93','142.728','0','0','0','100','0'),
('7287','180','-3028.98','-4978.81','142.58','0','0','0','100','0'),
('7287','181','-3028.93','-4975.86','143.035','0','0','0','100','0'),
('7287','182','-3028.38','-4974.02','143.331','0','0','0','100','0'),
('7287','183','-3025.66','-4967.57','143.334','0','0','0','100','0'),
('7287','184','-3025.66','-4967.57','143.334','0','0','0','100','0'),
('7287','185','-3022.49','-4961.33','142.702','0','0','0','100','0'),
('7287','186','-3018.21','-4953.27','143.216','0','0','0','100','0'),
('7287','187','-3015.7','-4950.14','143.811','0','0','0','100','0'),
('7287','188','-3013.69','-4948.44','144.167','0','0','0','100','0'),
('7287','189','-3012.44','-4947.7','144.298','0','0','0','100','0'),
('7287','190','-3012.44','-4947.7','144.298','0','0','0','100','0'),
('7287','191','-3003.39','-4944.24','144.91','0','0','0','100','0'),
('7287','192','-2995.45','-4943.78','144.96','0','0','0','100','0'),
('7287','193','-2988.45','-4943.96','144.636','0','0','0','100','0'),
('7287','194','-2982.46','-4944.65','143.719','0','0','0','100','0'),
('7287','195','-2979.79','-4945.48','143.018','0','0','0','100','0'),
('7287','196','-2976.37','-4947','142.174','0','0','0','100','0'),
('7287','197','-2970.27','-4950.44','142.187','0','0','0','100','0'),
('7287','198','-2970.27','-4950.44','142.187','0','0','0','100','0'),
('7287','199','-2964.53','-4953.55','142.297','0','0','0','100','0'),
('7287','200','-2964.53','-4953.55','142.297','0','0','0','100','0'),
('7287','201','-2959.94','-4955.22','142.004','0','0','0','100','0'),
('7287','202','-2953.17','-4957','142.154','0','0','0','100','0'),
('7287','203','-2943.95','-4958.22','143.154','0','0','0','100','0'),
('7287','204','-2943.95','-4958.22','143.154','0','0','0','100','0'),
('7287','205','-2937.7','-4957.56','143.607','0','0','0','100','0'),
('7287','206','-2937.7','-4957.56','143.607','0','0','0','100','0'),
('7287','207','-2931.11','-4955.19','144.158','0','0','0','100','0'),
('7287','208','-2924.68','-4952.43','145.156','0','0','0','100','0'),
('7287','209','-2920.15','-4950.05','146.233','0','0','0','100','0'),
('7287','210','-2920.15','-4950.05','146.233','0','0','0','100','0'),
('7287','211','-2914.38','-4946.1','146.935','0','0','0','100','0'),
('7287','212','-2914.38','-4946.1','146.935','0','0','0','100','0'),
('7287','213','-2908.58','-4941.4','148.028','0','0','0','100','0'),
('7287','214','-2906.83','-4937.39','147.879','0','0','0','100','0'),
('7287','215','-2906.83','-4937.39','147.879','0','0','0','100','0'),
('7287','216','-2906.83','-4937.39','147.879','0','0','0','100','0'),
('7287','217','-2905.45','-4930.53','148.169','0','0','0','100','0'),
('7287','218','-2905.45','-4930.53','148.169','0','0','0','100','0'),
('7287','219','-2904.16','-4923.66','148.627','0','0','0','100','0'),
('7287','220','-2903.41','-4920.27','149.277','0','0','0','100','0'),
('7287','221','-2902.51','-4917.62','149.949','0','0','0','100','0'),
('7287','222','-2900.49','-4914.51','150.913','0','0','0','100','0'),
('7287','223','-2895.79','-4912','152.899','0','0','0','100','0'),
('7287','224','-2890.8','-4911.28','154.759','0','0','0','100','0'),
('7287','225','-2890.8','-4911.28','154.759','0','0','0','100','0'),
('7287','226','-2888.77','-4918.72','154.72','0','0','0','100','0'),
('7287','227','-2889.28','-4921.3','153.909','0','0','0','100','0'),
('7287','228','-2889.28','-4921.3','153.909','0','0','0','100','0'),
('7287','229','-2891.07','-4925.17','152.593','0','0','0','100','0'),
('7287','230','-2895.25','-4934.11','151.564','0','0','0','100','0'),
('7287','231','-2897.46','-4940.75','150.926','0','0','0','100','0'),
('7287','232','-2897.46','-4940.75','150.926','0','0','0','100','0'),
('7287','233','-2899.65','-4947.4','150.212','0','0','0','100','0'),
('7287','234','-2901.79','-4954.07','149.504','0','0','0','100','0'),
('7287','235','-2901.79','-4954.07','149.504','0','0','0','100','0'),
('7287','236','-2904.33','-4966.32','149.973','0','0','0','100','0'),
('7287','237','-2904.38','-4970.06','150.442','0','0','0','100','0'),
('7287','238','-2904.38','-4970.06','150.442','0','0','0','100','0'),
('7287','239','-2903.84','-4977.01','150.988','0','0','0','100','0'),
('7287','240','-2903.32','-4979.27','151.251','0','0','0','100','0'),
('7287','241','-2903.32','-4979.27','151.251','0','0','0','100','0'),
('7287','242','-2900.69','-4985.23','152.19','0','0','0','100','0'),
('7287','243','-2898.87','-4987.34','152.829','0','0','0','100','0'),
('7287','244','-2897.37','-4988.46','153.31','0','0','0','100','0'),
('7287','245','-2894.27','-4990.05','154.475','0','0','0','100','0'),
('7287','246','-2894.27','-4990.05','154.475','0','0','0','100','0'),
('7287','247','-2891.38','-4990.98','155.8','0','0','0','100','0'),
('7287','248','-2891.38','-4990.98','155.8','0','0','0','100','0'),
('7287','249','-2884.82','-4992.61','158.719','0','0','0','100','0'),
('7287','250','-2884.82','-4992.61','158.719','0','0','0','100','0'),
('7287','251','-2879.42','-4997.05','161.786','0','0','0','100','0'),
('7287','252','-2880.2','-4998.73','161.156','0','0','0','100','0');

-- Waypoint movement type guid 6593456 (Golgarok) Loc 1
UPDATE `creature` SET `MovementType`='2', `spawndist`='0' WHERE `guid`='6593456';

-- Set WP for creature guid 6593456 (Golgarok)
DELETE FROM `creature_addon` WHERE (`guid`=6593456);
INSERT INTO `creature_addon` (`guid`, `path_id`, `mount`, `bytes1`, `bytes2`, `emote`, `auras`) VALUES 
(6593456, '6593456', 0, 0, 1, 0, '');

-- WP For (Golgarok)
DELETE FROM waypoint_data WHERE id='6593456';
INSERT INTO `waypoint_data` (`id`, `point`, `position_x`, `position_y`, `position_z`, `delay`, `move_flag`, `action`, `action_chance`, `wpguid`) VALUES 
('6593456','1','-39.1203','1180.82','221.514','0','0','0','100','0'),
('6593456','2','-35.6745','1181.43','221.731','0','0','0','100','0'),
('6593456','3','-28.1395','1182.02','221.89','0','0','0','100','0'),
('6593456','4','-23.6843','1179.24','221.825','0','0','0','100','0'),
('6593456','5','-18.3758','1175.1','221.558','0','0','0','100','0'),
('6593456','6','-14.0484','1166.77','221.003','0','0','0','100','0'),
('6593456','7','-11.024','1160.46','220.096','0','0','0','100','0'),
('6593456','8','-8.64217','1153.88','219.344','0','0','0','100','0'),
('6593456','9','-7.34887','1149.81','219.43','0','0','0','100','0'),
('6593456','10','-6.56701','1142.86','219.361','0','0','0','100','0'),
('6593456','11','-5.92124','1135.89','219.083','0','0','0','100','0'),
('6593456','12','-3.06373','1125.88','218.717','0','0','0','100','0'),
('6593456','13','-3.40736','1120.31','219.142','0','0','0','100','0'),
('6593456','14','-5.92544','1115.27','220.179','0','0','0','100','0'),
('6593456','15','-9.51711','1111.61','220.545','0','0','0','100','0'),
('6593456','16','-15.1141','1107.41','220.937','0','0','0','100','0'),
('6593456','17','-20.7248','1103.23','221.774','0','0','0','100','0'),
('6593456','18','-28.6075','1096.29','222.577','0','0','0','100','0'),
('6593456','19','-33.4582','1091.25','222.976','0','0','0','100','0'),
('6593456','20','-37.322','1085.44','221.978','0','0','0','100','0'),
('6593456','21','-38.3846','1079.64','221.689','0','0','0','100','0'),
('6593456','22','-38.256','1073','220.757','0','0','0','100','0'),
('6593456','23','-36.6269','1067.18','220.174','0','0','0','100','0'),
('6593456','24','-34.2145','1060.98','220.794','0','0','0','100','0'),
('6593456','25','-32.5947','1057.88','221.489','0','0','0','100','0'),
('6593456','26','-29.0403','1052.09','221.844','0','0','0','100','0'),
('6593456','27','-21.9086','1044.39','222.184','0','0','0','100','0'),
('6593456','28','-16.8755','1040.51','223.722','0','0','0','100','0'),
('6593456','29','-11.8995','1038.6','224.145','0','0','0','100','0'),
('6593456','30','-8.50118','1038.23','223.63','0','0','0','100','0'),
('6593456','31','0.332441','1039.46','222.641','0','0','0','100','0'),
('6593456','32','3.55208','1040.83','222.833','0','0','0','100','0'),
('6593456','33','9.84471','1043.9','224.029','0','0','0','100','0'),
('6593456','34','16.119','1047','223.521','0','0','0','100','0'),
('6593456','35','22.6246','1051.67','224.809','0','0','0','100','0'),
('6593456','36','27.7018','1056.49','225.281','0','0','0','100','0'),
('6593456','37','30.5976','1060.14','225.496','0','0','0','100','0'),
('6593456','38','33.7292','1066.64','224.74','0','0','0','100','0'),
('6593456','39','33.4915','1072.03','224.173','0','0','0','100','0'),
('6593456','40','31.2007','1075.38','224.308','0','0','0','100','0'),
('6593456','41','26.4254','1080.05','225.23','0','0','0','100','0'),
('6593456','42','24.1414','1083.81','225.656','0','0','0','100','0'),
('6593456','43','22.8702','1088.84','224.824','0','0','0','100','0'),
('6593456','44','23.3032','1094.42','224.039','0','0','0','100','0'),
('6593456','45','24.1752','1097.81','222.39','0','0','0','100','0'),
('6593456','46','25.9729','1104.58','220.873','0','0','0','100','0'),
('6593456','47','26.7918','1107.98','220.673','0','0','0','100','0'),
('6593456','48','27.8544','1116.36','220.523','0','0','0','100','0'),
('6593456','49','27.2299','1122.09','220.209','0','0','0','100','0'),
('6593456','50','26.3996','1123.92','219.999','0','0','0','100','0'),
('6593456','51','22.7747','1129.9','219.233','0','0','0','100','0'),
('6593456','52','19.126','1135.88','218.593','0','0','0','100','0'),
('6593456','53','16.9654','1138.63','218.367','0','0','0','100','0'),
('6593456','54','12.0709','1143.63','218.113','0','0','0','100','0'),
('6593456','55','9.5684','1146.08','218.316','0','0','0','100','0'),
('6593456','56','4.76845','1151.17','218.852','0','0','0','100','0'),
('6593456','57','-2.22527','1158.99','219.446','0','0','0','100','0'),
('6593456','58','-4.49406','1161.66','219.771','0','0','0','100','0'),
('6593456','59','-8.99641','1167.02','220.513','0','0','0','100','0'),
('6593456','60','-12.6234','1171.73','221.021','0','0','0','100','0'),
('6593456','61','-15.8921','1177.92','221.344','0','0','0','100','0'),
('6593456','62','-17.5936','1184.41','221.386','0','0','0','100','0'),
('6593456','63','-14.5039','1190.24','220.77','0','0','0','100','0'),
('6593456','64','-9.07852','1188.9','219.878','0','0','0','100','0'),
('6593456','65','-2.43084','1186.71','218.385','0','0','0','100','0'),
('6593456','66','0.892995','1185.61','217.732','0','0','0','100','0'),
('6593456','67','7.37227','1183.63','217.374','0','0','0','100','0'),
('6593456','68','11.0078','1183.16','217.304','0','0','0','100','0'),
('6593456','69','5.4392','1187.38','217.397','0','0','0','100','0'),
('6593456','70','0.686896','1190.86','217.649','0','0','0','100','0'),
('6593456','71','-5.4963','1197.78','218.571','0','0','0','100','0'),
('6593456','72','-7.76451','1200.44','218.794','0','0','0','100','0'),
('6593456','73','-12.7988','1207.63','219.003','0','0','0','100','0'),
('6593456','74','-14.6516','1212.79','218.762','0','0','0','100','0'),
('6593456','75','-15.9605','1221.33','218.657','0','0','0','100','0'),
('6593456','76','-16.7405','1228.29','218.654','0','0','0','100','0'),
('6593456','77','-17.0595','1236.88','218.647','0','0','0','100','0'),
('6593456','78','-16.073','1243.98','218.643','0','0','0','100','0'),
('6593456','79','-14.1708','1250.71','218.735','0','0','0','100','0'),
('6593456','80','-11.9631','1257.35','218.937','0','0','0','100','0'),
('6593456','81','-8.88593','1262.88','218.923','0','0','0','100','0'),
('6593456','82','-4.53579','1268.35','220.053','0','0','0','100','0'),
('6593456','83','0.218585','1273.49','219.797','0','0','0','100','0'),
('6593456','84','4.67846','1278.5','219.646','0','0','0','100','0'),
('6593456','85','7.1305','1284.17','219.745','0','0','0','100','0'),
('6593456','86','5.2412','1289.18','219.843','0','0','0','100','0'),
('6593456','87','0.26906','1293.32','219.72','0','0','0','100','0'),
('6593456','88','-3.21603','1293.01','219.699','0','0','0','100','0'),
('6593456','89','-6.36235','1292.57','219.661','0','0','0','100','0'),
('6593456','90','-11.4661','1290.87','219.719','0','0','0','100','0'),
('6593456','91','-16.4692','1287.11','219.928','0','0','0','100','0'),
('6593456','92','-18.9754','1283.22','220.141','0','0','0','100','0'),
('6593456','93','-20.6421','1279.37','220.344','0','0','0','100','0'),
('6593456','94','-23.4396','1273.39','220.456','0','0','0','100','0'),
('6593456','95','-25.7595','1270.77','220.409','0','0','0','100','0'),
('6593456','96','-30.9497','1266.07','220.152','0','0','0','100','0'),
('6593456','97','-36.203','1261.45','219.734','0','0','0','100','0'),
('6593456','98','-38.8278','1259.13','219.468','0','0','0','100','0'),
('6593456','99','-44.018','1254.44','218.84','0','0','0','100','0'),
('6593456','100','-48.9524','1249.47','218.266','0','0','0','100','0'),
('6593456','101','-52.0465','1245.23','218.365','0','0','0','100','0'),
('6593456','102','-53.7836','1240.91','218.842','0','0','0','100','0'),
('6593456','103','-55.8123','1234.22','219.597','0','0','0','100','0'),
('6593456','104','-57.372','1227.4','220.271','0','0','0','100','0'),
('6593456','105','-58.8343','1220.55','220.709','0','0','0','100','0'),
('6593456','106','-59.5728','1217.13','220.808','0','0','0','100','0'),
('6593456','107','-61.2323','1211.07','220.807','0','0','0','100','0'),
('6593456','108','-64.3627','1204.82','220.602','0','0','0','100','0'),
('6593456','109','-66.9058','1199.57','220.291','0','0','0','100','0'),
('6593456','110','-69.5834','1191.61','219.441','0','0','0','100','0'),
('6593456','111','-70.1545','1188.16','219.033','0','0','0','100','0'),
('6593456','112','-70.906','1181.21','218.848','0','0','0','100','0'),
('6593456','113','-70.5916','1174.79','218.789','0','0','0','100','0'),
('6593456','114','-68.4851','1170.2','218.761','0','0','0','100','0'),
('6593456','115','-62.5863','1167.74','219.203','0','0','0','100','0'),
('6593456','116','-59.9061','1171.09','219.271','0','0','0','100','0'),
('6593456','117','-57.7459','1174.29','219.258','0','0','0','100','0'),
('6593456','118','-45.8866','1179.51','220.701','0','0','0','100','0');

-- Waypoint movement type guid 7288 (Golgarok) Loc 2
UPDATE `creature` SET `MovementType`='2', `spawndist`='0' WHERE `guid`='7288';

-- Set WP for creature guid 6593456 (Golgarok)
DELETE FROM `creature_addon` WHERE (`guid`=7288);
INSERT INTO `creature_addon` (`guid`, `path_id`, `mount`, `bytes1`, `bytes2`, `emote`, `auras`) VALUES 
(7288, '7288', 0, 0, 1, 0, '');

-- WP For (Golgarok)
DELETE FROM waypoint_data WHERE id='7288';
INSERT INTO `waypoint_data` (`id`, `point`, `position_x`, `position_y`, `position_z`, `delay`, `move_flag`, `action`, `action_chance`, `wpguid`) VALUES 
('7288','1','-213.854','836.844','216.175','0','0','0','100','0'),
('7288','2','-195.311','831.916','215.606','0','0','0','100','0'),
('7288','3','-188.752','830.789','215.543','0','0','0','100','0'),
('7288','4','-186.271','831.133','215.427','0','0','0','100','0'),
('7288','5','-170.99','835.538','214.213','0','0','0','100','0'),
('7288','6','-164.002','835.864','214.266','0','0','0','100','0'),
('7288','7','-149.933','836.694','214.408','0','0','0','100','0'),
('7288','8','-139.708','840.339','214.406','0','0','0','100','0'),
('7288','9','-126.821','845.81','214.358','0','0','0','100','0'),
('7288','10','-120.262','854.167','214.502','0','0','0','100','0'),
('7288','11','-117.154','867.804','215.533','0','0','0','100','0'),
('7288','12','-112.631','875.438','215.006','0','0','0','100','0'),
('7288','13','-102.692','877.914','214.957','0','0','0','100','0'),
('7288','14','-94.7583','872.841','216.338','0','0','0','100','0'),
('7288','15','-91.2765','862.291','218.368','0','0','0','100','0'),
('7288','16','-89.9337','851.556','219.877','0','0','0','100','0'),
('7288','17','-92.4131','842.22','219.081','0','0','0','100','0'),
('7288','18','-98.2232','829.491','218.617','0','0','0','100','0'),
('7288','19','-101.477','823.294','218.95','0','0','0','100','0'),
('7288','20','-108.005','810.912','217.741','0','0','0','100','0'),
('7288','21','-111.25','800.925','216.781','0','0','0','100','0'),
('7288','22','-111.772','789.597','216.587','0','0','0','100','0'),
('7288','23','-109.053','780.505','216.115','0','0','0','100','0'),
('7288','24','-105.082','774.742','216.236','0','0','0','100','0'),
('7288','25','-95.5724','764.635','217.832','0','0','0','100','0'),
('7288','26','-82.3614','760.006','219.406','0','0','0','100','0'),
('7288','27','-75.7765','757.631','220.753','0','0','0','100','0'),
('7288','28','-64.3925','755.289','222.894','0','0','0','100','0'),
('7288','29','-57.413','755.807','223.862','0','0','0','100','0'),
('7288','30','-41.1741','757.3','226.803','0','0','0','100','0'),
('7288','31','-34.1753','757.175','227.495','0','0','0','100','0'),
('7288','32','-21.5778','756.923','228.287','0','0','0','100','0'),
('7288','33','-9.94102','759.505','229.529','0','0','0','100','0'),
('7288','34','-3.88209','763.009','230.615','0','0','0','100','0'),
('7288','35','6.22743','765.702','232.316','0','0','0','100','0'),
('7288','36','13.5699','761.623','233.371','0','0','0','100','0'),
('7288','37','17.1424','753.451','235.85','0','0','0','100','0'),
('7288','38','13.6722','744.401','236.379','0','0','0','100','0'),
('7288','39','7.60101','738.485','235.766','0','0','0','100','0'),
('7288','40','-3.13924','733.028','232.341','0','0','0','100','0'),
('7288','41','-9.65255','730.47','230.787','0','0','0','100','0'),
('7288','42','-18.9271','726.672','228.187','0','0','0','100','0'),
('7288','43','-28.0025','718.495','227.291','0','0','0','100','0'),
('7288','44','-30.3912','711.822','227.153','0','0','0','100','0'),
('7288','45','-29.6761','704.2','226.446','0','0','0','100','0'),
('7288','46','-25.6899','690.782','225.121','0','0','0','100','0'),
('7288','47','-22.8318','683.952','225.276','0','0','0','100','0'),
('7288','48','-16.992','675.673','226.552','0','0','0','100','0'),
('7288','49','-9.02824','667.157','228.495','0','0','0','100','0'),
('7288','50','-7.96479','659.706','228.658','0','0','0','100','0'),
('7288','51','-10.1874','653.035','227.901','0','0','0','100','0'),
('7288','52','-17.4614','642.484','225.57','0','0','0','100','0'),
('7288','53','-21.564','638.005','225.556','0','0','0','100','0'),
('7288','54','-32.2407','628.951','224.379','0','0','0','100','0'),
('7288','55','-39.9798','621.241','225.026','0','0','0','100','0'),
('7288','56','-45.3964','614.24','225.288','0','0','0','100','0'),
('7288','57','-53.3503','608.579','224.271','0','0','0','100','0'),
('7288','58','-62.294','606.04','222.722','0','0','0','100','0'),
('7288','59','-69.2698','605.46','222.584','0','0','0','100','0'),
('7288','60','-83.2254','604.349','221.457','0','0','0','100','0'),
('7288','61','-93.7787','601.581','220.522','0','0','0','100','0'),
('7288','62','-101.254','597.541','220.084','0','0','0','100','0'),
('7288','63','-106.715','593.163','219.883','0','0','0','100','0'),
('7288','64','-118.787','584.381','220.048','0','0','0','100','0'),
('7288','65','-125.315','582.345','219.208','0','0','0','100','0'),
('7288','66','-132.598','582.333','218.16','0','0','0','100','0'),
('7288','67','-144.892','585.071','216.874','0','0','0','100','0'),
('7288','68','-151.457','587.497','216.605','0','0','0','100','0'),
('7288','69','-157.964','590.078','216.181','0','0','0','100','0'),
('7288','70','-173.295','597.069','215.803','0','0','0','100','0'),
('7288','71','-179.344','603.132','215.61','0','0','0','100','0'),
('7288','72','-183.105','609.032','215.945','0','0','0','100','0'),
('7288','73','-189','619.739','217.615','0','0','0','100','0'),
('7288','74','-190.595','629.765','217.859','0','0','0','100','0'),
('7288','75','-190.522','636.762','217.397','0','0','0','100','0'),
('7288','76','-189.252','648.969','217.535','0','0','0','100','0'),
('7288','77','-185.521','660.521','217.5','0','0','0','100','0'),
('7288','78','-184.908','666.183','217.647','0','0','0','100','0'),
('7288','79','-186.945','676.655','217.981','0','0','0','100','0'),
('7288','80','-192.918','685.285','218.216','0','0','0','100','0'),
('7288','81','-203.187','694.8','218.506','0','0','0','100','0'),
('7288','82','-207.822','699.663','218.811','0','0','0','100','0'),
('7288','83','-214.91','713.057','218.792','0','0','0','100','0'),
('7288','84','-207.237','722.616','218.713','0','0','0','100','0'),
('7288','85','-204.834','723.949','218.702','0','0','0','100','0'),
('7288','86','-190.286','728.606','217.852','0','0','0','100','0'),
('7288','87','-182.475','727.651','217.241','0','0','0','100','0'),
('7288','88','-171.17','724.678','216.91','0','0','0','100','0'),
('7288','89','-162.324','726.623','216.584','0','0','0','100','0'),
('7288','90','-155.023','732.163','215.836','0','0','0','100','0'),
('7288','91','-150.544','741.474','214.863','0','0','0','100','0'),
('7288','92','-149.023','747.021','215.358','0','0','0','100','0'),
('7288','93','-146.189','760.731','214.376','0','0','0','100','0'),
('7288','94','-144.712','767.573','214.48','0','0','0','100','0'),
('7288','95','-142.66','778.087','215.142','0','0','0','100','0'),
('7288','96','-142.981','788.528','215.419','0','0','0','100','0'),
('7288','97','-145.945','796.374','214.741','0','0','0','100','0'),
('7288','98','-153.387','805.843','214.09','0','0','0','100','0'),
('7288','99','-159.306','808.424','214.106','0','0','0','100','0'),
('7288','100','-173.002','811.326','214.717','0','0','0','100','0'),
('7288','101','-179.854','812.758','213.982','0','0','0','100','0'),
('7288','102','-193.575','815.535','214.457','0','0','0','100','0'),
('7288','103','-203.529','815.73','216.142','0','0','0','100','0'),
('7288','104','-210.311','814.039','217.102','0','0','0','100','0'),
('7288','105','-223.218','808.696','217.809','0','0','0','100','0'),
('7288','106','-231.409','804.801','218.942','0','0','0','100','0'),
('7288','107','-235.775','803.529','220.052','0','0','0','100','0'),
('7288','108','-249.979','803.928','222.234','0','0','0','100','0'),
('7288','109','-250.989','810.285','221.63','0','0','0','100','0'),
('7288','110','-248.061','816.643','220.829','0','0','0','100','0'),
('7288','111','-242.561','827.968','218.738','0','0','0','100','0'),
('7288','112','-238.605','833.737','217.884','0','0','0','100','0'),
('7288','113','-229.988','842.923','218.196','0','0','0','100','0'),
('7288','114','-225.643','842.296','218.156','0','0','0','100','0'),
('7288','115','-219.963','839.807','217.5','0','0','0','100','0');

-- Waypoint movement type guid 7289 (Golgarok) Loc 3
UPDATE `creature` SET `MovementType`='2', `spawndist`='0' WHERE `guid`='7289';

-- Set WP for creature guid 7289 (Golgarok)
DELETE FROM `creature_addon` WHERE (`guid`=7289);
INSERT INTO `creature_addon` (`guid`, `path_id`, `mount`, `bytes1`, `bytes2`, `emote`, `auras`) VALUES 
(7289, '7289', 0, 0, 1, 0, '');

-- WP For (Golgarok)
DELETE FROM waypoint_data WHERE id='7289';
INSERT INTO `waypoint_data` (`id`, `point`, `position_x`, `position_y`, `position_z`, `delay`, `move_flag`, `action`, `action_chance`, `wpguid`) VALUES 
('7289','1','219.497','1213.04','248.366','0','0','0','100','0'),
('7289','2','219.497','1213.04','248.366','0','0','0','100','0'),
('7289','3','207.838','1227.05','245.39','0','0','0','100','0'),
('7289','4','198.061','1231.05','243.886','0','0','0','100','0'),
('7289','5','184.327','1235.85','241.65','0','0','0','100','0'),
('7289','6','177.349','1236.39','240.746','0','0','0','100','0'),
('7289','7','157.903','1236.96','238.165','0','0','0','100','0'),
('7289','8','146.869','1241.18','237.168','0','0','0','100','0'),
('7289','9','142.364','1251.53','235.198','0','0','0','100','0'),
('7289','10','144.732','1261.87','234.157','0','0','0','100','0'),
('7289','11','146.76','1266.08','233.841','0','0','0','100','0'),
('7289','12','154.325','1280.8','232.979','0','0','0','100','0'),
('7289','13','154.383','1293.05','231.991','0','0','0','100','0'),
('7289','14','151.578','1304.91','230.591','0','0','0','100','0'),
('7289','15','146.763','1312.32','229.917','0','0','0','100','0'),
('7289','16','138.921','1315.83','229.308','0','0','0','100','0'),
('7289','17','127.652','1317.98','229.284','0','0','0','100','0'),
('7289','18','113.845','1320.3','229.641','0','0','0','100','0'),
('7289','19','104.836','1321.44','230.495','0','0','0','100','0'),
('7289','20','91.2279','1318.15','232.172','0','0','0','100','0'),
('7289','21','81.9054','1317.05','234.17','0','0','0','100','0'),
('7289','22','73.6231','1321.66','233.577','0','0','0','100','0'),
('7289','23','68.9796','1329.2','232.124','0','0','0','100','0'),
('7289','24','67.8283','1337.29','230.549','0','0','0','100','0'),
('7289','25','67.9601','1349.54','228.207','0','0','0','100','0'),
('7289','26','64.4673','1362.1','225.681','0','0','0','100','0'),
('7289','27','60.7345','1369.47','224.3','0','0','0','100','0'),
('7289','28','53.7307','1376.31','223.549','0','0','0','100','0'),
('7289','29','46.2541','1380.13','223.216','0','0','0','100','0'),
('7289','30','35.4657','1383.1','222.438','0','0','0','100','0'),
('7289','31','28.4857','1383.59','221.907','0','0','0','100','0'),
('7289','32','22.4127','1383.65','221.292','0','0','0','100','0'),
('7289','33','9.8601','1382.81','219.769','0','0','0','100','0'),
('7289','34','1.04667','1383.73','218.049','0','0','0','100','0'),
('7289','35','-6.68858','1387.22','216.993','0','0','0','100','0'),
('7289','36','-10.4008','1395.68','216.779','0','0','0','100','0'),
('7289','37','-8.86497','1404.16','216.401','0','0','0','100','0'),
('7289','38','-6.24593','1411.09','215.506','0','0','0','100','0'),
('7289','39','0.208488','1418.34','214.968','0','0','0','100','0'),
('7289','40','9.70023','1421.86','216.226','0','0','0','100','0'),
('7289','41','16.6931','1421.65','217.606','0','0','0','100','0'),
('7289','42','26.7334','1419.6','218.75','0','0','0','100','0'),
('7289','43','33.191','1416.91','219.44','0','0','0','100','0'),
('7289','44','46.3796','1412.27','220.81','0','0','0','100','0'),
('7289','45','55.5025','1410.49','220.715','0','0','0','100','0'),
('7289','46','62.486','1410.92','220.581','0','0','0','100','0'),
('7289','47','74.1329','1413.51','220.393','0','0','0','100','0'),
('7289','48','80.8218','1415.57','220.094','0','0','0','100','0'),
('7289','49','90.7079','1420.24','219.845','0','0','0','100','0'),
('7289','50','96.3618','1424.36','219.815','0','0','0','100','0'),
('7289','51','107.435','1432.93','219.537','0','0','0','100','0'),
('7289','52','115.891','1439.57','218.822','0','0','0','100','0'),
('7289','53','121.256','1445.98','218.455','0','0','0','100','0'),
('7289','54','125.657','1456.51','218.161','0','0','0','100','0'),
('7289','55','126.315','1461.35','218.031','0','0','0','100','0'),
('7289','56','124.9','1472.9','217.865','0','0','0','100','0'),
('7289','57','117.925','1484.89','217.641','0','0','0','100','0'),
('7289','58','112.144','1489.61','217.235','0','0','0','100','0'),
('7289','59','101.593','1495.56','216.525','0','0','0','100','0'),
('7289','60','100.997','1500.22','216.876','0','0','0','100','0'),
('7289','61','104.573','1506.28','217.68','0','0','0','100','0'),
('7289','62','117.409','1506.83','218.761','0','0','0','100','0'),
('7289','63','119.464','1505.31','218.938','0','0','0','100','0'),
('7289','64','126.723','1494.99','219.1','0','0','0','100','0'),
('7289','65','126.468','1487.99','218.535','0','0','0','100','0'),
('7289','66','126.124','1479.79','218.118','0','0','0','100','0'),
('7289','67','124.481','1465.91','217.908','0','0','0','100','0'),
('7289','68','124.263','1457.05','218.09','0','0','0','100','0'),
('7289','69','124.834','1450.08','218.37','0','0','0','100','0'),
('7289','70','125.903','1439.85','218.725','0','0','0','100','0'),
('7289','71','128.624','1426.12','219.281','0','0','0','100','0'),
('7289','72','131.302','1417.96','219.649','0','0','0','100','0'),
('7289','73','138.195','1410.21','219.868','0','0','0','100','0'),
('7289','74','143.2','1407.24','219.659','0','0','0','100','0'),
('7289','75','155.962','1401.49','218.86','0','0','0','100','0'),
('7289','76','162.383','1398.7','218.866','0','0','0','100','0'),
('7289','77','175.224','1393.13','219.534','0','0','0','100','0'),
('7289','78','181.644','1390.34','219.586','0','0','0','100','0'),
('7289','79','194.488','1384.76','220.204','0','0','0','100','0'),
('7289','80','200.845','1381.84','221.34','0','0','0','100','0'),
('7289','81','210.289','1376.74','222.482','0','0','0','100','0'),
('7289','82','217.442','1370.78','222.836','0','0','0','100','0'),
('7289','83','222.153','1365.61','223.31','0','0','0','100','0'),
('7289','84','230.736','1354.55','225.672','0','0','0','100','0'),
('7289','85','236.139','1344.61','227.961','0','0','0','100','0'),
('7289','86','236.593','1337.62','229.631','0','0','0','100','0'),
('7289','87','236.973','1330.91','230.715','0','0','0','100','0'),
('7289','88','235.566','1316.99','232.943','0','0','0','100','0'),
('7289','89','232.863','1305.66','234.963','0','0','0','100','0'),
('7289','90','229.973','1299.29','235.721','0','0','0','100','0'),
('7289','91','225.411','1292.58','236.502','0','0','0','100','0'),
('7289','92','215.426','1284.41','237.159','0','0','0','100','0'),
('7289','93','209.005','1281.63','237.058','0','0','0','100','0'),
('7289','94','201.194','1278.9','236.695','0','0','0','100','0'),
('7289','95','189.344','1278.48','235.688','0','0','0','100','0'),
('7289','96','182.482','1279.85','234.979','0','0','0','100','0'),
('7289','97','172.052','1283.57','233.68','0','0','0','100','0'),
('7289','98','164.102','1290.04','232.946','0','0','0','100','0'),
('7289','99','158.847','1295.99','231.911','0','0','0','100','0'),
('7289','100','155.228','1302.12','230.957','0','0','0','100','0'),
('7289','101','151.895','1313.21','229.655','0','0','0','100','0'),
('7289','102','153.984','1327.05','227.605','0','0','0','100','0'),
('7289','103','154.333','1334.04','226.705','0','0','0','100','0'),
('7289','104','154.507','1341.04','225.741','0','0','0','100','0'),
('7289','105','156.196','1355.93','223.789','0','0','0','100','0'),
('7289','106','157.275','1358.93','223.43','0','0','0','100','0'),
('7289','107','165.108','1369.67','222.04','0','0','0','100','0'),
('7289','108','173.404','1372.67','221.686','0','0','0','100','0'),
('7289','109','182.217','1374.46','221.341','0','0','0','100','0'),
('7289','110','192.051','1374.69','221.425','0','0','0','100','0'),
('7289','111','195.376','1374.05','221.741','0','0','0','100','0'),
('7289','112','208.473','1369.12','222.893','0','0','0','100','0'),
('7289','113','214.87','1366.28','223.133','0','0','0','100','0'),
('7289','114','224.381','1360.23','223.992','0','0','0','100','0'),
('7289','115','231.752','1352.87','226.075','0','0','0','100','0'),
('7289','116','235.173','1346.76','227.465','0','0','0','100','0'),
('7289','117','237.773','1340.54','229.034','0','0','0','100','0'),
('7289','118','240.125','1326.74','231.242','0','0','0','100','0'),
('7289','119','240.919','1319.79','232.821','0','0','0','100','0'),
('7289','120','243.532','1306.78','236.066','0','0','0','100','0'),
('7289','121','245.423','1300.04','236.719','0','0','0','100','0'),
('7289','122','249.456','1289.67','238.677','0','0','0','100','0'),
('7289','123','254.431','1284.11','239.631','0','0','0','100','0'),
('7289','124','259.798','1279.62','241.46','0','0','0','100','0'),
('7289','125','265.249','1275.23','243.849','0','0','0','100','0'),
('7289','126','274.785','1269.98','246.282','0','0','0','100','0'),
('7289','127','281.782','1269.8','247.337','0','0','0','100','0'),
('7289','128','295.705','1268.51','250.262','0','0','0','100','0'),
('7289','129','302.622','1267.44','250.495','0','0','0','100','0'),
('7289','130','314.622','1265.77','251.584','0','0','0','100','0'),
('7289','131','321.621','1265.73','252.797','0','0','0','100','0'),
('7289','132','331.128','1265.38','255.004','0','0','0','100','0'),
('7289','133','338.963','1263.2','255.802','0','0','0','100','0'),
('7289','134','345.087','1257.21','256.307','0','0','0','100','0'),
('7289','135','347.744','1247.2','257.725','0','0','0','100','0'),
('7289','136','345.211','1238.79','258.201','0','0','0','100','0'),
('7289','137','339.447','1231.45','258.346','0','0','0','100','0'),
('7289','138','334.653','1226.36','258.472','0','0','0','100','0'),
('7289','139','325.328','1215.34','259.738','0','0','0','100','0'),
('7289','140','324.878','1208.35','259.987','0','0','0','100','0'),
('7289','141','323.88','1196.99','261.562','0','0','0','100','0'),
('7289','142','322.382','1192.09','261.991','0','0','0','100','0'),
('7289','143','317.707','1181.67','264.088','0','0','0','100','0'),
('7289','144','312.001','1175.21','264.342','0','0','0','100','0'),
('7289','145','306.459','1170.93','264.587','0','0','0','100','0'),
('7289','146','297.84','1165.31','265.413','0','0','0','100','0'),
('7289','147','290.889','1162.76','266.548','0','0','0','100','0'),
('7289','148','284.219','1161.78','266.505','0','0','0','100','0'),
('7289','149','274.703','1162.54','265.084','0','0','0','100','0'),
('7289','150','267.198','1165.37','263.357','0','0','0','100','0'),
('7289','151','261.42','1169.32','259.245','0','0','0','100','0'),
('7289','152','251.409','1177.35','256.447','0','0','0','100','0'),
('7289','153','246.474','1182.31','255.337','0','0','0','100','0'),
('7289','154','241.623','1187.36','254.976','0','0','0','100','0'),
('7289','155','232.039','1197.56','251.858','0','0','0','100','0'),
('7289','156','224.325','1205.8','249.862','0','0','0','100','0');

-- Waypoint movement type guid 6592940 (Xariona) Loc 3
UPDATE `creature` SET `MovementType`='2', `spawndist`='0' WHERE `guid`='6592940';

-- Set WP for creature guid 6592940 (Xariona)
DELETE FROM `creature_addon` WHERE (`guid`=6592940);
INSERT INTO `creature_addon` (`guid`, `path_id`, `mount`, `bytes1`, `bytes2`, `emote`, `auras`) VALUES 
(6592940, '6592940', 0, 0, 1, 0, '');

-- WP For (Xariona)
DELETE FROM waypoint_data WHERE id='6592940';
INSERT INTO `waypoint_data` (`id`, `point`, `position_x`, `position_y`, `position_z`, `delay`, `move_flag`, `action`, `action_chance`, `wpguid`) VALUES 
('6592940','1','622.049','739.236','439.117','0','0','0','100','0'),
('6592940','2','623.541','746.206','442.649','0','0','0','100','0'),
('6592940','3','626.835','753.338','449.452','0','0','0','100','0'),
('6592940','4','632.11','761.861','451.169','0','0','0','100','0'),
('6592940','5','637.991','770.547','451.499','0','0','0','100','0'),
('6592940','6','646.055','781.97','452.195','0','0','0','100','0'),
('6592940','7','651.984','790.305','453.464','0','0','0','100','0'),
('6592940','8','662.581','803.936','457.859','0','0','0','100','0'),
('6592940','9','667.026','809.341','457.731','0','0','0','100','0'),
('6592940','10','673.954','817.229','457.538','0','0','0','100','0'),
('6592940','11','685.5','830.375','457.196','0','0','0','100','0'),
('6592940','12','690.36','835.403','456.95','0','0','0','100','0'),
('6592940','13','695.481','840.167','456.675','0','0','0','100','0'),
('6592940','14','703.418','847.027','456.269','0','0','0','100','0'),
('6592940','15','713.717','856.504','455.902','0','0','0','100','0'),
('6592940','16','727.095','867.738','455.154','0','0','0','100','0'),
('6592940','17','735.293','874.094','453.563','0','0','0','100','0'),
('6592940','18','743.455','880.306','451.327','0','0','0','100','0'),
('6592940','19','748.9','884.377','449.657','0','0','0','100','0'),
('6592940','20','759.797','892.501','446.306','0','0','0','100','0'),
('6592940','21','765.369','896.424','444.709','0','0','0','100','0'),
('6592940','22','771.077','900.305','443.56','0','0','0','100','0'),
('6592940','23','776.813','904.279','443.026','0','0','0','100','0'),
('6592940','24','782.417','908.464','443.041','0','0','0','100','0'),
('6592940','25','787.979','912.691','443.497','0','0','0','100','0'),
('6592940','26','796.367','918.893','444.574','0','0','0','100','0'),
('6592940','27','802.091','922.69','445.917','0','0','0','100','0'),
('6592940','28','807.958','926.261','447.258','0','0','0','100','0'),
('6592940','29','817.01','931.304','448.951','0','0','0','100','0'),
('6592940','30','823.106','934.67','449.648','0','0','0','100','0'),
('6592940','31','829.23','938.052','449.897','0','0','0','100','0'),
('6592940','32','838.493','942.957','449.49','0','0','0','100','0'),
('6592940','33','844.884','945.783','449.213','0','0','0','100','0'),
('6592940','34','851.469','948.152','449.32','0','0','0','100','0'),
('6592940','35','861.398','951.55','449.672','0','0','0','100','0'),
('6592940','36','868.046','953.721','449.929','0','0','0','100','0'),
('6592940','37','877.953','956.603','450.165','0','0','0','100','0'),
('6592940','38','884.691','958.192','449.162','0','0','0','100','0'),
('6592940','39','891.367','959.75','447.761','0','0','0','100','0'),
('6592940','40','901.232','962.138','445.077','0','0','0','100','0'),
('6592940','41','904.482','962.916','444.039','0','0','0','100','0'),
('6592940','42','914.177','965.204','440.72','0','0','0','100','0'),
('6592940','43','917.407','965.95','439.597','0','0','0','100','0'),
('6592940','44','924.044','967.202','437.771','0','0','0','100','0'),
('6592940','45','930.857','968.289','436.609','0','0','0','100','0'),
('6592940','46','937.778','969.183','436.12','0','0','0','100','0'),
('6592940','47','944.712','970.136','436.09','0','0','0','100','0'),
('6592940','48','951.647','971.084','436.139','0','0','0','100','0'),
('6592940','49','955.118','971.525','436.224','0','0','0','100','0'),
('6592940','50','962.071','972.308','436.425','0','0','0','100','0'),
('6592940','51','969.025','973.086','436.634','0','0','0','100','0'),
('6592940','52','975.979','973.595','437.234','0','0','0','100','0'),
('6592940','53','982.925','973.972','438.009','0','0','0','100','0'),
('6592940','54','989.878','974.073','438.814','0','0','0','100','0'),
('6592940','55','996.831','974.167','439.617','0','0','0','100','0'),
('6592940','56','1000.31','974.201','440','0','0','0','100','0'),
('6592940','57','1007.28','974.269','440.65','0','0','0','100','0'),
('6592940','58','1014.25','974.337','441.272','0','0','0','100','0'),
('6592940','59','1027.64','974.318','442.444','0','0','0','100','0'),
('6592940','60','1031.12','974.091','442.675','0','0','0','100','0'),
('6592940','61','1041.55','972.956','442.327','0','0','0','100','0'),
('6592940','62','1045.02','972.593','442.064','0','0','0','100','0'),
('6592940','63','1055.43','971.505','441.212','0','0','0','100','0'),
('6592940','64','1058.89','971.152','440.859','0','0','0','100','0'),
('6592940','65','1065.81','970.472','440.003','0','0','0','100','0'),
('6592940','66','1069.26','970.138','439.537','0','0','0','100','0'),
('6592940','67','1076.17','969.414','438.724','0','0','0','100','0'),
('6592940','68','1083.12','968.578','438.577','0','0','0','100','0'),
('6592940','69','1086.59','968.156','438.663','0','0','0','100','0'),
('6592940','70','1093.51','967.214','439.177','0','0','0','100','0'),
('6592940','71','1100.42','966.244','439.744','0','0','0','100','0'),
('6592940','72','1103.84','965.627','440.122','0','0','0','100','0'),
('6592940','73','1110.67','964.358','440.992','0','0','0','100','0'),
('6592940','74','1117.51','963.177','441.906','0','0','0','100','0'),
('6592940','75','1124.35','961.997','442.819','0','0','0','100','0'),
('6592940','76','1134.61','960.193','444.088','0','0','0','100','0'),
('6592940','77','1138.04','959.511','444.329','0','0','0','100','0'),
('6592940','78','1144.88','958.035','444.262','0','0','0','100','0'),
('6592940','79','1154.99','955.558','442.986','0','0','0','100','0'),
('6592940','80','1160.83','954.119','442.259','0','0','0','100','0'),
('6592940','81','1167.6','952.387','442.614','0','0','0','100','0'),
('6592940','82','1170.93','951.463','443.134','0','0','0','100','0'),
('6592940','83','1174.22','950.548','443.895','0','0','0','100','0'),
('6592940','84','1180.72','948.634','445.672','0','0','0','100','0'),
('6592940','85','1187.16','946.588','447.475','0','0','0','100','0'),
('6592940','86','1190.34','945.403','448.328','0','0','0','100','0'),
('6592940','87','1199.9','941.482','450.195','0','0','0','100','0'),
('6592940','88','1206.35','938.943','451.18','0','0','0','100','0'),
('6592940','89','1212.81','936.398','452.06','0','0','0','100','0'),
('6592940','90','1219.26','933.762','452.756','0','0','0','100','0'),
('6592940','91','1225.61','930.88','453.331','0','0','0','100','0'),
('6592940','92','1231.87','927.796','453.826','0','0','0','100','0'),
('6592940','93','1235.01','926.257','454.073','0','0','0','100','0'),
('6592940','94','1241.25','923.136','454.591','0','0','0','100','0'),
('6592940','95','1247.24','919.581','455.243','0','0','0','100','0'),
('6592940','96','1253.36','916.261','455.938','0','0','0','100','0'),
('6592940','97','1259.48','912.922','456.607','0','0','0','100','0'),
('6592940','98','1265.53','909.432','457.024','0','0','0','100','0'),
('6592940','99','1271.58','905.933','457.427','0','0','0','100','0'),
('6592940','100','1280.64','900.648','457.983','0','0','0','100','0'),
('6592940','101','1286.39','896.668','457.916','0','0','0','100','0'),
('6592940','102','1291.88','892.336','457.546','0','0','0','100','0'),
('6592940','103','1299.7','885.399','456.556','0','0','0','100','0'),
('6592940','104','1304.79','880.673','455.719','0','0','0','100','0'),
('6592940','105','1309.84','875.913','454.788','0','0','0','100','0'),
('6592940','106','1320.36','866.854','453.188','0','0','0','100','0'),
('6592940','107','1326.04','862.754','453.137','0','0','0','100','0'),
('6592940','108','1331.7','858.652','453.326','0','0','0','100','0'),
('6592940','109','1337.35','854.522','453.561','0','0','0','100','0'),
('6592940','110','1342.75','850.077','453.818','0','0','0','100','0'),
('6592940','111','1348.15','845.628','454.074','0','0','0','100','0'),
('6592940','112','1350.84','843.388','454.174','0','0','0','100','0'),
('6592940','113','1358.53','836.26','453.775','0','0','0','100','0'),
('6592940','114','1363.66','831.538','453.106','0','0','0','100','0'),
('6592940','115','1368.58','826.694','451.978','0','0','0','100','0'),
('6592940','116','1373.35','821.774','450.565','0','0','0','100','0'),
('6592940','117','1375.71','819.311','449.776','0','0','0','100','0'),
('6592940','118','1382.79','811.94','447.354','0','0','0','100','0'),
('6592940','119','1385.14','809.497','446.502','0','0','0','100','0'),
('6592940','120','1389.86','804.612','444.796','0','0','0','100','0'),
('6592940','121','1394.6','799.716','443.204','0','0','0','100','0'),
('6592940','122','1401.68','792.072','442.018','0','0','0','100','0'),
('6592940','123','1403.89','789.362','441.961','0','0','0','100','0'),
('6592940','124','1408.27','783.907','442.163','0','0','0','100','0'),
('6592940','125','1412.39','778.262','442.584','0','0','0','100','0'),
('6592940','126','1418.45','769.705','443.033','0','0','0','100','0'),
('6592940','127','1422.35','763.892','443.033','0','0','0','100','0'),
('6592940','128','1426.25','758.079','443.033','0','0','0','100','0'),
('6592940','129','1430.07','752.212','442.99','0','0','0','100','0'),
('6592940','130','1433.75','746.261','442.875','0','0','0','100','0'),
('6592940','131','1437.17','740.17','442.481','0','0','0','100','0'),
('6592940','132','1440.4','733.996','441.807','0','0','0','100','0'),
('6592940','133','1444.73','724.509','440.65','0','0','0','100','0'),
('6592940','134','1447.22','717.999','440.035','0','0','0','100','0'),
('6592940','135','1450.06','711.602','439.878','0','0','0','100','0'),
('6592940','136','1453.12','705.31','439.998','0','0','0','100','0'),
('6592940','137','1456.23','699.051','440.39','0','0','0','100','0'),
('6592940','138','1459.31','692.787','440.902','0','0','0','100','0'),
('6592940','139','1462.08','686.377','441.379','0','0','0','100','0'),
('6592940','140','1463.36','683.125','441.58','0','0','0','100','0'),
('6592940','141','1465.82','676.581','441.864','0','0','0','100','0'),
('6592940','142','1468.1','669.962','441.988','0','0','0','100','0'),
('6592940','143','1470.25','663.303','441.976','0','0','0','100','0'),
('6592940','144','1472.22','656.588','441.739','0','0','0','100','0'),
('6592940','145','1473.93','649.809','441.414','0','0','0','100','0'),
('6592940','146','1475.52','643.006','441.02','0','0','0','100','0'),
('6592940','147','1476.76','636.146','440.372','0','0','0','100','0'),
('6592940','148','1478.06','629.318','439.541','0','0','0','100','0'),
('6592940','149','1479.38','622.512','438.581','0','0','0','100','0'),
('6592940','150','1480.63','615.708','437.522','0','0','0','100','0'),
('6592940','151','1481.52','608.855','436.412','0','0','0','100','0'),
('6592940','152','1482.34','601.97','435.478','0','0','0','100','0'),
('6592940','153','1482.9','598.533','435.114','0','0','0','100','0'),
('6592940','154','1484.34','591.7','434.658','0','0','0','100','0'),
('6592940','155','1485.88','584.875','434.556','0','0','0','100','0'),
('6592940','156','1486.87','577.954','434.745','0','0','0','100','0'),
('6592940','157','1487.4','567.475','435.114','0','0','0','100','0'),
('6592940','158','1487.64','560.484','435.365','0','0','0','100','0'),
('6592940','159','1487.45','553.551','436.26','0','0','0','100','0'),
('6592940','160','1487.12','546.005','438.539','0','0','0','100','0'),
('6592940','161','1486.71','539.697','441.541','0','0','0','100','0'),
('6592940','162','1486.48','536.612','443.178','0','0','0','100','0'),
('6592940','163','1485.9','530.656','446.803','0','0','0','100','0'),
('6592940','164','1485.2','524.809','450.584','0','0','0','100','0'),
('6592940','165','1484.41','518.479','453.442','0','0','0','100','0'),
('6592940','166','1483.56','511.793','455.316','0','0','0','100','0'),
('6592940','167','1482.52','501.46','456.834','0','0','0','100','0'),
('6592940','168','1482.11','494.478','457.08','0','0','0','100','0'),
('6592940','169','1481.43','485.192','456.562','0','0','0','100','0'),
('6592940','170','1480.98','478.324','455.297','0','0','0','100','0'),
('6592940','171','1480.4','471.561','453.593','0','0','0','100','0'),
('6592940','172','1479.72','464.866','451.667','0','0','0','100','0'),
('6592940','173','1479.02','458.18','449.714','0','0','0','100','0'),
('6592940','174','1477.89','448.146','446.834','0','0','0','100','0'),
('6592940','175','1477.45','444.79','445.946','0','0','0','100','0'),
('6592940','176','1476.19','434.687','443.38','0','0','0','100','0'),
('6592940','177','1475.35','427.95','441.675','0','0','0','100','0'),
('6592940','178','1474.51','421.213','439.97','0','0','0','100','0'),
('6592940','179','1473.25','411.107','437.412','0','0','0','100','0'),
('6592940','180','1472.82','407.723','436.634','0','0','0','100','0'),
('6592940','181','1471.91','400.896','435.39','0','0','0','100','0'),
('6592940','182','1470.88','394.026','434.551','0','0','0','100','0'),
('6592940','183','1469.08','387.279','434.497','0','0','0','100','0'),
('6592940','184','1466.81','380.675','434.976','0','0','0','100','0'),
('6592940','185','1463.4','370.844','436.364','0','0','0','100','0'),
('6592940','186','1462.21','367.569','436.702','0','0','0','100','0'),
('6592940','187','1457.46','354.456','437.918','0','0','0','100','0'),
('6592940','188','1455.09','347.899','438.522','0','0','0','100','0'),
('6592940','189','1451.16','338.19','439.102','0','0','0','100','0'),
('6592940','190','1448.12','331.887','439.231','0','0','0','100','0'),
('6592940','191','1444.93','325.658','439.359','0','0','0','100','0'),
('6592940','192','1441.24','319.717','439.512','0','0','0','100','0'),
('6592940','193','1435.46','310.955','439.765','0','0','0','100','0'),
('6592940','194','1431.52','305.177','440.035','0','0','0','100','0'),
('6592940','195','1427.46','299.482','440.379','0','0','0','100','0'),
('6592940','196','1423.36','293.809','440.499','0','0','0','100','0'),
('6592940','197','1419.26','288.138','440.572','0','0','0','100','0'),
('6592940','198','1415.16','282.467','440.646','0','0','0','100','0'),
('6592940','199','1411.05','276.797','440.719','0','0','0','100','0'),
('6592940','200','1406.95','271.126','440.792','0','0','0','100','0'),
('6592940','201','1402.75','265.533','440.872','0','0','0','100','0'),
('6592940','202','1398.16','260.255','441.168','0','0','0','100','0'),
('6592940','203','1395.93','257.562','441.358','0','0','0','100','0'),
('6592940','204','1391.62','252.061','441.782','0','0','0','100','0'),
('6592940','205','1385.18','243.792','442.425','0','0','0','100','0'),
('6592940','206','1380.89','238.278','442.81','0','0','0','100','0'),
('6592940','207','1376.46','232.866','443.045','0','0','0','100','0'),
('6592940','208','1369.16','225.322','443.129','0','0','0','100','0'),
('6592940','209','1364.22','220.369','443.328','0','0','0','100','0'),
('6592940','210','1359.24','215.459','443.566','0','0','0','100','0'),
('6592940','211','1354.07','210.745','443.804','0','0','0','100','0'),
('6592940','212','1346.29','203.698','444.162','0','0','0','100','0'),
('6592940','213','1341.06','199.048','444.4','0','0','0','100','0'),
('6592940','214','1333.01','192.329','444.744','0','0','0','100','0'),
('6592940','215','1327.95','187.509','445.096','0','0','0','100','0'),
('6592940','216','1322.87','182.836','446.234','0','0','0','100','0'),
('6592940','217','1317.67','178.381','447.707','0','0','0','100','0'),
('6592940','218','1312.44','174.049','449.395','0','0','0','100','0'),
('6592940','219','1307.05','169.894','451.036','0','0','0','100','0'),
('6592940','220','1301.51','165.794','452.224','0','0','0','100','0'),
('6592940','221','1295.88','161.72','453.062','0','0','0','100','0'),
('6592940','222','1287.37','155.602','453.729','0','0','0','100','0'),
('6592940','223','1281.65','151.568','453.655','0','0','0','100','0'),
('6592940','224','1278.74','149.632','453.49','0','0','0','100','0'),
('6592940','225','1269.97','143.909','452.761','0','0','0','100','0'),
('6592940','226','1264.14','140.126','451.957','0','0','0','100','0'),
('6592940','227','1258.31','136.344','451.134','0','0','0','100','0'),
('6592940','228','1252.46','132.602','450.239','0','0','0','100','0'),
('6592940','229','1246.5','129.085','449.184','0','0','0','100','0'),
('6592940','230','1240.53','125.598','448.066','0','0','0','100','0'),
('6592940','231','1234.66','121.983','446.899','0','0','0','100','0'),
('6592940','232','1228.76','118.389','445.731','0','0','0','100','0'),
('6592940','233','1222.87','114.786','444.583','0','0','0','100','0'),
('6592940','234','1216.99','111.108','443.654','0','0','0','100','0'),
('6592940','235','1211.06','107.484','442.797','0','0','0','100','0'),
('6592940','236','1208','105.818','442.466','0','0','0','100','0'),
('6592940','237','1198.62','101.164','441.803','0','0','0','100','0'),
('6592940','238','1195.37','99.876','441.699','0','0','0','100','0'),
('6592940','239','1188.81','97.4203','441.579','0','0','0','100','0'),
('6592940','240','1182.17','95.2084','441.558','0','0','0','100','0'),
('6592940','241','1175.44','93.3185','441.465','0','0','0','100','0'),
('6592940','242','1168.66','91.5942','441.209','0','0','0','100','0'),
('6592940','243','1161.88','90.069','440.347','0','0','0','100','0'),
('6592940','244','1155.16','88.6585','438.979','0','0','0','100','0'),
('6592940','245','1148.49','87.2618','437.417','0','0','0','100','0'),
('6592940','246','1141.83','85.9854','435.672','0','0','0','100','0'),
('6592940','247','1138.51','85.3859','434.74','0','0','0','100','0'),
('6592940','248','1131.83','84.2376','432.985','0','0','0','100','0'),
('6592940','249','1125.03','83.1662','431.727','0','0','0','100','0'),
('6592940','250','1118.15','82.1286','430.994','0','0','0','100','0'),
('6592940','251','1111.23','81.1249','430.645','0','0','0','100','0'),
('6592940','252','1107.77','80.6251','430.588','0','0','0','100','0'),
('6592940','253','1100.84','79.6255','430.539','0','0','0','100','0'),
('6592940','254','1093.91','78.6258','430.601','0','0','0','100','0'),
('6592940','255','1086.98','77.6449','430.737','0','0','0','100','0'),
('6592940','256','1080.05','76.6727','430.902','0','0','0','100','0'),
('6592940','257','1073.11','75.7658','431.094','0','0','0','100','0'),
('6592940','258','1066.16','74.9834','431.349','0','0','0','100','0'),
('6592940','259','1059.2','74.3596','431.606','0','0','0','100','0'),
('6592940','260','1052.21','74.1519','431.87','0','0','0','100','0'),
('6592940','261','1045.22','74.0593','432.355','0','0','0','100','0'),
('6592940','262','1034.77','74.509','433.257','0','0','0','100','0'),
('6592940','263','1027.81','74.8241','433.861','0','0','0','100','0'),
('6592940','264','1020.84','75.3428','434.379','0','0','0','100','0'),
('6592940','265','1013.88','75.9326','434.728','0','0','0','100','0'),
('6592940','266','1006.91','76.5224','435.076','0','0','0','100','0'),
('6592940','267','996.454','77.3093','435.581','0','0','0','100','0'),
('6592940','268','989.473','77.7075','435.911','0','0','0','100','0'),
('6592940','269','982.491','78.1076','436.22','0','0','0','100','0'),
('6592940','270','975.521','78.7053','436.137','0','0','0','100','0'),
('6592940','271','972.052','79.0854','435.877','0','0','0','100','0'),
('6592940','272','965.135','79.9497','435.251','0','0','0','100','0'),
('6592940','273','961.706','80.5252','434.849','0','0','0','100','0'),
('6592940','274','954.814','81.6549','434.446','0','0','0','100','0'),
('6592940','275','951.338','82.0551','434.486','0','0','0','100','0'),
('6592940','276','944.384','82.6846','434.938','0','0','0','100','0'),
('6592940','277','937.456','83.2148','435.785','0','0','0','100','0'),
('6592940','278','934.013','83.5597','436.303','0','0','0','100','0'),
('6592940','279','927.191','84.7145','437.361','0','0','0','100','0'),
('6592940','280','920.432','86.302','438.227','0','0','0','100','0'),
('6592940','281','913.705','88.1073','438.917','0','0','0','100','0'),
('6592940','282','910.326','88.9241','439.318','0','0','0','100','0'),
('6592940','283','903.622','90.7097','440.247','0','0','0','100','0'),
('6592940','284','897.022','92.9155','441','0','0','0','100','0'),
('6592940','285','890.439','95.2049','441.647','0','0','0','100','0'),
('6592940','286','883.805','97.3204','442.364','0','0','0','100','0'),
('6592940','287','880.513','98.4182','442.815','0','0','0','100','0'),
('6592940','288','877.221','99.5007','443.304','0','0','0','100','0'),
('6592940','289','870.783','102.021','444.391','0','0','0','100','0'),
('6592940','290','867.599','103.369','444.93','0','0','0','100','0'),
('6592940','291','861.251','106.116','446.007','0','0','0','100','0'),
('6592940','292','854.887','108.826','447.084','0','0','0','100','0'),
('6592940','293','848.59','111.706','448.084','0','0','0','100','0'),
('6592940','294','845.492','113.277','448.513','0','0','0','100','0'),
('6592940','295','839.296','116.419','449.372','0','0','0','100','0'),
('6592940','296','833.121','119.604','450.225','0','0','0','100','0'),
('6592940','297','826.987','122.862','451.091','0','0','0','100','0'),
('6592940','298','820.77','125.93','452.057','0','0','0','100','0'),
('6592940','299','814.841','128.999','452.908','0','0','0','100','0'),
('6592940','300','808.949','132.757','453.306','0','0','0','100','0'),
('6592940','301','803.014','136.446','453.709','0','0','0','100','0'),
('6592940','302','796.995','139.994','454.13','0','0','0','100','0'),
('6592940','303','791.069','143.672','454.708','0','0','0','100','0'),
('6592940','304','785.317','147.621','455.278','0','0','0','100','0'),
('6592940','305','779.697','151.759','455.764','0','0','0','100','0'),
('6592940','306','774.35','156.27','455.982','0','0','0','100','0'),
('6592940','307','771.72','158.579','455.991','0','0','0','100','0'),
('6592940','308','764.105','165.803','455.801','0','0','0','100','0'),
('6592940','309','761.592','168.233','455.639','0','0','0','100','0'),
('6592940','310','756.486','172.988','455.081','0','0','0','100','0'),
('6592940','311','751.633','177.349','454.75','0','0','0','100','0'),
('6592940','312','746.398','181.946','455.373','0','0','0','100','0'),
('6592940','313','743.777','184.195','455.944','0','0','0','100','0'),
('6592940','314','738.585','188.632','457.454','0','0','0','100','0'),
('6592940','315','736.066','190.875','458.39','0','0','0','100','0'),
('6592940','316','731.107','195.457','460.235','0','0','0','100','0'),
('6592940','317','726.388','200.173','461.347','0','0','0','100','0'),
('6592940','318','721.519','205.184','461.693','0','0','0','100','0'),
('6592940','319','714.292','212.79','461.449','0','0','0','100','0'),
('6592940','320','711.893','215.315','461.106','0','0','0','100','0'),
('6592940','321','707.139','220.334','460.011','0','0','0','100','0'),
('6592940','322','702.445','225.307','458.52','0','0','0','100','0'),
('6592940','323','700.191','227.828','457.62','0','0','0','100','0'),
('6592940','324','693.435','235.387','454.887','0','0','0','100','0'),
('6592940','325','688.92','240.408','453.04','0','0','0','100','0'),
('6592940','326','684.406','245.429','451.193','0','0','0','100','0'),
('6592940','327','680.034','250.585','449.389','0','0','0','100','0'),
('6592940','328','675.931','256.042','447.845','0','0','0','100','0'),
('6592940','329','671.682','261.453','446.563','0','0','0','100','0'),
('6592940','330','667.287','266.809','445.561','0','0','0','100','0'),
('6592940','331','660.557','274.766','444.29','0','0','0','100','0'),
('6592940','332','656.256','280.21','443.386','0','0','0','100','0'),
('6592940','333','654.182','282.98','442.866','0','0','0','100','0'),
('6592940','334','649.727','288.287','441.901','0','0','0','100','0'),
('6592940','335','642.86','296.149','440.812','0','0','0','100','0'),
('6592940','336','640.741','298.915','440.482','0','0','0','100','0'),
('6592940','337','635.368','307.802','439.195','0','0','0','100','0'),
('6592940','338','633.987','310.976','438.677','0','0','0','100','0'),
('6592940','339','631.274','317.401','438.087','0','0','0','100','0'),
('6592940','340','628.456','323.806','437.979','0','0','0','100','0'),
('6592940','341','625.439','330.116','438.174','0','0','0','100','0'),
('6592940','342','622.1','336.253','438.611','0','0','0','100','0'),
('6592940','343','620.544','339.384','438.761','0','0','0','100','0'),
('6592940','344','617.503','345.686','438.963','0','0','0','100','0'),
('6592940','345','614.462','351.988','439.164','0','0','0','100','0'),
('6592940','346','612.942','355.139','439.265','0','0','0','100','0'),
('6592940','347','609.992','361.484','439.268','0','0','0','100','0'),
('6592940','348','607.204','367.89','438.84','0','0','0','100','0'),
('6592940','349','604.583','374.32','437.962','0','0','0','100','0'),
('6592940','350','601.981','380.755','437.078','0','0','0','100','0'),
('6592940','351','599.226','387.18','436.882','0','0','0','100','0'),
('6592940','352','597.865','390.392','437.167','0','0','0','100','0'),
('6592940','353','595.269','396.784','438.276','0','0','0','100','0'),
('6592940','354','592.828','402.997','440.374','0','0','0','100','0'),
('6592940','355','590.226','409.033','442.776','0','0','0','100','0'),
('6592940','356','587.588','414.974','445.37','0','0','0','100','0'),
('6592940','357','586.322','417.9','446.815','0','0','0','100','0'),
('6592940','358','584.19','423.822','449.869','0','0','0','100','0'),
('6592940','359','583.4','426.949','451.224','0','0','0','100','0'),
('6592940','360','582.078','433.479','453.363','0','0','0','100','0'),
('6592940','361','580.958','440.219','454.874','0','0','0','100','0'),
('6592940','362','580.002','447.104','455.66','0','0','0','100','0'),
('6592940','363','579.156','454.047','455.921','0','0','0','100','0'),
('6592940','364','578.485','461.014','455.951','0','0','0','100','0'),
('6592940','365','577.879','467.988','455.902','0','0','0','100','0'),
('6592940','366','577.422','478.452','455.228','0','0','0','100','0'),
('6592940','367','577.319','481.933','454.876','0','0','0','100','0'),
('6592940','368','577.134','488.864','453.918','0','0','0','100','0'),
('6592940','369','577.158','495.79','452.914','0','0','0','100','0'),
('6592940','370','577.202','502.714','451.895','0','0','0','100','0'),
('6592940','371','577.228','517.443','449.608','0','0','0','100','0'),
('6592940','372','577.228','517.443','449.608','0','0','0','100','0'),
('6592940','373','577.492','524.414','449.116','0','0','0','100','0'),
('6592940','374','577.868','534.897','449.426','0','0','0','100','0'),
('6592940','375','578.942','545.319','450.081','0','0','0','100','0'),
('6592940','376','579.539','552.273','450.572','0','0','0','100','0'),
('6592940','377','579.439','562.457','449.559','0','0','0','100','0'),
('6592940','378','579.965','572.631','447.074','0','0','0','100','0'),
('6592940','379','580.89','579.445','445.792','0','0','0','100','0'),
('6592940','380','581.297','582.901','445.419','0','0','0','100','0'),
('6592940','381','582.479','593.327','445.22','0','0','0','100','0'),
('6592940','382','583.233','600.285','445.349','0','0','0','100','0'),
('6592940','383','583.987','607.238','445.653','0','0','0','100','0'),
('6592940','384','584.348','610.712','445.874','0','0','0','100','0'),
('6592940','385','585.045','617.645','446.541','0','0','0','100','0'),
('6592940','386','586.216','627.957','448.111','0','0','0','100','0'),
('6592940','387','587.147','634.783','449.351','0','0','0','100','0'),
('6592940','388','588.439','641.561','450.496','0','0','0','100','0'),
('6592940','389','589.967','648.335','451.381','0','0','0','100','0'),
('6592940','390','591.496','655.112','452.24','0','0','0','100','0'),
('6592940','391','593.11','661.869','453.082','0','0','0','100','0'),
('6592940','392','596.089','670.425','453.448','0','0','0','100','0'),
('6592940','393','598.917','676.725','452.319','0','0','0','100','0'),
('6592940','394','601.706','683.028','451.103','0','0','0','100','0'),
('6592940','395','604.213','689.477','450.042','0','0','0','100','0'),
('6592940','396','606.809','695.939','449.354','0','0','0','100','0'),
('6592940','397','608.226','699.135','449.192','0','0','0','100','0'),
('6592940','398','610.732','705.592','448.237','0','0','0','100','0'),
('6592940','399','613.055','711.95','446.463','0','0','0','100','0'),
('6592940','400','615.58','718.185','444.54','0','0','0','100','0'),
('6592940','401','618.148','724.426','442.698','0','0','0','100','0'),
('6592940','402','619.961','730.236','441.596','0','0','0','100','0'),
('6592940','403','621.404','734.645','441.149','0','0','0','100','0');

-- Waypoint movement type guid 7321 (Mobus)
UPDATE `creature` SET `MovementType`='2', `spawndist`='0' WHERE `guid`='7321';

-- Set WP for creature guid 7321 (Mobus)
DELETE FROM `creature_addon` WHERE (`guid`=7321);
INSERT INTO `creature_addon` (`guid`, `path_id`, `mount`, `bytes1`, `bytes2`, `emote`, `auras`) VALUES 
(7321, '7321', 0, 0, 1, 0, '');

-- WP For (Xariona)
DELETE FROM waypoint_data WHERE id='7321';
INSERT INTO `waypoint_data` (`id`, `point`, `position_x`, `position_y`, `position_z`, `delay`, `move_flag`, `action`, `action_chance`, `wpguid`) VALUES 
('7321','1','-5323.8','5111.54','-1122.4','0','0','0','100','0'),
('7321','2','-5326.09','5120.11','-1125.63','0','0','0','100','0'),
('7321','3','-5330.26','5133.07','-1129.52','0','0','0','100','0'),
('7321','4','-5332.62','5140.02','-1131.5','0','0','0','100','0'),
('7321','5','-5337','5151.89','-1132.91','0','0','0','100','0'),
('7321','6','-5339.41','5159.88','-1133.06','0','0','0','100','0'),
('7321','7','-5340.16','5169.29','-1133.21','0','0','0','100','0'),
('7321','8','-5340.6','5178.73','-1133.37','0','0','0','100','0'),
('7321','9','-5340.02','5191.44','-1133.48','0','0','0','100','0'),
('7321','10','-5341.01','5200.82','-1133.24','0','0','0','100','0'),
('7321','11','-5343.4','5214.71','-1134.55','0','0','0','100','0'),
('7321','12','-5345.3','5228.29','-1138.02','0','0','0','100','0'),
('7321','13','-5346.02','5236.93','-1141.74','0','0','0','100','0'),
('7321','14','-5346.06','5245.24','-1146.22','0','0','0','100','0'),
('7321','15','-5345.28','5255.32','-1152.25','0','0','0','100','0'),
('7321','16','-5343.05','5263.46','-1156.08','0','0','0','100','0'),
('7321','17','-5339.99','5271.91','-1158.36','0','0','0','100','0'),
('7321','18','-5338.18','5276.24','-1158.81','0','0','0','100','0'),
('7321','19','-5335.58','5285.14','-1158.88','0','0','0','100','0'),
('7321','20','-5334.45','5298.87','-1158.05','0','0','0','100','0'),
('7321','21','-5335.5','5308.23','-1157.37','0','0','0','100','0'),
('7321','22','-5337.4','5317.43','-1156.48','0','0','0','100','0'),
('7321','23','-5338.82','5321.91','-1156','0','0','0','100','0'),
('7321','24','-5342.18','5330.67','-1154.95','0','0','0','100','0'),
('7321','25','-5346.46','5338.99','-1153.69','0','0','0','100','0'),
('7321','26','-5350.51','5347.12','-1151.77','0','0','0','100','0'),
('7321','27','-5354.17','5360.49','-1148.98','0','0','0','100','0'),
('7321','28','-5355.89','5369.58','-1148.83','0','0','0','100','0'),
('7321','29','-5356.71','5374.21','-1149.22','0','0','0','100','0'),
('7321','30','-5357.48','5388.02','-1152.23','0','0','0','100','0'),
('7321','31','-5357.6','5392.58','-1153.45','0','0','0','100','0'),
('7321','32','-5357.85','5401.58','-1156.3','0','0','0','100','0'),
('7321','33','-5358.1','5410.5','-1159.4','0','0','0','100','0'),
('7321','34','-5358.59','5419.46','-1162.34','0','0','0','100','0'),
('7321','35','-5359.17','5423.97','-1163.6','0','0','0','100','0'),
('7321','36','-5360.81','5433','-1165.82','0','0','0','100','0'),
('7321','37','-5363.27','5441.93','-1167.68','0','0','0','100','0'),
('7321','38','-5366.25','5450.73','-1169.31','0','0','0','100','0'),
('7321','39','-5370.09','5459.24','-1170.63','0','0','0','100','0'),
('7321','40','-5374.62','5467.48','-1171.51','0','0','0','100','0'),
('7321','41','-5377.07','5471.5','-1171.83','0','0','0','100','0'),
('7321','42','-5382.49','5479.23','-1172.16','0','0','0','100','0'),
('7321','43','-5390.15','5487.35','-1172.13','0','0','0','100','0'),
('7321','44','-5395.18','5489.95','-1171.88','0','0','0','100','0'),
('7321','45','-5404.21','5492.18','-1170.3','0','0','0','100','0'),
('7321','46','-5413.16','5493.9','-1167.88','0','0','0','100','0'),
('7321','47','-5421.91','5494.9','-1164.48','0','0','0','100','0'),
('7321','48','-5432.41','5495.65','-1159.6','0','0','0','100','0'),
('7321','49','-5436.1','5496.89','-1157.57','0','0','0','100','0'),
('7321','50','-5442.13','5500.1','-1153.67','0','0','0','100','0'),
('7321','51','-5451.64','5507.99','-1146.76','0','0','0','100','0'),
('7321','52','-5457.91','5513.89','-1142.89','0','0','0','100','0'),
('7321','53','-5464.34','5519.86','-1139.42','0','0','0','100','0'),
('7321','54','-5470.82','5525.12','-1135.01','0','0','0','100','0'),
('7321','55','-5474.17','5527.31','-1132.51','0','0','0','100','0'),
('7321','56','-5481.17','5531.09','-1127.43','0','0','0','100','0'),
('7321','57','-5487.39','5533.7','-1122.29','0','0','0','100','0'),
('7321','58','-5493.38','5535.2','-1116.92','0','0','0','100','0'),
('7321','59','-5500.51','5536.02','-1110.79','0','0','0','100','0'),
('7321','60','-5508.09','5536.77','-1105.21','0','0','0','100','0'),
('7321','61','-5515.15','5537.46','-1100.91','0','0','0','100','0'),
('7321','62','-5523.01','5540.09','-1097.48','0','0','0','100','0'),
('7321','63','-5526.83','5542.37','-1095.89','0','0','0','100','0'),
('7321','64','-5534.37','5547.16','-1092.84','0','0','0','100','0'),
('7321','65','-5541.85','5552.2','-1090.05','0','0','0','100','0'),
('7321','66','-5548.96','5556.48','-1086.66','0','0','0','100','0'),
('7321','67','-5552.63','5558.47','-1084.46','0','0','0','100','0'),
('7321','68','-5559.93','5561.89','-1079.55','0','0','0','100','0'),
('7321','69','-5567.13','5564.85','-1074.2','0','0','0','100','0'),
('7321','70','-5574.22','5567.66','-1068.64','0','0','0','100','0'),
('7321','71','-5581.39','5569.8','-1062.87','0','0','0','100','0'),
('7321','72','-5588.92','5571.35','-1057.4','0','0','0','100','0'),
('7321','73','-5596.72','5572.91','-1052.31','0','0','0','100','0'),
('7321','74','-5602.9','5574.24','-1048.47','0','0','0','100','0'),
('7321','75','-5606.81','5575.77','-1046.32','0','0','0','100','0'),
('7321','76','-5614.4','5579.55','-1042.17','0','0','0','100','0'),
('7321','77','-5621.74','5583.93','-1038.16','0','0','0','100','0'),
('7321','78','-5628.57','5588.4','-1033.41','0','0','0','100','0'),
('7321','79','-5635.27','5592.26','-1028','0','0','0','100','0'),
('7321','80','-5641.69','5595.85','-1022.07','0','0','0','100','0'),
('7321','81','-5644.84','5597.44','-1018.94','0','0','0','100','0'),
('7321','82','-5651.11','5599.84','-1012.75','0','0','0','100','0'),
('7321','83','-5657.92','5601.17','-1006.81','0','0','0','100','0'),
('7321','84','-5665.85','5601.85','-1001.73','0','0','0','100','0'),
('7321','85','-5668.49','5602.06','-1000.35','0','0','0','100','0'),
('7321','86','-5681.5','5603.25','-994.87','0','0','0','100','0'),
('7321','87','-5688.46','5604.21','-992.705','0','0','0','100','0'),
('7321','88','-5697.39','5606.78','-991.146','0','0','0','100','0'),
('7321','89','-5706.4','5609.57','-990.641','0','0','0','100','0'),
('7321','90','-5710.92','5610.92','-990.701','0','0','0','100','0'),
('7321','91','-5720.06','5613.3','-990.883','0','0','0','100','0'),
('7321','92','-5724.69','5614.2','-990.939','0','0','0','100','0'),
('7321','93','-5738.67','5616.48','-990.899','0','0','0','100','0'),
('7321','94','-5747.79','5618.9','-990.678','0','0','0','100','0'),
('7321','95','-5756.84','5621.47','-989.972','0','0','0','100','0'),
('7321','96','-5766.11','5623.02','-989.132','0','0','0','100','0'),
('7321','97','-5777.19','5622.95','-988.224','0','0','0','100','0'),
('7321','98','-5786.5','5621.59','-987.427','0','0','0','100','0'),
('7321','99','-5795.86','5621.47','-986.208','0','0','0','100','0'),
('7321','100','-5805.13','5622.12','-984.517','0','0','0','100','0'),
('7321','101','-5814.3','5622.81','-982.386','0','0','0','100','0'),
('7321','102','-5823.48','5622.69','-980.157','0','0','0','100','0'),
('7321','103','-5832.65','5621.99','-978.079','0','0','0','100','0'),
('7321','104','-5842.43','5619.16','-976.511','0','0','0','100','0'),
('7321','105','-5850.46','5612.85','-976.807','0','0','0','100','0'),
('7321','106','-5855.94','5605.27','-978.066','0','0','0','100','0'),
('7321','107','-5861.01','5597.59','-980.164','0','0','0','100','0'),
('7321','108','-5865.6','5589.94','-983.252','0','0','0','100','0'),
('7321','109','-5870.06','5582.48','-986.948','0','0','0','100','0'),
('7321','110','-5874.26','5575.16','-991.18','0','0','0','100','0'),
('7321','111','-5878.82','5568.78','-996.027','0','0','0','100','0'),
('7321','112','-5887.18','5561.48','-1003.57','0','0','0','100','0'),
('7321','113','-5893.21','5556.54','-1008.9','0','0','0','100','0'),
('7321','114','-5899.24','5551.59','-1014.23','0','0','0','100','0'),
('7321','115','-5908.28','5544.18','-1022.22','0','0','0','100','0'),
('7321','116','-5917.33','5536.76','-1030.22','0','0','0','100','0'),
('7321','117','-5923.36','5531.82','-1035.55','0','0','0','100','0'),
('7321','118','-5929.39','5526.88','-1040.88','0','0','0','100','0'),
('7321','119','-5935.42','5521.93','-1046.2','0','0','0','100','0'),
('7321','120','-5944.12','5514.29','-1054.07','0','0','0','100','0'),
('7321','121','-5946.77','5511.42','-1056.72','0','0','0','100','0'),
('7321','122','-5954.65','5502.73','-1064.66','0','0','0','100','0'),
('7321','123','-5957.18','5499.71','-1067.26','0','0','0','100','0'),
('7321','124','-5963.99','5489.79','-1074.7','0','0','0','100','0'),
('7321','125','-5965.85','5486.08','-1076.94','0','0','0','100','0'),
('7321','126','-5970.42','5474.01','-1082.75','0','0','0','100','0'),
('7321','127','-5972.35','5465.35','-1085.94','0','0','0','100','0'),
('7321','128','-5973.58','5456.44','-1088.81','0','0','0','100','0'),
('7321','129','-5973.58','5443.19','-1092.12','0','0','0','100','0'),
('7321','130','-5973.08','5438.57','-1092.92','0','0','0','100','0'),
('7321','131','-5970.1','5425.41','-1093.83','0','0','0','100','0'),
('7321','132','-5964.46','5412.43','-1094.31','0','0','0','100','0'),
('7321','133','-5961.11','5403.61','-1094.37','0','0','0','100','0'),
('7321','134','-5958.43','5394.57','-1093.9','0','0','0','100','0'),
('7321','135','-5955.77','5385.53','-1093.29','0','0','0','100','0'),
('7321','136','-5951.38','5372.1','-1092.28','0','0','0','100','0'),
('7321','137','-5947.66','5363.14','-1091.63','0','0','0','100','0'),
('7321','138','-5943.24','5357.04','-1091.11','0','0','0','100','0'),
('7321','139','-5938','5351.63','-1090.54','0','0','0','100','0'),
('7321','140','-5930.8','5345.57','-1089.84','0','0','0','100','0'),
('7321','141','-5919.27','5337.44','-1088.73','0','0','0','100','0'),
('7321','142','-5909.03','5327.86','-1087.97','0','0','0','100','0'),
('7321','143','-5903.85','5317.48','-1087.33','0','0','0','100','0'),
('7321','144','-5900.18','5308.79','-1086.81','0','0','0','100','0'),
('7321','145','-5894.67','5295.76','-1086.03','0','0','0','100','0'),
('7321','146','-5890.99','5287.08','-1085.51','0','0','0','100','0'),
('7321','147','-5887.06','5278.53','-1084.72','0','0','0','100','0'),
('7321','148','-5882.61','5270.31','-1083.39','0','0','0','100','0'),
('7321','149','-5877.69','5262.43','-1081.69','0','0','0','100','0'),
('7321','150','-5872.4','5254.96','-1079.37','0','0','0','100','0'),
('7321','151','-5867.22','5247.82','-1077.03','0','0','0','100','0'),
('7321','152','-5861.05','5235.44','-1074','0','0','0','100','0'),
('7321','153','-5857.16','5227.07','-1072.01','0','0','0','100','0'),
('7321','154','-5852.56','5219','-1070.35','0','0','0','100','0'),
('7321','155','-5849.83','5215.2','-1069.69','0','0','0','100','0'),
('7321','156','-5843.86','5208.01','-1068.47','0','0','0','100','0'),
('7321','157','-5837.02','5201.59','-1067.44','0','0','0','100','0'),
('7321','158','-5825.99','5192.78','-1066.22','0','0','0','100','0'),
('7321','159','-5820.96','5187.58','-1066.13','0','0','0','100','0'),
('7321','160','-5811.89','5176.7','-1065.95','0','0','0','100','0'),
('7321','161','-5802.87','5165.78','-1065.69','0','0','0','100','0'),
('7321','162','-5793.68','5155.01','-1065.37','0','0','0','100','0'),
('7321','163','-5787.26','5148.09','-1065.09','0','0','0','100','0'),
('7321','164','-5780.57','5141.44','-1064.79','0','0','0','100','0'),
('7321','165','-5770.31','5131.68','-1064.35','0','0','0','100','0'),
('7321','166','-5764.42','5127.5','-1064.11','0','0','0','100','0'),
('7321','167','-5757.54','5124.42','-1063.87','0','0','0','100','0'),
('7321','168','-5748.73','5121.03','-1063.51','0','0','0','100','0'),
('7321','169','-5736.08','5114.77','-1064.19','0','0','0','100','0'),
('7321','170','-5728.26','5109.6','-1065.34','0','0','0','100','0'),
('7321','171','-5717.18','5101.19','-1067.94','0','0','0','100','0'),
('7321','172','-5709.95','5095.53','-1070.15','0','0','0','100','0'),
('7321','173','-5702.76','5089.91','-1072.59','0','0','0','100','0'),
('7321','174','-5691.96','5081.51','-1076.26','0','0','0','100','0'),
('7321','175','-5684.52','5076.13','-1078.48','0','0','0','100','0'),
('7321','176','-5676.94','5070.86','-1080.45','0','0','0','100','0'),
('7321','177','-5665.32','5063.02','-1082.47','0','0','0','100','0'),
('7321','178','-5657.56','5057.74','-1083.57','0','0','0','100','0'),
('7321','179','-5649.91','5052.3','-1084.54','0','0','0','100','0'),
('7321','180','-5642.13','5047.01','-1085.4','0','0','0','100','0'),
('7321','181','-5634.06','5042.16','-1086.11','0','0','0','100','0'),
('7321','182','-5621.96','5034.84','-1087.03','0','0','0','100','0'),
('7321','183','-5614.06','5029.69','-1087.44','0','0','0','100','0'),
('7321','184','-5606.17','5024.51','-1087.69','0','0','0','100','0'),
('7321','185','-5593.99','5017.26','-1087.8','0','0','0','100','0'),
('7321','186','-5589.84','5015.02','-1087.78','0','0','0','100','0'),
('7321','187','-5581.29','5011.02','-1087.62','0','0','0','100','0'),
('7321','188','-5568.09','5005.9','-1087.17','0','0','0','100','0'),
('7321','189','-5563.62','5004.39','-1087','0','0','0','100','0'),
('7321','190','-5550.01','5000.51','-1086.52','0','0','0','100','0'),
('7321','191','-5545.39','4999.53','-1086.36','0','0','0','100','0'),
('7321','192','-5536.07','4998.03','-1086.07','0','0','0','100','0'),
('7321','193','-5525.39','4997.59','-1085.73','0','0','0','100','0'),
('7321','194','-5516','4997.87','-1084.78','0','0','0','100','0'),
('7321','195','-5506.68','4998.45','-1083.38','0','0','0','100','0'),
('7321','196','-5497.42','4999.03','-1081.64','0','0','0','100','0'),
('7321','197','-5488.3','5000.06','-1079.41','0','0','0','100','0'),
('7321','198','-5479.49','5002.38','-1076.93','0','0','0','100','0'),
('7321','199','-5466.56','5006.13','-1072.54','0','0','0','100','0'),
('7321','200','-5457.98','5008.76','-1069.59','0','0','0','100','0'),
('7321','201','-5449.56','5011.82','-1066.6','0','0','0','100','0'),
('7321','202','-5441.38','5015.47','-1063.61','0','0','0','100','0'),
('7321','203','-5433.48','5019.77','-1060.74','0','0','0','100','0'),
('7321','204','-5426.06','5024.9','-1057.98','0','0','0','100','0'),
('7321','205','-5419.5','5031.16','-1055.38','0','0','0','100','0'),
('7321','206','-5413.49','5038.03','-1052.96','0','0','0','100','0'),
('7321','207','-5407.88','5045.33','-1050.88','0','0','0','100','0'),
('7321','208','-5401.49','5057.71','-1048.5','0','0','0','100','0'),
('7321','209','-5397.63','5066.15','-1046.74','0','0','0','100','0'),
('7321','210','-5393.44','5074.37','-1044.75','0','0','0','100','0'),
('7321','211','-5389.14','5082.51','-1042.61','0','0','0','100','0'),
('7321','212','-5384.24','5094.54','-1039.01','0','0','0','100','0'),
('7321','213','-5381.98','5103.48','-1037.01','0','0','0','100','0'),
('7321','214','-5379.87','5112.6','-1035.73','0','0','0','100','0'),
('7321','215','-5376.75','5126.4','-1035.12','0','0','0','100','0'),
('7321','216','-5374.55','5135.57','-1035.44','0','0','0','100','0'),
('7321','217','-5369.9','5147.15','-1036.65','0','0','0','100','0'),
('7321','218','-5365.41','5155.43','-1037.25','0','0','0','100','0'),
('7321','219','-5359.41','5166.48','-1036.46','0','0','0','100','0'),
('7321','220','-5356.05','5172.67','-1034.9','0','0','0','100','0'),
('7321','221','-5352.83','5181.27','-1032.7','0','0','0','100','0'),
('7321','222','-5349.82','5189.94','-1030.49','0','0','0','100','0'),
('7321','223','-5348.6','5194.37','-1029.39','0','0','0','100','0'),
('7321','224','-5346.37','5203.27','-1027.12','0','0','0','100','0'),
('7321','225','-5343.49','5211.89','-1024.59','0','0','0','100','0'),
('7321','226','-5337.48','5223.9','-1020.08','0','0','0','100','0'),
('7321','227','-5333.19','5235.84','-1018.74','0','0','0','100','0'),
('7321','228','-5331.06','5241.05','-1019.27','0','0','0','100','0'),
('7321','229','-5326.25','5252.34','-1017.4','0','0','0','100','0'),
('7321','230','-5325.92','5262.35','-1014.31','0','0','0','100','0'),
('7321','231','-5327.73','5270.61','-1013.55','0','0','0','100','0'),
('7321','232','-5329.96','5279.12','-1013.92','0','0','0','100','0'),
('7321','233','-5334.84','5292.08','-1016.74','0','0','0','100','0'),
('7321','234','-5337.21','5298.18','-1018.53','0','0','0','100','0'),
('7321','235','-5336.33','5311.2','-1021.52','0','0','0','100','0'),
('7321','236','-5334.44','5320.34','-1022.85','0','0','0','100','0'),
('7321','237','-5333.85','5328.98','-1023.48','0','0','0','100','0'),
('7321','238','-5334.85','5338.14','-1023.91','0','0','0','100','0'),
('7321','239','-5337.36','5346.89','-1024.32','0','0','0','100','0'),
('7321','240','-5338.53','5349.84','-1024.46','0','0','0','100','0'),
('7321','241','-5331.38','5350.2','-1023.95','0','0','0','100','0'),
('7321','242','-5322.51','5343.97','-1021.32','0','0','0','100','0'),
('7321','243','-5319.93','5335.62','-1018.98','0','0','0','100','0'),
('7321','244','-5319.26','5326.45','-1016.83','0','0','0','100','0'),
('7321','245','-5321.76','5311.96','-1015.29','0','0','0','100','0'),
('7321','246','-5326.42','5298.66','-1014','0','0','0','100','0'),
('7321','247','-5328.9','5286.47','-1010.87','0','0','0','100','0'),
('7321','248','-5330.01','5278.08','-1006.68','0','0','0','100','0'),
('7321','249','-5333.28','5267.95','-999.73','0','0','0','100','0'),
('7321','250','-5337.62','5258.67','-992.155','0','0','0','100','0'),
('7321','251','-5341.51','5252.15','-986.222','0','0','0','100','0'),
('7321','252','-5348.67','5244.83','-983.771','0','0','0','100','0'),
('7321','253','-5352.78','5237.08','-983.866','0','0','0','100','0'),
('7321','254','-5356.6','5224.3','-981.793','0','0','0','100','0'),
('7321','255','-5356.99','5218.88','-980.26','0','0','0','100','0'),
('7321','256','-5356.18','5210.59','-977.388','0','0','0','100','0'),
('7321','257','-5354.39','5202.47','-972.928','0','0','0','100','0'),
('7321','258','-5352.66','5194.91','-967.56','0','0','0','100','0'),
('7321','259','-5352.54','5187.16','-961.336','0','0','0','100','0'),
('7321','260','-5353.76','5182.81','-957.655','0','0','0','100','0'),
('7321','261','-5357.77','5175.49','-951.573','0','0','0','100','0'),
('7321','262','-5368.8','5164.56','-944.335','0','0','0','100','0'),
('7321','263','-5377.9','5150.8','-951.768','0','0','0','100','0'),
('7321','264','-5382.7','5141.27','-955.614','0','0','0','100','0'),
('7321','265','-5393.37','5135.07','-957.034','0','0','0','100','0'),
('7321','266','-5404.5','5134.88','-961.805','0','0','0','100','0'),
('7321','267','-5414.87','5134.38','-971.44','0','0','0','100','0'),
('7321','268','-5427.01','5132.08','-983.336','0','0','0','100','0'),
('7321','269','-5440.24','5126.81','-989.779','0','0','0','100','0'),
('7321','270','-5448.53','5122.7','-991.628','0','0','0','100','0'),
('7321','271','-5462.82','5113.89','-993.968','0','0','0','100','0'),
('7321','272','-5468.07','5107.5','-996.509','0','0','0','100','0'),
('7321','273','-5474.87','5103.23','-1002.44','0','0','0','100','0'),
('7321','274','-5489.21','5098.95','-1012.2','0','0','0','100','0'),
('7321','275','-5496.84','5087.99','-1009.86','0','0','0','100','0'),
('7321','276','-5503','5074.54','-998.115','0','0','0','100','0'),
('7321','277','-5505.36','5061.86','-990.229','0','0','0','100','0'),
('7321','278','-5506.1','5058.06','-992.938','0','0','0','100','0'),
('7321','279','-5509.65','5049.51','-1001.28','0','0','0','100','0'),
('7321','280','-5514.04','5040.15','-1011.28','0','0','0','100','0'),
('7321','281','-5512.99','5031.5','-1015.89','0','0','0','100','0'),
('7321','282','-5504.25','5024.32','-1018.62','0','0','0','100','0'),
('7321','283','-5493.98','5021.54','-1019.31','0','0','0','100','0'),
('7321','284','-5481.84','5022.53','-1019.4','0','0','0','100','0'),
('7321','285','-5474.18','5024.81','-1020.87','0','0','0','100','0'),
('7321','286','-5462.95','5027.12','-1026.77','0','0','0','100','0'),
('7321','287','-5451.42','5028.93','-1034.78','0','0','0','100','0'),
('7321','288','-5442.37','5030.42','-1041.43','0','0','0','100','0'),
('7321','289','-5430.89','5034.6','-1048.59','0','0','0','100','0'),
('7321','290','-5424.69','5038.13','-1052.55','0','0','0','100','0'),
('7321','291','-5416.99','5045.08','-1058.49','0','0','0','100','0'),
('7321','292','-5411.77','5051.25','-1063.35','0','0','0','100','0'),
('7321','293','-5405.63','5061.56','-1069.51','0','0','0','100','0'),
('7321','294','-5403.37','5070.23','-1073.24','0','0','0','100','0'),
('7321','295','-5398.19','5083.04','-1077.08','0','0','0','100','0'),
('7321','296','-5387.99','5086.14','-1080.97','0','0','0','100','0'),
('7321','297','-5379.7','5085.1','-1084.53','0','0','0','100','0'),
('7321','298','-5369.51','5079.2','-1090.73','0','0','0','100','0'),
('7321','299','-5360.37','5070.92','-1097.68','0','0','0','100','0'),
('7321','300','-5350.87','5064.8','-1104.15','0','0','0','100','0'),
('7321','301','-5336.83','5062.49','-1111.23','0','0','0','100','0'),
('7321','302','-5324.09','5066.31','-1118.67','0','0','0','100','0'),
('7321','303','-5317.11','5073.81','-1124.96','0','0','0','100','0'),
('7321','304','-5316.5','5087.79','-1129.99','0','0','0','100','0');

-- Waypoint movement type guid 7323 (Ghostcrawler)
UPDATE `creature` SET `MovementType`='2', `spawndist`='0' WHERE `guid`='7323';

-- Set WP for creature guid 7323 (Ghostcrawler)
DELETE FROM `creature_addon` WHERE (`guid`=7323);
INSERT INTO `creature_addon` (`guid`, `path_id`, `mount`, `bytes1`, `bytes2`, `emote`, `auras`) VALUES 
(7323, '7323', 0, 0, 1, 0, '');

-- WP For (Ghostcrawler)
DELETE FROM waypoint_data WHERE id='7323';
INSERT INTO `waypoint_data` (`id`, `point`, `position_x`, `position_y`, `position_z`, `delay`, `move_flag`, `action`, `action_chance`, `wpguid`) VALUES 
('7323','1','-6189.54','7272.39','-849.646','0','0','0','100','0'),
('7323','2','-6183.95','7270.39','-848.937','0','0','0','100','0'),
('7323','3','-6180.32','7265.04','-847.974','0','0','0','100','0'),
('7323','4','-6181.35','7258.69','-845.643','0','0','0','100','0'),
('7323','5','-6183.23','7247.8','-844.504','0','0','0','100','0'),
('7323','6','-6184.89','7243.99','-844.212','0','0','0','100','0'),
('7323','7','-6188.26','7238.61','-842.539','0','0','0','100','0'),
('7323','8','-6188.26','7238.61','-842.539','0','0','0','100','0'),
('7323','9','-6195.21','7243.84','-840.56','0','0','0','100','0'),
('7323','10','-6203.3','7251','-839.795','0','0','0','100','0'),
('7323','11','-6208.75','7253.91','-838.822','0','0','0','100','0'),
('7323','12','-6219.5','7253.6','-839.49','0','0','0','100','0'),
('7323','13','-6228.92','7255.48','-842.772','0','0','0','100','0'),
('7323','14','-6233.33','7259.7','-842.794','0','0','0','100','0'),
('7323','15','-6238.58','7268.62','-843.645','0','0','0','100','0'),
('7323','16','-6239.04','7272.18','-844.277','0','0','0','100','0'),
('7323','17','-6237.66','7279.82','-844.742','0','0','0','100','0'),
('7323','18','-6231.73','7287.02','-846.347','0','0','0','100','0'),
('7323','19','-6225.83','7290.89','-846.063','0','0','0','100','0'),
('7323','20','-6217.24','7291.86','-847.032','0','0','0','100','0'),
('7323','21','-6209.67','7295.58','-847.877','0','0','0','100','0'),
('7323','22','-6203.79','7302.33','-849.528','0','0','0','100','0'),
('7323','23','-6201.73','7306.57','-849.708','0','0','0','100','0'),
('7323','24','-6200.75','7316.42','-850.754','0','0','0','100','0'),
('7323','25','-6203.66','7322.71','-850.452','0','0','0','100','0'),
('7323','26','-6206.11','7326.61','-849.173','0','0','0','100','0'),
('7323','27','-6211.72','7332.62','-846.488','0','0','0','100','0'),
('7323','28','-6215.34','7334.84','-845.17','0','0','0','100','0'),
('7323','29','-6220.89','7341.39','-843.944','0','0','0','100','0'),
('7323','30','-6219.95','7343.73','-842.935','0','0','0','100','0'),
('7323','31','-6215.57','7350.81','-842.94','0','0','0','100','0'),
('7323','32','-6212.5','7359.08','-843.459','0','0','0','100','0'),
('7323','33','-6213.17','7365.7','-843.999','0','0','0','100','0'),
('7323','34','-6215.94','7373.73','-845.756','0','0','0','100','0'),
('7323','35','-6219.88','7378.84','-846.173','0','0','0','100','0'),
('7323','36','-6225.82','7383.88','-846.157','0','0','0','100','0'),
('7323','37','-6233.14','7389.02','-847.974','0','0','0','100','0'),
('7323','38','-6240.5','7394.26','-849.254','0','0','0','100','0'),
('7323','39','-6246.63','7399.35','-848.535','0','0','0','100','0'),
('7323','40','-6253.99','7402.93','-847.784','0','0','0','100','0'),
('7323','41','-6257.98','7405.17','-847.594','0','0','0','100','0'),
('7323','42','-6262.66','7410.58','-847.599','0','0','0','100','0'),
('7323','43','-6263.17','7416.61','-846.477','0','0','0','100','0'),
('7323','44','-6266.8','7425.11','-848.422','0','0','0','100','0'),
('7323','45','-6271.17','7430.19','-849.861','0','0','0','100','0'),
('7323','46','-6280.52','7433.52','-849.663','0','0','0','100','0'),
('7323','47','-6284','7432.27','-848.897','0','0','0','100','0'),
('7323','48','-6295.6','7429.26','-848.821','0','0','0','100','0'),
('7323','49','-6297','7431.96','-848.91','0','0','0','100','0'),
('7323','50','-6296.87','7435.96','-848.93','0','0','0','100','0'),
('7323','51','-6291.96','7444.11','-849.074','0','0','0','100','0'),
('7323','52','-6290.14','7451.54','-849.362','0','0','0','100','0'),
('7323','53','-6291.04','7458.44','-849.041','0','0','0','100','0'),
('7323','54','-6295.06','7463.53','-848.127','0','0','0','100','0'),
('7323','55','-6300.25','7466.29','-848.197','0','0','0','100','0'),
('7323','56','-6308.69','7469.06','-849.889','0','0','0','100','0'),
('7323','57','-6317.2','7471.72','-851.913','0','0','0','100','0'),
('7323','58','-6325.36','7473.03','-851.768','0','0','0','100','0'),
('7323','59','-6333.73','7472.92','-851.154','0','0','0','100','0'),
('7323','60','-6342.69','7470.82','-851.644','0','0','0','100','0'),
('7323','61','-6348.76','7468.95','-850.335','0','0','0','100','0'),
('7323','62','-6354.52','7464.57','-848.75','0','0','0','100','0'),
('7323','63','-6356.05','7460.5','-847.948','0','0','0','100','0'),
('7323','64','-6357.56','7451.9','-847.044','0','0','0','100','0'),
('7323','65','-6359.73','7444.48','-844.778','0','0','0','100','0'),
('7323','66','-6361.19','7438.5','-843.569','0','0','0','100','0'),
('7323','67','-6365.29','7432.23','-842.332','0','0','0','100','0'),
('7323','68','-6370.29','7428.03','-840.459','0','0','0','100','0'),
('7323','69','-6373.67','7425.44','-839.958','0','0','0','100','0'),
('7323','70','-6380.02','7419.92','-838.816','0','0','0','100','0'),
('7323','71','-6386.33','7416.35','-837.571','0','0','0','100','0'),
('7323','72','-6390.93','7416.28','-835.782','0','0','0','100','0'),
('7323','73','-6393.95','7419.04','-835.68','0','0','0','100','0'),
('7323','74','-6400.54','7422.85','-834.308','0','0','0','100','0'),
('7323','75','-6403.9','7427.26','-834.882','0','0','0','100','0'),
('7323','76','-6403.73','7435.07','-838.845','0','0','0','100','0'),
('7323','77','-6405.05','7442.37','-841.865','0','0','0','100','0'),
('7323','78','-6410.43','7445.95','-842.98','0','0','0','100','0'),
('7323','79','-6417.15','7445.54','-841.99','0','0','0','100','0'),
('7323','80','-6420.78','7445.85','-841.167','0','0','0','100','0'),
('7323','81','-6430.77','7447.24','-839.465','0','0','0','100','0'),
('7323','82','-6436.51','7449.83','-838.804','0','0','0','100','0'),
('7323','83','-6443.98','7454.15','-838.593','0','0','0','100','0'),
('7323','84','-6450.1','7457.29','-836.559','0','0','0','100','0'),
('7323','85','-6455.04','7459.34','-835.629','0','0','0','100','0'),
('7323','86','-6464.21','7461.17','-835.385','0','0','0','100','0'),
('7323','87','-6468.59','7461.4','-835.527','0','0','0','100','0'),
('7323','88','-6477.34','7461.09','-835.914','0','0','0','100','0'),
('7323','89','-6481.8','7460.77','-837.127','0','0','0','100','0'),
('7323','90','-6490.69','7459.42','-839.488','0','0','0','100','0'),
('7323','91','-6499.63','7458.26','-841.495','0','0','0','100','0'),
('7323','92','-6504.09','7457.8','-842.08','0','0','0','100','0'),
('7323','93','-6512.51','7456.31','-842.131','0','0','0','100','0'),
('7323','94','-6521.16','7455.52','-842.507','0','0','0','100','0'),
('7323','95','-6525.38','7455.07','-842.409','0','0','0','100','0'),
('7323','96','-6534.12','7454.83','-844.112','0','0','0','100','0'),
('7323','97','-6542.98','7454.57','-844.734','0','0','0','100','0'),
('7323','98','-6550.21','7454.52','-844.548','0','0','0','100','0'),
('7323','99','-6554.32','7455.17','-844.194','0','0','0','100','0'),
('7323','100','-6563.16','7456.59','-845.129','0','0','0','100','0'),
('7323','101','-6567.39','7457.27','-845.026','0','0','0','100','0'),
('7323','102','-6575.82','7458.82','-844.743','0','0','0','100','0'),
('7323','103','-6583.7','7459.13','-844.405','0','0','0','100','0'),
('7323','104','-6587.74','7458.91','-844.001','0','0','0','100','0'),
('7323','105','-6596.03','7458.27','-843.52','0','0','0','100','0'),
('7323','106','-6602.48','7458.54','-844.063','0','0','0','100','0'),
('7323','107','-6609.86','7460.36','-845.049','0','0','0','100','0'),
('7323','108','-6617.88','7463.95','-846.726','0','0','0','100','0'),
('7323','109','-6621.71','7466.22','-847.588','0','0','0','100','0'),
('7323','110','-6629.51','7470.27','-849.208','0','0','0','100','0'),
('7323','111','-6636.21','7472.55','-850.728','0','0','0','100','0'),
('7323','112','-6644.21','7473.79','-851.418','0','0','0','100','0'),
('7323','113','-6647.39','7473.77','-851.897','0','0','0','100','0'),
('7323','114','-6656.22','7472.54','-854.132','0','0','0','100','0'),
('7323','115','-6659.14','7471.9','-854.998','0','0','0','100','0'),
('7323','116','-6667.73','7469.28','-857.039','0','0','0','100','0'),
('7323','117','-6674.32','7467.64','-857.674','0','0','0','100','0'),
('7323','118','-6682.47','7467.53','-858.777','0','0','0','100','0'),
('7323','119','-6686.9','7467.79','-859.326','0','0','0','100','0'),
('7323','120','-6695.87','7467.98','-860.805','0','0','0','100','0'),
('7323','121','-6704.25','7468.48','-860.518','0','0','0','100','0'),
('7323','122','-6708.55','7468.92','-860.622','0','0','0','100','0'),
('7323','123','-6717.42','7469.59','-861.731','0','0','0','100','0'),
('7323','124','-6721.69','7469.83','-861.796','0','0','0','100','0'),
('7323','125','-6730.26','7469.04','-861.962','0','0','0','100','0'),
('7323','126','-6734.7','7468.42','-862.652','0','0','0','100','0'),
('7323','127','-6743.1','7467.3','-862.642','0','0','0','100','0'),
('7323','128','-6750.56','7466.61','-863.051','0','0','0','100','0'),
('7323','129','-6758.86','7466.84','-862.616','0','0','0','100','0'),
('7323','130','-6763.03','7467.17','-862.467','0','0','0','100','0'),
('7323','131','-6771.62','7468.28','-862.81','0','0','0','100','0'),
('7323','132','-6776.02','7468.75','-863.256','0','0','0','100','0'),
('7323','133','-6780.39','7469.57','-863.762','0','0','0','100','0'),
('7323','134','-6788.26','7471.88','-863.44','0','0','0','100','0'),
('7323','135','-6796.64','7474.05','-864.491','0','0','0','100','0'),
('7323','136','-6799.65','7474.62','-864.793','0','0','0','100','0'),
('7323','137','-6806.55','7475.42','-863.069','0','0','0','100','0'),
('7323','138','-6814.3','7475.29','-862.095','0','0','0','100','0'),
('7323','139','-6820.92','7475.88','-862.99','0','0','0','100','0'),
('7323','140','-6828.07','7478.04','-864.881','0','0','0','100','0'),
('7323','141','-6832.21','7479.79','-865.736','0','0','0','100','0'),
('7323','142','-6840.4','7482.95','-866.219','0','0','0','100','0'),
('7323','143','-6847.31','7486.11','-866.75','0','0','0','100','0'),
('7323','144','-6854.92','7490.83','-868.413','0','0','0','100','0'),
('7323','145','-6858.75','7493.18','-869.489','0','0','0','100','0'),
('7323','146','-6866.4','7497.52','-870.257','0','0','0','100','0'),
('7323','147','-6887.86','7511.4','-870.916','0','0','0','100','0'),
('7323','148','-6895.8','7518.52','-874.566','0','0','0','100','0'),
('7323','149','-6899.19','7526.35','-878.051','0','0','0','100','0'),
('7323','150','-6902.36','7534.66','-880.496','0','0','0','100','0'),
('7323','151','-6905.18','7541.55','-881.431','0','0','0','100','0'),
('7323','152','-6908.73','7546.47','-882.004','0','0','0','100','0'),
('7323','153','-6914.81','7552.29','-883.414','0','0','0','100','0'),
('7323','154','-6920.9','7556.26','-884.977','0','0','0','100','0'),
('7323','155','-6926.5','7558.94','-885.873','0','0','0','100','0'),
('7323','156','-6930.67','7560.45','-886.915','0','0','0','100','0'),
('7323','157','-6941.18','7564.52','-890.092','0','0','0','100','0'),
('7323','158','-6946.43','7567.44','-890.24','0','0','0','100','0'),
('7323','159','-6952.98','7572.72','-890.077','0','0','0','100','0'),
('7323','160','-6955.89','7575.55','-889.802','0','0','0','100','0'),
('7323','161','-6960.67','7581.64','-888.682','0','0','0','100','0'),
('7323','162','-6965.72','7587.9','-887.886','0','0','0','100','0'),
('7323','163','-6970.75','7594.5','-887.682','0','0','0','100','0'),
('7323','164','-6976.32','7601.37','-888.834','0','0','0','100','0'),
('7323','165','-6982.48','7607.65','-889.825','0','0','0','100','0'),
('7323','166','-6988.97','7613.64','-890.762','0','0','0','100','0'),
('7323','167','-6995.31','7619.58','-891.208','0','0','0','100','0'),
('7323','168','-7000.09','7623.98','-891.514','0','0','0','100','0'),
('7323','169','-7007.36','7628.59','-891.756','0','0','0','100','0'),
('7323','170','-7014.77','7633.25','-892.467','0','0','0','100','0'),
('7323','171','-7021.44','7638.97','-893.295','0','0','0','100','0'),
('7323','172','-7024.32','7642.18','-893.474','0','0','0','100','0'),
('7323','173','-7030.09','7648.82','-896.644','0','0','0','100','0'),
('7323','174','-7035.71','7655.72','-899.361','0','0','0','100','0'),
('7323','175','-7039.93','7660.9','-901.367','0','0','0','100','0'),
('7323','176','-7045.3','7666.08','-903.119','0','0','0','100','0'),
('7323','177','-7051.01','7670.47','-903.387','0','0','0','100','0'),
('7323','178','-7058.69','7673.87','-903.044','0','0','0','100','0'),
('7323','179','-7062.69','7675.34','-902.972','0','0','0','100','0'),
('7323','180','-7071.1','7677.88','-903.584','0','0','0','100','0'),
('7323','181','-7075.47','7678.93','-904.328','0','0','0','100','0'),
('7323','182','-7084.32','7680.63','-906.114','0','0','0','100','0'),
('7323','183','-7093.18','7682.32','-908.047','0','0','0','100','0'),
('7323','184','-7101.72','7684.83','-909.158','0','0','0','100','0'),
('7323','185','-7105.78','7686.39','-909.333','0','0','0','100','0'),
('7323','186','-7113.5','7689.86','-909.123','0','0','0','100','0'),
('7323','187','-7121','7693.12','-908.545','0','0','0','100','0'),
('7323','188','-7128.5','7696.14','-907.91','0','0','0','100','0'),
('7323','189','-7134','7697.6','-907.024','0','0','0','100','0'),
('7323','190','-7141.75','7697.97','-906.22','0','0','0','100','0'),
('7323','191','-7150.57','7696.86','-907.979','0','0','0','100','0'),
('7323','192','-7157.88','7694.71','-909.816','0','0','0','100','0'),
('7323','193','-7166.19','7691.31','-911.635','0','0','0','100','0'),
('7323','194','-7174.23','7687.27','-914.251','0','0','0','100','0'),
('7323','195','-7179.34','7684.35','-915.477','0','0','0','100','0'),
('7323','196','-7187.71','7677.61','-918.712','0','0','0','100','0'),
('7323','197','-7193.84','7674.76','-920.356','0','0','0','100','0'),
('7323','198','-7201.39','7672.29','-921.274','0','0','0','100','0'),
('7323','199','-7210.19','7670.26','-923.092','0','0','0','100','0'),
('7323','200','-7214.7','7669.98','-924.031','0','0','0','100','0'),
('7323','201','-7223.77','7669.76','-925.852','0','0','0','100','0'),
('7323','202','-7234.44','7668.89','-926.627','0','0','0','100','0'),
('7323','203','-7241.6','7665.97','-925.89','0','0','0','100','0'),
('7323','204','-7244.85','7663.81','-925.16','0','0','0','100','0'),
('7323','205','-7250.89','7658.57','-923.929','0','0','0','100','0'),
('7323','206','-7257.06','7652.41','-923.897','0','0','0','100','0'),
('7323','207','-7261.39','7648.2','-923.806','0','0','0','100','0'),
('7323','208','-7269.54','7644.11','-923.999','0','0','0','100','0'),
('7323','209','-7273.97','7643.26','-925.225','0','0','0','100','0'),
('7323','210','-7282.93','7641.88','-927.212','0','0','0','100','0'),
('7323','211','-7291.58','7639.99','-927.552','0','0','0','100','0'),
('7323','212','-7300.19','7637.73','-928.022','0','0','0','100','0'),
('7323','213','-7308.78','7635.51','-928.487','0','0','0','100','0'),
('7323','214','-7313.18','7634.5','-929.018','0','0','0','100','0'),
('7323','215','-7322.09','7631.88','-929.135','0','0','0','100','0'),
('7323','216','-7328.72','7625.91','-929.951','0','0','0','100','0'),
('7323','217','-7330.15','7621.46','-929.654','0','0','0','100','0'),
('7323','218','-7328.47','7615.85','-928.778','0','0','0','100','0'),
('7323','219','-7320.3','7612.89','-928.489','0','0','0','100','0'),
('7323','220','-7312.3','7611.14','-927.401','0','0','0','100','0'),
('7323','221','-7304.6','7609.1','-925.949','0','0','0','100','0'),
('7323','222','-7298.38','7605.65','-924.889','0','0','0','100','0'),
('7323','223','-7292.81','7600.16','-925.329','0','0','0','100','0'),
('7323','224','-7287.14','7592.93','-926.804','0','0','0','100','0'),
('7323','225','-7281.77','7585.92','-926.287','0','0','0','100','0'),
('7323','226','-7279.36','7582.24','-925.911','0','0','0','100','0'),
('7323','227','-7272.1','7570.45','-927.678','0','0','0','100','0'),
('7323','228','-7266.97','7563.01','-927.258','0','0','0','100','0'),
('7323','229','-7261.61','7555.55','-927.266','0','0','0','100','0'),
('7323','230','-7256.23','7547.97','-928.024','0','0','0','100','0'),
('7323','231','-7250.84','7540.56','-927.976','0','0','0','100','0'),
('7323','232','-7245.42','7533.98','-926.597','0','0','0','100','0'),
('7323','233','-7240.34','7528.04','-924.845','0','0','0','100','0'),
('7323','234','-7238.87','7527.14','-924.19','0','0','0','100','0'),
('7323','235','-7231.8','7524.91','-920.407','0','0','0','100','0'),
('7323','236','-7227.24','7523.97','-917.334','0','0','0','100','0'),
('7323','237','-7222.51','7520.2','-915.531','0','0','0','100','0'),
('7323','238','-7218.11','7513.35','-914.012','0','0','0','100','0'),
('7323','239','-7212.91','7508.54','-912.457','0','0','0','100','0'),
('7323','240','-7207.95','7509.02','-910.181','0','0','0','100','0'),
('7323','241','-7205.55','7510.64','-908.479','0','0','0','100','0'),
('7323','242','-7199.47','7515.03','-904.967','0','0','0','100','0'),
('7323','243','-7192.54','7515.41','-903.406','0','0','0','100','0'),
('7323','244','-7187.32','7513.68','-902.219','0','0','0','100','0'),
('7323','245','-7179.24','7509.33','-900.535','0','0','0','100','0'),
('7323','246','-7176.11','7506.65','-899.647','0','0','0','100','0'),
('7323','247','-7170.3','7500.82','-897.964','0','0','0','100','0'),
('7323','248','-7164.4','7494.7','-896.698','0','0','0','100','0'),
('7323','249','-7158.74','7490.08','-894.687','0','0','0','100','0'),
('7323','250','-7154.12','7487.86','-892.954','0','0','0','100','0'),
('7323','251','-7146.4','7486.03','-890.987','0','0','0','100','0'),
('7323','252','-7137.68','7484.76','-890.312','0','0','0','100','0'),
('7323','253','-7117.81','7481.91','-885.324','0','0','0','100','0'),
('7323','254','-7105.46','7480.71','-882.736','0','0','0','100','0'),
('7323','255','-7098.19','7480.24','-880.138','0','0','0','100','0'),
('7323','256','-7089.44','7478.76','-879.618','0','0','0','100','0'),
('7323','257','-7085.32','7477.75','-878.916','0','0','0','100','0'),
('7323','258','-7073','7473.42','-877.544','0','0','0','100','0'),
('7323','259','-7066.87','7470.3','-876.633','0','0','0','100','0'),
('7323','260','-7060.85','7465.58','-876.332','0','0','0','100','0'),
('7323','261','-7055.7','7460.18','-874.273','0','0','0','100','0'),
('7323','262','-7050.28','7453.08','-874.319','0','0','0','100','0'),
('7323','263','-7047.68','7449.48','-874.222','0','0','0','100','0'),
('7323','264','-7041.54','7442.76','-874.704','0','0','0','100','0'),
('7323','265','-7035.42','7436.48','-874.201','0','0','0','100','0'),
('7323','266','-7032.36','7433.47','-873.869','0','0','0','100','0'),
('7323','267','-7026.4','7428.61','-873.695','0','0','0','100','0'),
('7323','268','-7020.41','7421.67','-875.285','0','0','0','100','0'),
('7323','269','-7014.99','7414.24','-876.163','0','0','0','100','0'),
('7323','270','-7009.37','7406.93','-877.608','0','0','0','100','0'),
('7323','271','-7003.98','7399.48','-877.986','0','0','0','100','0'),
('7323','272','-6998.73','7391.92','-878.444','0','0','0','100','0'),
('7323','273','-6994.19','7385.16','-877.311','0','0','0','100','0'),
('7323','274','-6991.08','7382.07','-876.998','0','0','0','100','0'),
('7323','275','-6985.28','7377.34','-874.355','0','0','0','100','0'),
('7323','276','-6980.36','7372.7','-871.365','0','0','0','100','0'),
('7323','277','-6975.07','7369.07','-868.538','0','0','0','100','0'),
('7323','278','-6968.99','7366.92','-865.289','0','0','0','100','0'),
('7323','279','-6963.94','7365.02','-861.913','0','0','0','100','0'),
('7323','280','-6961.2','7364.06','-860.205','0','0','0','100','0'),
('7323','281','-6956.9','7363.19','-857.896','0','0','0','100','0'),
('7323','282','-6951.51','7362.47','-854.846','0','0','0','100','0'),
('7323','283','-6944.45','7363.04','-852.079','0','0','0','100','0'),
('7323','284','-6937.92','7363.4','-850.568','0','0','0','100','0'),
('7323','285','-6931.57','7361.7','-849.326','0','0','0','100','0'),
('7323','286','-6927.74','7360.31','-848.486','0','0','0','100','0'),
('7323','287','-6919.89','7358.02','-849.008','0','0','0','100','0'),
('7323','288','-6912.46','7354.03','-848.909','0','0','0','100','0'),
('7323','289','-6905.4','7348.3','-848.845','0','0','0','100','0'),
('7323','290','-6902.1','7345.14','-848.838','0','0','0','100','0'),
('7323','291','-6895.77','7338.75','-848.451','0','0','0','100','0'),
('7323','292','-6889.51','7332.72','-847.514','0','0','0','100','0'),
('7323','293','-6883.49','7328.71','-846.512','0','0','0','100','0'),
('7323','294','-6876.54','7326','-846.009','0','0','0','100','0'),
('7323','295','-6872.17','7324.99','-845.705','0','0','0','100','0'),
('7323','296','-6866.26','7323.73','-845.099','0','0','0','100','0'),
('7323','297','-6857.99','7320.7','-844.135','0','0','0','100','0'),
('7323','298','-6851.84','7316.57','-842.847','0','0','0','100','0'),
('7323','299','-6844.64','7312.25','-841.488','0','0','0','100','0'),
('7323','300','-6841.39','7307.84','-838.157','0','0','0','100','0'),
('7323','301','-6841.41','7302.62','-837.088','0','0','0','100','0'),
('7323','302','-6843.67','7295.18','-836.127','0','0','0','100','0'),
('7323','303','-6842.61','7290.34','-835.08','0','0','0','100','0'),
('7323','304','-6839.96','7289.35','-833.815','0','0','0','100','0'),
('7323','305','-6833.36','7291.16','-835.538','0','0','0','100','0'),
('7323','306','-6830.55','7291.88','-834.127','0','0','0','100','0'),
('7323','307','-6827.57','7290.5','-832.819','0','0','0','100','0'),
('7323','308','-6821.31','7282.49','-830.822','0','0','0','100','0'),
('7323','309','-6819.43','7278.88','-830.238','0','0','0','100','0'),
('7323','310','-6815.25','7271.26','-830.181','0','0','0','100','0'),
('7323','311','-6811.29','7265.28','-831.164','0','0','0','100','0'),
('7323','312','-6806.1','7257.57','-831.831','0','0','0','100','0'),
('7323','313','-6800.93','7249.84','-833.424','0','0','0','100','0'),
('7323','314','-6787.73','7229.82','-839.463','0','0','0','100','0'),
('7323','315','-6785.3','7226.36','-839.202','0','0','0','100','0'),
('7323','316','-6776.73','7215.98','-839.064','0','0','0','100','0'),
('7323','317','-6773.59','7212.53','-839.073','0','0','0','100','0'),
('7323','318','-6766.25','7208.19','-839.122','0','0','0','100','0'),
('7323','319','-6758.22','7203.69','-839.464','0','0','0','100','0'),
('7323','320','-6751.65','7202.27','-839.345','0','0','0','100','0'),
('7323','321','-6745.58','7206.93','-837.498','0','0','0','100','0'),
('7323','322','-6741.12','7212.76','-834.858','0','0','0','100','0'),
('7323','323','-6738.24','7219.1','-834.202','0','0','0','100','0'),
('7323','324','-6736.94','7224.88','-833.341','0','0','0','100','0'),
('7323','325','-6737.39','7232.06','-832.179','0','0','0','100','0'),
('7323','326','-6740.15','7241.89','-829.9','0','0','0','100','0'),
('7323','327','-6744.59','7246.83','-829.086','0','0','0','100','0'),
('7323','328','-6747.45','7248.13','-828.158','0','0','0','100','0'),
('7323','329','-6753.69','7249.86','-826.47','0','0','0','100','0'),
('7323','330','-6756.69','7256.43','-824.246','0','0','0','100','0'),
('7323','331','-6753.35','7261.89','-823.259','0','0','0','100','0'),
('7323','332','-6750.78','7268.77','-823.073','0','0','0','100','0'),
('7323','333','-6752.44','7274.12','-823.62','0','0','0','100','0'),
('7323','334','-6759.44','7280.82','-824.138','0','0','0','100','0'),
('7323','335','-6765.96','7287','-826.38','0','0','0','100','0'),
('7323','336','-6770.68','7292.21','-826.778','0','0','0','100','0'),
('7323','337','-6777.46','7302.6','-827.612','0','0','0','100','0'),
('7323','338','-6784.8','7316.51','-827.35','0','0','0','100','0'),
('7323','339','-6787.54','7326.26','-828.328','0','0','0','100','0'),
('7323','340','-6792.27','7331.88','-829.427','0','0','0','100','0'),
('7323','341','-6800.69','7340.27','-833.252','0','0','0','100','0'),
('7323','342','-6810.77','7346.52','-839.038','0','0','0','100','0'),
('7323','343','-6817.69','7348.82','-840.7','0','0','0','100','0'),
('7323','344','-6830.46','7345.32','-844.764','0','0','0','100','0'),
('7323','345','-6835.95','7340.96','-844.089','0','0','0','100','0'),
('7323','346','-6843.21','7333.62','-843.142','0','0','0','100','0'),
('7323','347','-6848.12','7326.45','-843.008','0','0','0','100','0'),
('7323','348','-6853.42','7319.52','-842.981','0','0','0','100','0'),
('7323','349','-6858.31','7313.95','-842.355','0','0','0','100','0'),
('7323','350','-6863.04','7304.7','-841.972','0','0','0','100','0'),
('7323','351','-6865','7295.16','-842.131','0','0','0','100','0'),
('7323','352','-6865.66','7291.37','-842.232','0','0','0','100','0'),
('7323','353','-6868.15','7281.04','-842.087','0','0','0','100','0'),
('7323','354','-6872.85','7272.43','-841.516','0','0','0','100','0'),
('7323','355','-6876.22','7264.72','-840.591','0','0','0','100','0'),
('7323','356','-6875.19','7259.22','-840.18','0','0','0','100','0'),
('7323','357','-6872.24','7251.33','-839.991','0','0','0','100','0'),
('7323','358','-6868.15','7240.64','-839.988','0','0','0','100','0'),
('7323','359','-6867.74','7236.72','-839.987','0','0','0','100','0'),
('7323','360','-6869.03','7229.03','-839.989','0','0','0','100','0'),
('7323','361','-6872.96','7223.52','-840.056','0','0','0','100','0'),
('7323','362','-6879.04','7220.63','-844.696','0','0','0','100','0'),
('7323','363','-6888.02','7216.25','-852.384','0','0','0','100','0'),
('7323','364','-6894.04','7212.9','-852.693','0','0','0','100','0'),
('7323','365','-6902.17','7213.51','-856.05','0','0','0','100','0'),
('7323','366','-6906.42','7210.6','-856.508','0','0','0','100','0'),
('7323','367','-6907.84','7206.15','-856.755','0','0','0','100','0'),
('7323','368','-6910.28','7198.87','-857.352','0','0','0','100','0'),
('7323','369','-6912.8','7189.89','-858.653','0','0','0','100','0'),
('7323','370','-6910.82','7183.27','-860.173','0','0','0','100','0'),
('7323','371','-6907.88','7175.86','-861.512','0','0','0','100','0'),
('7323','372','-6906.51','7172.09','-862.037','0','0','0','100','0'),
('7323','373','-6901.78','7157.45','-868.193','0','0','0','100','0'),
('7323','374','-6906.15','7151.09','-868.784','0','0','0','100','0'),
('7323','375','-6910.48','7146.76','-870.244','0','0','0','100','0'),
('7323','376','-6917.2','7142.28','-873.081','0','0','0','100','0'),
('7323','377','-6929.37','7137.11','-877.209','0','0','0','100','0'),
('7323','378','-6941.16','7132.25','-877.443','0','0','0','100','0'),
('7323','379','-6948.8','7128.81','-877.037','0','0','0','100','0'),
('7323','380','-6959.83','7122.06','-876.346','0','0','0','100','0'),
('7323','381','-6966.87','7116.65','-875.947','0','0','0','100','0'),
('7323','382','-6976.02','7109','-875.922','0','0','0','100','0'),
('7323','383','-6982.34','7102.49','-875.906','0','0','0','100','0'),
('7323','384','-6989.93','7093.68','-875.881','0','0','0','100','0'),
('7323','385','-6994.29','7084.83','-875.868','0','0','0','100','0'),
('7323','386','-6995.73','7077.86','-875.888','0','0','0','100','0'),
('7323','387','-6996.02','7064.45','-875.088','0','0','0','100','0'),
('7323','388','-6995.23','7055.18','-873.971','0','0','0','100','0'),
('7323','389','-6993.95','7042.21','-873.304','0','0','0','100','0'),
('7323','390','-6992.94','7032.88','-873.38','0','0','0','100','0'),
('7323','391','-6991.91','7023.55','-873.769','0','0','0','100','0'),
('7323','392','-6991.04','7014.25','-873.747','0','0','0','100','0'),
('7323','393','-6989.35','7005.37','-874.161','0','0','0','100','0'),
('7323','394','-6983.06','6994.87','-872.918','0','0','0','100','0'),
('7323','395','-6977.27','6987.65','-871.551','0','0','0','100','0'),
('7323','396','-6973.13','6982.01','-871.484','0','0','0','100','0'),
('7323','397','-6968.12','6974.34','-870.375','0','0','0','100','0'),
('7323','398','-6961.43','6962.21','-868.898','0','0','0','100','0'),
('7323','399','-6956.83','6954.26','-867.797','0','0','0','100','0'),
('7323','400','-6952.1','6946.76','-865.974','0','0','0','100','0'),
('7323','401','-6947.07','6939.05','-865.156','0','0','0','100','0'),
('7323','402','-6942.22','6931.2','-864.364','0','0','0','100','0'),
('7323','403','-6938.34','6922.23','-861.19','0','0','0','100','0'),
('7323','404','-6936.04','6916.4','-857.726','0','0','0','100','0'),
('7323','405','-6932.76','6910.86','-855.174','0','0','0','100','0'),
('7323','406','-6928.6','6905.17','-852.715','0','0','0','100','0'),
('7323','407','-6925.61','6900.92','-850.045','0','0','0','100','0'),
('7323','408','-6917.59','6894.33','-850.875','0','0','0','100','0'),
('7323','409','-6912.47','6888.72','-849.653','0','0','0','100','0'),
('7323','410','-6907.8','6882.51','-850.419','0','0','0','100','0'),
('7323','411','-6906.35','6876.58','-848.903','0','0','0','100','0'),
('7323','412','-6906.19','6868.6','-849.344','0','0','0','100','0'),
('7323','413','-6905.98','6859.61','-851.596','0','0','0','100','0'),
('7323','414','-6904.92','6850.72','-853.036','0','0','0','100','0'),
('7323','415','-6903.73','6842.09','-853.203','0','0','0','100','0'),
('7323','416','-6903.79','6835.15','-852.926','0','0','0','100','0'),
('7323','417','-6906.24','6826.73','-853.951','0','0','0','100','0'),
('7323','418','-6907.52','6822.43','-855.094','0','0','0','100','0'),
('7323','419','-6909.18','6813.52','-857.572','0','0','0','100','0'),
('7323','420','-6910.57','6802.93','-860.821','0','0','0','100','0'),
('7323','421','-6909.45','6794.32','-862.692','0','0','0','100','0'),
('7323','422','-6905.91','6785.64','-863.802','0','0','0','100','0'),
('7323','423','-6892.17','6763.78','-863.929','0','0','0','100','0'),
('7323','424','-6887.59','6760.45','-861.625','0','0','0','100','0'),
('7323','425','-6884.37','6760.27','-858.908','0','0','0','100','0'),
('7323','426','-6878.46','6763.63','-853.362','0','0','0','100','0'),
('7323','427','-6874.77','6766.99','-849.931','0','0','0','100','0'),
('7323','428','-6870.74','6772.42','-846.772','0','0','0','100','0'),
('7323','429','-6866.78','6772.46','-843.994','0','0','0','100','0'),
('7323','430','-6863.15','6774.8','-841.782','0','0','0','100','0'),
('7323','431','-6863.1','6784.08','-841.896','0','0','0','100','0'),
('7323','432','-6862.87','6806.13','-843.406','0','0','0','100','0'),
('7323','433','-6866.25','6811.6','-840.923','0','0','0','100','0'),
('7323','434','-6871.56','6817.39','-839.897','0','0','0','100','0'),
('7323','435','-6878.87','6822.57','-840.652','0','0','0','100','0'),
('7323','436','-6885.05','6829.15','-841.575','0','0','0','100','0'),
('7323','437','-6897.22','6848.56','-852.449','0','0','0','100','0'),
('7323','438','-6899.9','6851.64','-853.12','0','0','0','100','0'),
('7323','439','-6902.75','6859.26','-852.279','0','0','0','100','0'),
('7323','440','-6905.24','6865.61','-849.953','0','0','0','100','0'),
('7323','441','-6907.14','6870.07','-849.331','0','0','0','100','0'),
('7323','442','-6909.1','6887.19','-850.364','0','0','0','100','0'),
('7323','443','-6911.07','6895.31','-851.605','0','0','0','100','0'),
('7323','444','-6912.61','6899.29','-853.392','0','0','0','100','0'),
('7323','445','-6917.35','6911.61','-855.883','0','0','0','100','0'),
('7323','446','-6922','6919.26','-857.46','0','0','0','100','0'),
('7323','447','-6927.13','6926.62','-859.878','0','0','0','100','0'),
('7323','448','-6929.82','6930.21','-860.912','0','0','0','100','0'),
('7323','449','-6935.37','6937.24','-862.473','0','0','0','100','0'),
('7323','450','-6940.83','6944.35','-864.155','0','0','0','100','0'),
('7323','451','-6948.65','6955','-866.13','0','0','0','100','0'),
('7323','452','-6951.42','6958.45','-866.649','0','0','0','100','0'),
('7323','453','-6956.98','6965.43','-867.979','0','0','0','100','0'),
('7323','454','-6962.32','6972.56','-869.395','0','0','0','100','0'),
('7323','455','-6967.22','6980.1','-870.875','0','0','0','100','0'),
('7323','456','-6972.68','6992.33','-871.937','0','0','0','100','0'),
('7323','457','-6976.28','7000.47','-872.459','0','0','0','100','0'),
('7323','458','-6980.31','7008.49','-873.217','0','0','0','100','0'),
('7323','459','-6984.26','7016.41','-873.567','0','0','0','100','0'),
('7323','460','-6989.28','7028.75','-874.125','0','0','0','100','0'),
('7323','461','-6991.47','7037.05','-873.691','0','0','0','100','0'),
('7323','462','-6993.06','7045.64','-873.465','0','0','0','100','0'),
('7323','463','-6994.13','7054.61','-873.902','0','0','0','100','0'),
('7323','464','-6994.56','7063.77','-875.067','0','0','0','100','0'),
('7323','465','-6994.4','7068.38','-875.606','0','0','0','100','0'),
('7323','466','-6993.02','7078.87','-875.896','0','0','0','100','0'),
('7323','467','-6991.01','7085.36','-875.885','0','0','0','100','0'),
('7323','468','-6987.85','7092.57','-875.89','0','0','0','100','0'),
('7323','469','-6982.8','7100.23','-875.904','0','0','0','100','0'),
('7323','470','-6977.11','7106.87','-875.912','0','0','0','100','0'),
('7323','471','-6970.34','7113.05','-875.926','0','0','0','100','0'),
('7323','472','-6963.23','7118.82','-876.077','0','0','0','100','0'),
('7323','473','-6956','7123.47','-876.477','0','0','0','100','0'),
('7323','474','-6945.87','7127.15','-876.94','0','0','0','100','0'),
('7323','475','-6936.74','7128.56','-877.047','0','0','0','100','0'),
('7323','476','-6927.82','7130.11','-876.531','0','0','0','100','0'),
('7323','477','-6919.98','7131.91','-874.399','0','0','0','100','0'),
('7323','478','-6914.73','7133.99','-872.253','0','0','0','100','0'),
('7323','479','-6908.58','7137.4','-869.509','0','0','0','100','0'),
('7323','480','-6901.86','7138.25','-866.401','0','0','0','100','0'),
('7323','481','-6894.95','7139.22','-863.419','0','0','0','100','0'),
('7323','482','-6884.36','7141.41','-859.078','0','0','0','100','0'),
('7323','483','-6880.53','7144.07','-857.546','0','0','0','100','0'),
('7323','484','-6875.33','7151.38','-855.79','0','0','0','100','0'),
('7323','485','-6873.02','7157.06','-855.237','0','0','0','100','0'),
('7323','486','-6871.32','7164.98','-855.81','0','0','0','100','0'),
('7323','487','-6871.83','7173.52','-856.95','0','0','0','100','0'),
('7323','488','-6876.65','7181.36','-857.797','0','0','0','100','0'),
('7323','489','-6881.11','7188.81','-856.864','0','0','0','100','0'),
('7323','490','-6885.65','7197.61','-855.568','0','0','0','100','0'),
('7323','491','-6889.59','7203.65','-854.281','0','0','0','100','0'),
('7323','492','-6895.37','7205.09','-853.85','0','0','0','100','0'),
('7323','493','-6902.83','7204.39','-855.615','0','0','0','100','0'),
('7323','494','-6906.45','7206.79','-856.473','0','0','0','100','0'),
('7323','495','-6909.44','7218.12','-856.257','0','0','0','100','0'),
('7323','496','-6909.54','7226.78','-855.587','0','0','0','100','0'),
('7323','497','-6911.39','7235.86','-854.28','0','0','0','100','0'),
('7323','498','-6913.82','7243.72','-852.741','0','0','0','100','0'),
('7323','499','-6915.24','7249.07','-851.996','0','0','0','100','0'),
('7323','500','-6915.28','7257.77','-851.512','0','0','0','100','0'),
('7323','501','-6911.97','7268.85','-850.948','0','0','0','100','0'),
('7323','502','-6907.46','7276.43','-850.234','0','0','0','100','0'),
('7323','503','-6900.44','7284.25','-849.021','0','0','0','100','0'),
('7323','504','-6894.63','7289.07','-847.903','0','0','0','100','0'),
('7323','505','-6887.71','7293.84','-846.492','0','0','0','100','0'),
('7323','506','-6884.84','7295.99','-846.124','0','0','0','100','0'),
('7323','507','-6879.1','7300.65','-845.511','0','0','0','100','0'),
('7323','508','-6871.57','7304.46','-844.332','0','0','0','100','0'),
('7323','509','-6867.92','7306.04','-843.408','0','0','0','100','0'),
('7323','510','-6860.38','7309.36','-841.978','0','0','0','100','0'),
('7323','511','-6853.68','7311.9','-841.487','0','0','0','100','0'),
('7323','512','-6845.04','7313.76','-841.602','0','0','0','100','0'),
('7323','513','-6838.54','7315.22','-839.806','0','0','0','100','0'),
('7323','514','-6830.42','7315.72','-838.757','0','0','0','100','0'),
('7323','515','-6824.23','7308.7','-837.705','0','0','0','100','0'),
('7323','516','-6822.42','7306.35','-836.484','0','0','0','100','0'),
('7323','517','-6818.45','7300.59','-836.216','0','0','0','100','0'),
('7323','518','-6814.4','7296.1','-833.088','0','0','0','100','0'),
('7323','519','-6809.16','7290.2','-831.101','0','0','0','100','0'),
('7323','520','-6805.95','7288.1','-830.296','0','0','0','100','0'),
('7323','521','-6799.38','7284.69','-828.977','0','0','0','100','0'),
('7323','522','-6792.13','7283.62','-828.09','0','0','0','100','0'),
('7323','523','-6783.72','7285.87','-828.134','0','0','0','100','0'),
('7323','524','-6777.94','7287.9','-827.243','0','0','0','100','0'),
('7323','525','-6772.01','7291.31','-826.694','0','0','0','100','0'),
('7323','526','-6769.44','7296.45','-827.768','0','0','0','100','0'),
('7323','527','-6767.74','7304.99','-829.269','0','0','0','100','0'),
('7323','528','-6763.98','7312.96','-828.106','0','0','0','100','0'),
('7323','529','-6759.83','7314.54','-828.429','0','0','0','100','0'),
('7323','530','-6747.92','7316.41','-834.133','0','0','0','100','0'),
('7323','531','-6737.11','7318.63','-838.955','0','0','0','100','0'),
('7323','532','-6729.4','7318.58','-841.714','0','0','0','100','0'),
('7323','533','-6721.24','7316.41','-842.79','0','0','0','100','0'),
('7323','534','-6713.94','7315.54','-842.475','0','0','0','100','0'),
('7323','535','-6705.75','7313.69','-843.23','0','0','0','100','0'),
('7323','536','-6696.82','7313.01','-843.918','0','0','0','100','0'),
('7323','537','-6687.95','7312.73','-844.249','0','0','0','100','0'),
('7323','538','-6676.22','7312.34','-844.261','0','0','0','100','0'),
('7323','539','-6667.48','7310.81','-844.181','0','0','0','100','0'),
('7323','540','-6659.02','7308.43','-843.845','0','0','0','100','0'),
('7323','541','-6650.66','7305.95','-844.316','0','0','0','100','0'),
('7323','542','-6646.77','7303.68','-844.771','0','0','0','100','0'),
('7323','543','-6639.01','7300.36','-845.828','0','0','0','100','0'),
('7323','544','-6625.95','7299.38','-846.413','0','0','0','100','0'),
('7323','545','-6618.74','7301.66','-846.079','0','0','0','100','0'),
('7323','546','-6613.4','7304.45','-845.603','0','0','0','100','0'),
('7323','547','-6608.63','7309.09','-845.014','0','0','0','100','0'),
('7323','548','-6604.7','7316.76','-844.541','0','0','0','100','0'),
('7323','549','-6602.49','7324.66','-844.258','0','0','0','100','0'),
('7323','550','-6596.64','7334.13','-845.318','0','0','0','100','0'),
('7323','551','-6593.73','7334.42','-843.343','0','0','0','100','0'),
('7323','552','-6585.39','7337.71','-839.746','0','0','0','100','0'),
('7323','553','-6570.61','7342.05','-840.543','0','0','0','100','0'),
('7323','554','-6569.97','7340.76','-839.49','0','0','0','100','0'),
('7323','555','-6567.47','7338.16','-836.346','0','0','0','100','0'),
('7323','556','-6565.03','7338.21','-834.923','0','0','0','100','0'),
('7323','557','-6559.04','7343.01','-833.386','0','0','0','100','0'),
('7323','558','-6546.79','7347.89','-834.506','0','0','0','100','0'),
('7323','559','-6535.77','7347.33','-835.558','0','0','0','100','0'),
('7323','560','-6524','7341.86','-837.236','0','0','0','100','0'),
('7323','561','-6516.59','7339.75','-834.984','0','0','0','100','0'),
('7323','562','-6512.31','7339.27','-834.734','0','0','0','100','0'),
('7323','563','-6499.75','7336.61','-833.689','0','0','0','100','0'),
('7323','564','-6494.64','7334.38','-832.322','0','0','0','100','0'),
('7323','565','-6485.52','7328.38','-831.272','0','0','0','100','0'),
('7323','566','-6477.64','7324','-831.617','0','0','0','100','0'),
('7323','567','-6469.77','7319.43','-832.242','0','0','0','100','0'),
('7323','568','-6461.93','7314.73','-833.024','0','0','0','100','0'),
('7323','569','-6453.77','7310.74','-834.978','0','0','0','100','0'),
('7323','570','-6445.37','7308.08','-835.077','0','0','0','100','0'),
('7323','571','-6437.4','7306.55','-833.674','0','0','0','100','0'),
('7323','572','-6431.06','7304.28','-831.696','0','0','0','100','0'),
('7323','573','-6420.37','7304.1','-829.353','0','0','0','100','0'),
('7323','574','-6416.42','7304.57','-828.671','0','0','0','100','0'),
('7323','575','-6408.78','7305.98','-827.64','0','0','0','100','0'),
('7323','576','-6401.02','7306.54','-827.487','0','0','0','100','0'),
('7323','577','-6387.98','7304.5','-829.9','0','0','0','100','0'),
('7323','578','-6379.31','7302.87','-832.05','0','0','0','100','0'),
('7323','579','-6370.03','7302.36','-835.289','0','0','0','100','0'),
('7323','580','-6364.36','7304.74','-836.332','0','0','0','100','0'),
('7323','581','-6360.6','7306.76','-836.57','0','0','0','100','0'),
('7323','582','-6353.54','7310.44','-838.282','0','0','0','100','0'),
('7323','583','-6345.6','7313.3','-842.066','0','0','0','100','0'),
('7323','584','-6337.19','7313.93','-843.558','0','0','0','100','0'),
('7323','585','-6329.76','7313.38','-843.796','0','0','0','100','0'),
('7323','586','-6321.22','7312.98','-844.32','0','0','0','100','0'),
('7323','587','-6314.75','7312.61','-843.875','0','0','0','100','0'),
('7323','588','-6309.22','7310.78','-842.937','0','0','0','100','0'),
('7323','589','-6305.24','7308.67','-841.544','0','0','0','100','0'),
('7323','590','-6304.17','7304.24','-838.445','0','0','0','100','0'),
('7323','591','-6301.04','7299.25','-836.713','0','0','0','100','0'),
('7323','592','-6293.49','7295.97','-836.301','0','0','0','100','0'),
('7323','593','-6289.23','7296.55','-836.791','0','0','0','100','0'),
('7323','594','-6279.47','7299.52','-836.015','0','0','0','100','0'),
('7323','595','-6273.81','7296.62','-836.177','0','0','0','100','0'),
('7323','596','-6266.97','7291.21','-838.021','0','0','0','100','0'),
('7323','597','-6260.09','7285.87','-841.207','0','0','0','100','0'),
('7323','598','-6254.63','7282.69','-842.601','0','0','0','100','0'),
('7323','599','-6245.79','7279.91','-845.08','0','0','0','100','0'),
('7323','600','-6238.94','7278.88','-845.168','0','0','0','100','0'),
('7323','601','-6231.27','7278.81','-844.747','0','0','0','100','0'),
('7323','602','-6222.71','7278.65','-845.454','0','0','0','100','0'),
('7323','603','-6214.64','7275.3','-845.292','0','0','0','100','0'),
('7323','604','-6211.4','7273.33','-844.844','0','0','0','100','0'),
('7323','605','-6204.41','7268.84','-845.355','0','0','0','100','0'),
('7323','606','-6195.96','7262.89','-845.924','0','0','0','100','0'),
('7323','607','-6188.84','7260.91','-845.507','0','0','0','100','0'),
('7323','608','-6181.41','7263.37','-847.349','0','0','0','100','0'),
('7323','609','-6179.53','7265.73','-848.12','0','0','0','100','0'),
('7323','610','-6177.82','7274.62','-849.211','0','0','0','100','0'),
('7323','611','-6180.75','7282.71','-851.12','0','0','0','100','0'),
('7323','612','-6185.96','7289.21','-850.592','0','0','0','100','0'),
('7323','613','-6190.72','7288.3','-849.125','0','0','0','100','0'),
('7323','614','-6191.83','7287.03','-849.141','0','0','0','100','0'),
('7323','615','-6196.15','7279.65','-848.412','0','0','0','100','0'),
('7323','616','-6192.77','7273.99','-849.127','0','0','0','100','0'),
('7323','617','-6190.88','7273.23','-849.52','0','0','0','100','0');

-- Waypoint movement type guid 7393 (Poseidus) Loc 1
UPDATE `creature` SET `MovementType`='2', `spawndist`='0' WHERE `guid`='7393';

-- Set WP for creature guid 7393 (Poseidus)
DELETE FROM `creature_addon` WHERE (`guid`=7393);
INSERT INTO `creature_addon` (`guid`, `path_id`, `mount`, `bytes1`, `bytes2`, `emote`, `auras`) VALUES 
(7393, '7393', 0, 0, 1, 0, '');

-- WP For (Poseidus)
DELETE FROM waypoint_data WHERE id='7393';
INSERT INTO `waypoint_data` (`id`, `point`, `position_x`, `position_y`, `position_z`, `delay`, `move_flag`, `action`, `action_chance`, `wpguid`) VALUES 
('7393','1','-6841.04','4628.94','-572.828','0','0','0','100','0'),
('7393','2','-6817.84','4625.27','-575.214','0','0','0','100','0'),
('7393','3','-6794.57','4621.81','-577.23','0','0','0','100','0'),
('7393','4','-6747.44','4620.17','-578.008','0','0','0','100','0'),
('7393','5','-6706.75','4615.32','-577.042','0','0','0','100','0'),
('7393','6','-6690.3','4608.97','-577.855','0','0','0','100','0'),
('7393','7','-6636.06','4589.05','-577.683','0','0','0','100','0'),
('7393','8','-6605.36','4593.53','-572.487','0','0','0','100','0'),
('7393','9','-6574.92','4608.3','-560.414','0','0','0','100','0'),
('7393','10','-6554.8','4623.32','-544.701','0','0','0','100','0'),
('7393','11','-6552.04','4642.08','-539.692','0','0','0','100','0'),
('7393','12','-6565.96','4702.91','-549.142','0','0','0','100','0'),
('7393','13','-6579.71','4710.04','-551.801','0','0','0','100','0'),
('7393','14','-6622.76','4708.87','-557.484','0','0','0','100','0'),
('7393','15','-6659.3','4714.32','-556.81','0','0','0','100','0'),
('7393','16','-6704.73','4723.25','-552.168','0','0','0','100','0'),
('7393','17','-6742.07','4742.7','-554.267','0','0','0','100','0'),
('7393','18','-6765.6','4770.06','-555.74','0','0','0','100','0'),
('7393','19','-6788.79','4796.9','-554.893','0','0','0','100','0'),
('7393','20','-6830.01','4819.12','-550.853','0','0','0','100','0'),
('7393','21','-6852.95','4824.1','-548.426','0','0','0','100','0'),
('7393','22','-6897.36','4828.71','-542.614','0','0','0','100','0'),
('7393','23','-6920.59','4828.74','-538.395','0','0','0','100','0'),
('7393','24','-6967.36','4825.21','-533.532','0','0','0','100','0'),
('7393','25','-7013.02','4815.61','-526.59','0','0','0','100','0'),
('7393','26','-7058.14','4803.82','-519.47','0','0','0','100','0'),
('7393','27','-7086.46','4792.86','-515.482','0','0','0','100','0'),
('7393','28','-7119.6','4761.57','-507.891','0','0','0','100','0'),
('7393','29','-7134.69','4741.72','-506.477','0','0','0','100','0'),
('7393','30','-7158.6','4707.97','-512.807','0','0','0','100','0'),
('7393','31','-7157.36','4661.5','-524.378','0','0','0','100','0'),
('7393','32','-7141.69','4638.71','-519.525','0','0','0','100','0'),
('7393','33','-7128.2','4620.7','-512.416','0','0','0','100','0'),
('7393','34','-7102.3','4598.28','-497.502','0','0','0','100','0'),
('7393','35','-7060.63','4589.25','-488.891','0','0','0','100','0'),
('7393','36','-7015.03','4588.53','-495.783','0','0','0','100','0'),
('7393','37','-7002.34','4590.06','-500.136','0','0','0','100','0'),
('7393','38','-6961.39','4603.31','-519.504','0','0','0','100','0'),
('7393','39','-6916.81','4614.83','-542.909','0','0','0','100','0'),
('7393','40','-6896.96','4614.1','-552.193','0','0','0','100','0'),
('7393','41','-6848.19','4609.15','-582.859','0','0','0','100','0'),
('7393','42','-6856.29','4630.31','-576.254','0','0','0','100','0'),
('7393','43','-6857.29','4641.88','-569.307','0','0','0','100','0'),
('7393','44','-6847.19','4632.56','-576.872','0','0','0','100','0');

-- Waypoint movement type guid 7373 (Poseidus) Loc 2
UPDATE `creature` SET `MovementType`='2', `spawndist`='0' WHERE `guid`='7373';

-- Set WP for creature guid 7373 (Poseidus)
DELETE FROM `creature_addon` WHERE (`guid`=7373);
INSERT INTO `creature_addon` (`guid`, `path_id`, `mount`, `bytes1`, `bytes2`, `emote`, `auras`) VALUES 
(7373, '7373', 0, 0, 1, 0, '');

-- WP For (Poseidus)
DELETE FROM waypoint_data WHERE id='7373';
INSERT INTO `waypoint_data` (`id`, `point`, `position_x`, `position_y`, `position_z`, `delay`, `move_flag`, `action`, `action_chance`, `wpguid`) VALUES 
('7373','1','-7481.18','3882.87','-207.606','0','0','0','100','0'),
('7373','2','-7475.49','3884.05','-209.154','0','0','0','100','0'),
('7373','3','-7469.42','3885.5','-209.429','0','0','0','100','0'),
('7373','4','-7460.41','3887.93','-207.963','0','0','0','100','0'),
('7373','5','-7455.91','3889.14','-207.214','0','0','0','100','0'),
('7373','6','-7444.43','3894.2','-206.168','0','0','0','100','0'),
('7373','7','-7436.69','3899.38','-206','0','0','0','100','0'),
('7373','8','-7431.46','3904.35','-206.141','0','0','0','100','0'),
('7373','9','-7425.73','3911.84','-206.595','0','0','0','100','0'),
('7373','10','-7421.28','3920.17','-206.82','0','0','0','100','0'),
('7373','11','-7417.85','3928.95','-207.286','0','0','0','100','0'),
('7373','12','-7414.54','3937.78','-207.783','0','0','0','100','0'),
('7373','13','-7411.92','3946.13','-208.348','0','0','0','100','0'),
('7373','14','-7409.92','3955.34','-208.999','0','0','0','100','0'),
('7373','15','-7408.4','3964.65','-208.829','0','0','0','100','0'),
('7373','16','-7406.97','3973.99','-208.716','0','0','0','100','0'),
('7373','17','-7405.65','3983.34','-208.858','0','0','0','100','0'),
('7373','18','-7404.27','3992.62','-209.169','0','0','0','100','0'),
('7373','19','-7401.68','4001.67','-210','0','0','0','100','0'),
('7373','20','-7398.12','4010.38','-210.806','0','0','0','100','0'),
('7373','21','-7392.68','4023.4','-212.016','0','0','0','100','0'),
('7373','22','-7389.05','4032.08','-212.823','0','0','0','100','0'),
('7373','23','-7384.03','4045.27','-214.033','0','0','0','100','0'),
('7373','24','-7380.9','4054.15','-214.842','0','0','0','100','0'),
('7373','25','-7378.83','4063.32','-215.695','0','0','0','100','0'),
('7373','26','-7378.12','4072.23','-216.552','0','0','0','100','0'),
('7373','27','-7380.18','4083.58','-217.73','0','0','0','100','0'),
('7373','28','-7382.76','4087.5','-218.217','0','0','0','100','0'),
('7373','29','-7390.28','4095.69','-218.971','0','0','0','100','0'),
('7373','30','-7398.26','4100.72','-219.059','0','0','0','100','0'),
('7373','31','-7406.44','4105.41','-218.571','0','0','0','100','0'),
('7373','32','-7416.45','4107.86','-218.13','0','0','0','100','0'),
('7373','33','-7426.29','4103.75','-217.806','0','0','0','100','0'),
('7373','34','-7431.7','4099.01','-217.594','0','0','0','100','0'),
('7373','35','-7434.12','4092.6','-217.425','0','0','0','100','0'),
('7373','36','-7435.55','4083.29','-216.988','0','0','0','100','0'),
('7373','37','-7436.7','4074.08','-215.273','0','0','0','100','0'),
('7373','38','-7437.66','4065.06','-212.619','0','0','0','100','0'),
('7373','39','-7438.13','4060.58','-211.226','0','0','0','100','0'),
('7373','40','-7439.21','4051.59','-208.547','0','0','0','100','0'),
('7373','41','-7442.5','4038.2','-205.403','0','0','0','100','0'),
('7373','42','-7446.15','4030.47','-203.908','0','0','0','100','0'),
('7373','43','-7451.28','4022.69','-202.378','0','0','0','100','0'),
('7373','44','-7454.03','4018.93','-201.652','0','0','0','100','0'),
('7373','45','-7464.17','4009.21','-199.925','0','0','0','100','0'),
('7373','46','-7468.3','4006.99','-199.436','0','0','0','100','0'),
('7373','47','-7477.02','4003.65','-198.063','0','0','0','100','0'),
('7373','48','-7490.2','3999.01','-195.687','0','0','0','100','0'),
('7373','49','-7498.62','3995.14','-193.942','0','0','0','100','0'),
('7373','50','-7506.23','3990.24','-192.578','0','0','0','100','0'),
('7373','51','-7513.08','3983.81','-191.738','0','0','0','100','0'),
('7373','52','-7517.83','3977.58','-191.111','0','0','0','100','0'),
('7373','53','-7525.95','3966.03','-189.988','0','0','0','100','0'),
('7373','54','-7531.14','3958.18','-189.238','0','0','0','100','0'),
('7373','55','-7539.1','3946.52','-188.083','0','0','0','100','0'),
('7373','56','-7544.92','3939.14','-187.16','0','0','0','100','0'),
('7373','57','-7553.62','3928','-186.22','0','0','0','100','0'),
('7373','58','-7557.5','3923.51','-186.109','0','0','0','100','0'),
('7373','59','-7561.45','3915.84','-185.445','0','0','0','100','0'),
('7373','60','-7562.95','3908.34','-184.428','0','0','0','100','0'),
('7373','61','-7561.23','3900.07','-183.425','0','0','0','100','0'),
('7373','62','-7557.39','3892.12','-182.105','0','0','0','100','0'),
('7373','63','-7552.42','3886.52','-181.754','0','0','0','100','0'),
('7373','64','-7543.78','3879.4','-182.706','0','0','0','100','0'),
('7373','65','-7539.61','3877.65','-183.594','0','0','0','100','0'),
('7373','66','-7529.05','3875.72','-186.459','0','0','0','100','0'),
('7373','67','-7522.55','3876.42','-189.326','0','0','0','100','0'),
('7373','68','-7514.33','3877.84','-193.76','0','0','0','100','0'),
('7373','69','-7506.43','3879.08','-198.77','0','0','0','100','0'),
('7373','70','-7502.37','3879.72','-201.107','0','0','0','100','0'),
('7373','71','-7491.41','3881.26','-205.422','0','0','0','100','0');

-- Waypoint movement type guid 7372 (Poseidus) Loc 3
UPDATE `creature` SET `MovementType`='2', `spawndist`='0' WHERE `guid`='7372';

-- Set WP for creature guid 7372 (Poseidus)
DELETE FROM `creature_addon` WHERE (`guid`=7372);
INSERT INTO `creature_addon` (`guid`, `path_id`, `mount`, `bytes1`, `bytes2`, `emote`, `auras`) VALUES 
(7372, '7372', 0, 0, 1, 0, '');

-- WP For (Poseidus)
DELETE FROM waypoint_data WHERE id='7372';
INSERT INTO `waypoint_data` (`id`, `point`, `position_x`, `position_y`, `position_z`, `delay`, `move_flag`, `action`, `action_chance`, `wpguid`) VALUES 
('7372','1','-6078.93','3615.56','-439.25','0','0','0','100','0'),
('7372','2','-6075.89','3617.25','-439.438','0','0','0','100','0'),
('7372','3','-6071.74','3619.46','-439.048','0','0','0','100','0'),
('7372','4','-6065.48','3622.42','-437.585','0','0','0','100','0'),
('7372','5','-6061.21','3624.23','-436.664','0','0','0','100','0'),
('7372','6','-6056.88','3625.92','-435.886','0','0','0','100','0'),
('7372','7','-6052.38','3627.12','-435.09','0','0','0','100','0'),
('7372','8','-6047.87','3628.29','-434.328','0','0','0','100','0'),
('7372','9','-6043.33','3629.44','-433.721','0','0','0','100','0'),
('7372','10','-6036.4','3630.63','-432.845','0','0','0','100','0'),
('7372','11','-6029.42','3631.37','-431.965','0','0','0','100','0'),
('7372','12','-6026.37','3631.48','-431.638','0','0','0','100','0'),
('7372','13','-6018.27','3632.57','-430.358','0','0','0','100','0'),
('7372','14','-6013.9','3631.6','-428.845','0','0','0','100','0'),
('7372','15','-6001.32','3627.08','-425.406','0','0','0','100','0'),
('7372','16','-5994.68','3619.74','-420.756','0','0','0','100','0'),
('7372','17','-5989.62','3613.43','-415.884','0','0','0','100','0'),
('7372','18','-5983.71','3605.64','-411.209','0','0','0','100','0'),
('7372','19','-5978.42','3597.27','-410.122','0','0','0','100','0'),
('7372','20','-5975.57','3591.73','-412.054','0','0','0','100','0'),
('7372','21','-5973.5','3585.47','-414.836','0','0','0','100','0'),
('7372','22','-5973.68','3572.68','-420.635','0','0','0','100','0'),
('7372','23','-5978.02','3567.21','-423.394','0','0','0','100','0'),
('7372','24','-5984.21','3560.65','-426.166','0','0','0','100','0'),
('7372','25','-5989.66','3553.36','-428.675','0','0','0','100','0'),
('7372','26','-5996.3','3545.34','-432.375','0','0','0','100','0'),
('7372','27','-6005.33','3538.47','-436.886','0','0','0','100','0'),
('7372','28','-6016.5','3533.25','-443.847','0','0','0','100','0'),
('7372','29','-6025.76','3532.37','-449.708','0','0','0','100','0'),
('7372','30','-6032.74','3535.92','-453.645','0','0','0','100','0'),
('7372','31','-6040.91','3542.23','-455.831','0','0','0','100','0'),
('7372','32','-6047.89','3548.58','-455.9','0','0','0','100','0'),
('7372','33','-6058.46','3556.75','-455.903','0','0','0','100','0'),
('7372','34','-6067.34','3559','-458.189','0','0','0','100','0'),
('7372','35','-6076.36','3560.45','-460.552','0','0','0','100','0'),
('7372','36','-6082.02','3562.16','-461.126','0','0','0','100','0'),
('7372','37','-6090.3','3569.34','-459.518','0','0','0','100','0'),
('7372','38','-6094.13','3576','-457.015','0','0','0','100','0'),
('7372','39','-6098.88','3584','-453.389','0','0','0','100','0'),
('7372','40','-6107.65','3589.24','-447.592','0','0','0','100','0'),
('7372','41','-6111.05','3593.42','-443.779','0','0','0','100','0'),
('7372','42','-6113.01','3599.3','-439.546','0','0','0','100','0'),
('7372','43','-6109.7','3606.97','-436.625','0','0','0','100','0'),
('7372','44','-6101.51','3612.85','-437.064','0','0','0','100','0'),
('7372','45','-6092.56','3611.77','-438.648','0','0','0','100','0'),
('7372','46','-6087.1','3612.07','-438.426','0','0','0','100','0');

-- Waypoint movement type guid 7370 (Poseidus) Loc 4
UPDATE `creature` SET `MovementType`='2', `spawndist`='0' WHERE `guid`='7370';

-- Set WP for creature guid 7370 (Poseidus)
DELETE FROM `creature_addon` WHERE (`guid`=7370);
INSERT INTO `creature_addon` (`guid`, `path_id`, `mount`, `bytes1`, `bytes2`, `emote`, `auras`) VALUES 
(7370, '7370', 0, 0, 1, 0, '');

-- WP For (Poseidus)
DELETE FROM waypoint_data WHERE id='7370';
INSERT INTO `waypoint_data` (`id`, `point`, `position_x`, `position_y`, `position_z`, `delay`, `move_flag`, `action`, `action_chance`, `wpguid`) VALUES 
('7370','1','-6302.12','4487.75','-638.493','0','0','0','100','0'),
('7370','2','-6302.12','4487.75','-638.493','0','0','0','100','0'),
('7370','3','-6306.3','4493.46','-638.173','0','0','0','100','0'),
('7370','4','-6307.89','4495.9','-637.982','0','0','0','100','0'),
('7370','5','-6309.04','4500.05','-637.548','0','0','0','100','0'),
('7370','6','-6308.8','4505.66','-636.941','0','0','0','100','0'),
('7370','7','-6308.07','4510.31','-636.676','0','0','0','100','0'),
('7370','8','-6306.92','4514.83','-637.253','0','0','0','100','0'),
('7370','9','-6305.3','4519.17','-638.218','0','0','0','100','0'),
('7370','10','-6303.69','4523.5','-639.177','0','0','0','100','0'),
('7370','11','-6302.32','4527.93','-640.049','0','0','0','100','0'),
('7370','12','-6301.51','4532.24','-640.728','0','0','0','100','0'),
('7370','13','-6301.32','4536.47','-641.031','0','0','0','100','0'),
('7370','14','-6301.52','4541.17','-640.72','0','0','0','100','0'),
('7370','15','-6301.86','4548.98','-640.203','0','0','0','100','0'),
('7370','16','-6301.89','4558.42','-640.06','0','0','0','100','0'),
('7370','17','-6301.75','4567.86','-640.295','0','0','0','100','0'),
('7370','18','-6301.59','4577.28','-640.973','0','0','0','100','0'),
('7370','19','-6301.44','4586.7','-641.656','0','0','0','100','0'),
('7370','20','-6301.02','4600.81','-642.771','0','0','0','100','0'),
('7370','21','-6300.23','4610.18','-643.656','0','0','0','100','0'),
('7370','22','-6297.29','4618.45','-644.374','0','0','0','100','0'),
('7370','23','-6291.29','4624.56','-644.848','0','0','0','100','0'),
('7370','24','-6282.05','4625.16','-645.079','0','0','0','100','0'),
('7370','25','-6271.87','4622.49','-644.733','0','0','0','100','0'),
('7370','26','-6266.57','4615.45','-643.808','0','0','0','100','0'),
('7370','27','-6264.39','4606.48','-642.092','0','0','0','100','0'),
('7370','28','-6266.88','4598.72','-640.29','0','0','0','100','0'),
('7370','29','-6271.14','4590.67','-637.83','0','0','0','100','0'),
('7370','30','-6276.21','4583.33','-635.197','0','0','0','100','0'),
('7370','31','-6282.4','4577.24','-632.893','0','0','0','100','0'),
('7370','32','-6289.79','4571.63','-631.139','0','0','0','100','0'),
('7370','33','-6297.01','4565.76','-629.581','0','0','0','100','0'),
('7370','34','-6303.87','4559.43','-628.145','0','0','0','100','0'),
('7370','35','-6310.67','4553.03','-626.708','0','0','0','100','0'),
('7370','36','-6318.8','4544.87','-624.997','0','0','0','100','0'),
('7370','37','-6327.53','4536.88','-626.12','0','0','0','100','0'),
('7370','38','-6330.98','4533.8','-627.102','0','0','0','100','0'),
('7370','39','-6337.81','4528.02','-630.114','0','0','0','100','0'),
('7370','40','-6344.44','4522.4','-633.799','0','0','0','100','0'),
('7370','41','-6354.29','4514.18','-639.81','0','0','0','100','0'),
('7370','42','-6360.83','4508.66','-643.81','0','0','0','100','0'),
('7370','43','-6367.06','4503.05','-646.956','0','0','0','100','0'),
('7370','44','-6373.18','4497.43','-648.53','0','0','0','100','0'),
('7370','45','-6380.18','4491.11','-648.986','0','0','0','100','0'),
('7370','46','-6386.96','4484.55','-648.769','0','0','0','100','0'),
('7370','47','-6393.38','4477.65','-648.12','0','0','0','100','0'),
('7370','48','-6399.47','4470.49','-647.191','0','0','0','100','0'),
('7370','49','-6405','4462.92','-646.092','0','0','0','100','0'),
('7370','50','-6410.34','4453.1','-644.688','0','0','0','100','0'),
('7370','51','-6413.53','4444.33','-643.273','0','0','0','100','0'),
('7370','52','-6415.83','4436.57','-641.972','0','0','0','100','0'),
('7370','53','-6417.62','4427.44','-640.382','0','0','0','100','0'),
('7370','54','-6420.25','4409.98','-637.113','0','0','0','100','0'),
('7370','55','-6423.25','4401.48','-634.288','0','0','0','100','0'),
('7370','56','-6425.08','4392.64','-631.827','0','0','0','100','0'),
('7370','57','-6424.75','4383.24','-630.935','0','0','0','100','0'),
('7370','58','-6423.35','4373.97','-630.015','0','0','0','100','0'),
('7370','59','-6420.95','4364.89','-629.019','0','0','0','100','0'),
('7370','60','-6414.57','4352.17','-627.453','0','0','0','100','0'),
('7370','61','-6408.36','4345.91','-628.308','0','0','0','100','0'),
('7370','62','-6404.25','4342.22','-630.095','0','0','0','100','0'),
('7370','63','-6394.77','4334.05','-636.724','0','0','0','100','0'),
('7370','64','-6389.63','4330.13','-640.676','0','0','0','100','0'),
('7370','65','-6383.75','4328.35','-643.276','0','0','0','100','0'),
('7370','66','-6375.1','4329.65','-644.983','0','0','0','100','0'),
('7370','67','-6369.77','4333.06','-644.981','0','0','0','100','0'),
('7370','68','-6365.09','4340.3','-643.863','0','0','0','100','0'),
('7370','69','-6357.27','4350.95','-640.583','0','0','0','100','0'),
('7370','70','-6350.2','4356.64','-637.942','0','0','0','100','0'),
('7370','71','-6343.23','4362.4','-635.245','0','0','0','100','0'),
('7370','72','-6337.74','4369.98','-632.568','0','0','0','100','0'),
('7370','73','-6335.05','4377.79','-632.067','0','0','0','100','0'),
('7370','74','-6332.57','4386.85','-632.967','0','0','0','100','0'),
('7370','75','-6330.5','4395.73','-635.394','0','0','0','100','0'),
('7370','76','-6328.39','4404.24','-638.89','0','0','0','100','0'),
('7370','77','-6324.93','4418.4','-644.96','0','0','0','100','0'),
('7370','78','-6322.65','4425.9','-646.357','0','0','0','100','0'),
('7370','79','-6320.31','4432.17','-646.409','0','0','0','100','0'),
('7370','80','-6316.68','4439.15','-645.281','0','0','0','100','0'),
('7370','81','-6311.38','4446.77','-643.521','0','0','0','100','0'),
('7370','82','-6306.41','4454.43','-641.563','0','0','0','100','0'),
('7370','83','-6303.6','4462.31','-640.4','0','0','0','100','0'),
('7370','84','-6302.43','4478.59','-639.796','0','0','0','100','0');

-- Waypoint movement type guid 7442 (Madexx) Loc 1
UPDATE `creature` SET `MovementType`='2', `spawndist`='0' WHERE `guid`='7442';

-- Set WP for creature guid 7442 (Madexx)
DELETE FROM `creature_addon` WHERE (`guid`=7442);
INSERT INTO `creature_addon` (`guid`, `path_id`, `mount`, `bytes1`, `bytes2`, `emote`, `auras`) VALUES 
(7442, '7442', 0, 0, 1, 0, '');

-- WP For (Madexx)
DELETE FROM waypoint_data WHERE id='7442';
INSERT INTO `waypoint_data` (`id`, `point`, `position_x`, `position_y`, `position_z`, `delay`, `move_flag`, `action`, `action_chance`, `wpguid`) VALUES 
('7442','1','-8455.21','-200.236','197.128','0','0','0','100','0'),
('7442','2','-8455.21','-200.236','197.128','0','0','0','100','0'),
('7442','3','-8451.77','-213.188','198.242','0','0','0','100','0'),
('7442','4','-8452.9','-218.67','197.122','0','0','0','100','0'),
('7442','5','-8456.34','-227.833','195.623','0','0','0','100','0'),
('7442','6','-8459.08','-234.27','195.771','0','0','0','100','0'),
('7442','7','-8461.25','-238.403','196.108','0','0','0','100','0'),
('7442','8','-8470.07','-249.436','195.58','0','0','0','100','0'),
('7442','9','-8477.91','-253.749','194.384','0','0','0','100','0'),
('7442','10','-8479.78','-253.904','194.152','0','0','0','100','0'),
('7442','11','-8493.92','-251.245','195.154','0','0','0','100','0'),
('7442','12','-8502.41','-244.355','197.085','0','0','0','100','0'),
('7442','13','-8507.83','-238.337','197.662','0','0','0','100','0'),
('7442','14','-8514.74','-226.163','197.642','0','0','0','100','0'),
('7442','15','-8519.08','-219.828','197.496','0','0','0','100','0'),
('7442','16','-8524.23','-215.087','197.104','0','0','0','100','0'),
('7442','17','-8531.72','-208.94','196.173','0','0','0','100','0'),
('7442','18','-8543.73','-201.743','194.824','0','0','0','100','0'),
('7442','19','-8549.74','-198.158','194.126','0','0','0','100','0'),
('7442','20','-8560.12','-192.956','191.657','0','0','0','100','0'),
('7442','21','-8570.37','-190.961','191.328','0','0','0','100','0'),
('7442','22','-8579.53','-186.831','191.542','0','0','0','100','0'),
('7442','23','-8591.95','-180.37','191.05','0','0','0','100','0'),
('7442','24','-8610.11','-170.816','186.207','0','0','0','100','0'),
('7442','25','-8616.05','-165.925','184.908','0','0','0','100','0'),
('7442','26','-8621.03','-158.119','183.334','0','0','0','100','0'),
('7442','27','-8627.66','-145.786','183.783','0','0','0','100','0'),
('7442','28','-8634.21','-133.416','180.645','0','0','0','100','0'),
('7442','29','-8637.68','-127.334','178.368','0','0','0','100','0'),
('7442','30','-8645.35','-117.052','173.089','0','0','0','100','0'),
('7442','31','-8650.06','-111.88','170.274','0','0','0','100','0'),
('7442','32','-8658.78','-104.152','166.469','0','0','0','100','0'),
('7442','33','-8664.6','-100.252','164.878','0','0','0','100','0'),
('7442','34','-8677.67','-93.4072','162.006','0','0','0','100','0'),
('7442','35','-8679.25','-92.9982','161.788','0','0','0','100','0'),
('7442','36','-8693.55','-92.2089','160.984','0','0','0','100','0'),
('7442','37','-8702.29','-93.6045','161.497','0','0','0','100','0'),
('7442','38','-8707.92','-95.8465','162.363','0','0','0','100','0'),
('7442','39','-8713.61','-99.9493','163.736','0','0','0','100','0'),
('7442','40','-8717.86','-107.106','166.085','0','0','0','100','0'),
('7442','41','-8721.07','-113.31','167.785','0','0','0','100','0'),
('7442','42','-8721.57','-122.11','169.946','0','0','0','100','0'),
('7442','43','-8720.82','-126.701','170.856','0','0','0','100','0'),
('7442','44','-8719.02','-133.464','171.908','0','0','0','100','0'),
('7442','45','-8717.1','-140.194','172.584','0','0','0','100','0'),
('7442','46','-8715.01','-150.708','172.961','0','0','0','100','0'),
('7442','47','-8715.42','-160.711','172.16','0','0','0','100','0'),
('7442','48','-8716.5','-165.96','171.425','0','0','0','100','0'),
('7442','49','-8718.67','-172.612','170.496','0','0','0','100','0'),
('7442','50','-8721.31','-179.093','170.311','0','0','0','100','0'),
('7442','51','-8724.21','-185.464','171.257','0','0','0','100','0'),
('7442','52','-8727.12','-191.834','171.406','0','0','0','100','0'),
('7442','53','-8732.53','-204.269','169.409','0','0','0','100','0'),
('7442','54','-8733.25','-206.943','168.727','0','0','0','100','0'),
('7442','55','-8734.29','-213.864','166.762','0','0','0','100','0'),
('7442','56','-8734.94','-222.222','165.556','0','0','0','100','0'),
('7442','57','-8733.02','-236.089','169.168','0','0','0','100','0'),
('7442','58','-8732.2','-243.04','170.28','0','0','0','100','0'),
('7442','59','-8731.49','-250.004','170.255','0','0','0','100','0'),
('7442','60','-8729.66','-259.983','170.012','0','0','0','100','0'),
('7442','61','-8728.23','-263.751','170.611','0','0','0','100','0'),
('7442','62','-8722.02','-276.297','174.801','0','0','0','100','0'),
('7442','63','-8719.18','-282.695','176.596','0','0','0','100','0'),
('7442','64','-8719.18','-282.695','176.596','0','0','0','100','0'),
('7442','65','-8715.91','-293.638','177.519','0','0','0','100','0'),
('7442','66','-8715.34','-298.263','177.458','0','0','0','100','0'),
('7442','67','-8715.21','-305.259','176.936','0','0','0','100','0'),
('7442','68','-8717.1','-317.191','174.412','0','0','0','100','0'),
('7442','69','-8719.57','-323.741','173.967','0','0','0','100','0'),
('7442','70','-8722.06','-330.28','175.363','0','0','0','100','0'),
('7442','71','-8725.37','-339.756','176.82','0','0','0','100','0'),
('7442','72','-8725.75','-342.884','177.131','0','0','0','100','0'),
('7442','73','-8726.15','-349.873','177.862','0','0','0','100','0'),
('7442','74','-8727.72','-361.692','180.32','0','0','0','100','0'),
('7442','75','-8729.08','-364.824','181.021','0','0','0','100','0'),
('7442','76','-8730.9','-367.895','181.65','0','0','0','100','0'),
('7442','77','-8734.89','-373.644','182.648','0','0','0','100','0'),
('7442','78','-8740.7','-383.28','183.758','0','0','0','100','0'),
('7442','79','-8741.96','-386.707','183.88','0','0','0','100','0'),
('7442','80','-8744.26','-397.193','183.365','0','0','0','100','0'),
('7442','81','-8744.46','-401.134','182.973','0','0','0','100','0'),
('7442','82','-8743.54','-411.805','181.56','0','0','0','100','0'),
('7442','83','-8741.76','-417.588','180.404','0','0','0','100','0'),
('7442','84','-8738.96','-422.425','179.945','0','0','0','100','0'),
('7442','85','-8735.63','-426.002','179.986','0','0','0','100','0'),
('7442','86','-8731.6','-429.166','180.355','0','0','0','100','0'),
('7442','87','-8727.69','-431.712','180.838','0','0','0','100','0'),
('7442','88','-8717.81','-437.78','182.292','0','0','0','100','0'),
('7442','89','-8716.04','-439.917','182.468','0','0','0','100','0'),
('7442','90','-8710.67','-449.174','182.881','0','0','0','100','0'),
('7442','91','-8709.85','-453.282','182.867','0','0','0','100','0'),
('7442','92','-8709.99','-462.772','181.649','0','0','0','100','0'),
('7442','93','-8710.87','-469.716','180.397','0','0','0','100','0'),
('7442','94','-8711.83','-476.649','180.485','0','0','0','100','0'),
('7442','95','-8714.26','-490.437','182.623','0','0','0','100','0'),
('7442','96','-8712.29','-496.786','184.043','0','0','0','100','0'),
('7442','97','-8703.99','-496.339','184.294','0','0','0','100','0'),
('7442','98','-8700.73','-498.119','184.564','0','0','0','100','0'),
('7442','99','-8700.55','-500.723','184.629','0','0','0','100','0'),
('7442','100','-8703.92','-506.862','184.117','0','0','0','100','0'),
('7442','101','-8708.59','-513.2','183.576','0','0','0','100','0'),
('7442','102','-8718.34','-523.244','183.013','0','0','0','100','0'),
('7442','103','-8723.04','-528.433','182.386','0','0','0','100','0'),
('7442','104','-8729.22','-537.276','181.99','0','0','0','100','0'),
('7442','105','-8731.7','-543.757','182.756','0','0','0','100','0'),
('7442','106','-8732.69','-554.165','184.624','0','0','0','100','0'),
('7442','107','-8730.94','-560.406','185.871','0','0','0','100','0'),
('7442','108','-8727.08','-566.242','186.975','0','0','0','100','0'),
('7442','109','-8723.82','-569.836','187.717','0','0','0','100','0'),
('7442','110','-8715.77','-575.414','188.853','0','0','0','100','0'),
('7442','111','-8710.5','-580.013','189.099','0','0','0','100','0'),
('7442','112','-8700.99','-590.253','190.843','0','0','0','100','0'),
('7442','113','-8696.36','-595.498','193.383','0','0','0','100','0'),
('7442','114','-8690.47','-600.713','196.102','0','0','0','100','0'),
('7442','115','-8685.43','-603.141','197.655','0','0','0','100','0'),
('7442','116','-8677.37','-605.21','199.776','0','0','0','100','0'),
('7442','117','-8672.42','-606.13','201.148','0','0','0','100','0'),
('7442','118','-8668.2','-608.984','202.88','0','0','0','100','0'),
('7442','119','-8662.06','-616.602','206.359','0','0','0','100','0'),
('7442','120','-8657.98','-622.291','208.925','0','0','0','100','0'),
('7442','121','-8654.27','-628.222','211.153','0','0','0','100','0'),
('7442','122','-8647.52','-640.469','214.339','0','0','0','100','0'),
('7442','123','-8643.86','-646.435','216.304','0','0','0','100','0'),
('7442','124','-8639.95','-652.242','218.875','0','0','0','100','0'),
('7442','125','-8635.58','-657.701','221.904','0','0','0','100','0'),
('7442','126','-8626.93','-665.483','228.534','0','0','0','100','0'),
('7442','127','-8624.58','-667.022','230.533','0','0','0','100','0'),
('7442','128','-8618.28','-670.049','235.64','0','0','0','100','0'),
('7442','129','-8608.46','-672.924','242.304','0','0','0','100','0'),
('7442','130','-8604.79','-672.354','244.273','0','0','0','100','0'),
('7442','131','-8604.79','-672.354','244.273','0','0','0','100','0'),
('7442','132','-8595.06','-668.316','248.526','0','0','0','100','0'),
('7442','133','-8593.47','-665.471','249.009','0','0','0','100','0'),
('7442','134','-8590.45','-659.157','249.439','0','0','0','100','0'),
('7442','135','-8587.62','-652.754','248.905','0','0','0','100','0'),
('7442','136','-8584.64','-646.94','248.404','0','0','0','100','0'),
('7442','137','-8581.18','-641.966','248.204','0','0','0','100','0'),
('7442','138','-8576.76','-636.54','247.794','0','0','0','100','0'),
('7442','139','-8574.4','-634.273','247.737','0','0','0','100','0'),
('7442','140','-8569.06','-629.746','248.248','0','0','0','100','0'),
('7442','141','-8561.13','-622.552','248.292','0','0','0','100','0'),
('7442','142','-8559.26','-619.316','248.619','0','0','0','100','0'),
('7442','143','-8556.17','-611.523','249.028','0','0','0','100','0'),
('7442','144','-8554.68','-604.684','248.511','0','0','0','100','0'),
('7442','145','-8553.51','-597.783','247.795','0','0','0','100','0'),
('7442','146','-8553.51','-597.783','247.795','0','0','0','100','0'),
('7442','147','-8552.34','-590.882','247.541','0','0','0','100','0'),
('7442','148','-8550.07','-579.923','247.414','0','0','0','100','0'),
('7442','149','-8547.17','-573.588','247.688','0','0','0','100','0'),
('7442','150','-8547.17','-573.588','247.688','0','0','0','100','0'),
('7442','151','-8540.59','-564.006','248.597','0','0','0','100','0'),
('7442','152','-8535.77','-558.949','249.183','0','0','0','100','0'),
('7442','153','-8530.76','-554.07','249.978','0','0','0','100','0'),
('7442','154','-8526.25','-550.017','250.683','0','0','0','100','0'),
('7442','155','-8521.54','-547.01','251.514','0','0','0','100','0'),
('7442','156','-8517.24','-545.186','252.424','0','0','0','100','0'),
('7442','157','-8510.59','-542.999','253.856','0','0','0','100','0'),
('7442','158','-8503.91','-540.889','255.241','0','0','0','100','0'),
('7442','159','-8503.91','-540.889','255.241','0','0','0','100','0'),
('7442','160','-8497.22','-538.846','256.607','0','0','0','100','0'),
('7442','161','-8490.52','-536.869','258.035','0','0','0','100','0'),
('7442','162','-8483.82','-534.858','259.641','0','0','0','100','0'),
('7442','163','-8477.17','-532.673','261.007','0','0','0','100','0'),
('7442','164','-8471.06','-530.389','261.997','0','0','0','100','0'),
('7442','165','-8465.2','-527.497','262.746','0','0','0','100','0'),
('7442','166','-8460.49','-524.484','263.212','0','0','0','100','0'),
('7442','167','-8454.53','-519.3','263.395','0','0','0','100','0'),
('7442','168','-8451.62','-514.519','262.974','0','0','0','100','0'),
('7442','169','-8449.88','-510.979','262.551','0','0','0','100','0'),
('7442','170','-8448.11','-505.889','261.662','0','0','0','100','0'),
('7442','171','-8448.11','-505.889','261.662','0','0','0','100','0'),
('7442','172','-8446.38','-499.106','260.249','0','0','0','100','0'),
('7442','173','-8444.52','-492.36','259.046','0','0','0','100','0'),
('7442','174','-8444.52','-492.36','259.046','0','0','0','100','0'),
('7442','175','-8442.47','-485.665','257.718','0','0','0','100','0'),
('7442','176','-8440.37','-478.988','256.517','0','0','0','100','0'),
('7442','177','-8436.58','-469.471','255.579','0','0','0','100','0'),
('7442','178','-8433.67','-464.688','255.56','0','0','0','100','0'),
('7442','179','-8429.48','-459.082','255.395','0','0','0','100','0'),
('7442','180','-8429.48','-459.082','255.395','0','0','0','100','0'),
('7442','181','-8424.99','-453.715','255.075','0','0','0','100','0'),
('7442','182','-8420.35','-448.47','255.036','0','0','0','100','0'),
('7442','183','-8415.45','-443.471','255.232','0','0','0','100','0'),
('7442','184','-8415.45','-443.471','255.232','0','0','0','100','0'),
('7442','185','-8405.63','-433.499','254.724','0','0','0','100','0'),
('7442','186','-8405.63','-433.499','254.724','0','0','0','100','0'),
('7442','187','-8400.78','-428.451','254.185','0','0','0','100','0'),
('7442','188','-8395.99','-423.346','253.663','0','0','0','100','0'),
('7442','189','-8391.38','-418.075','253.029','0','0','0','100','0'),
('7442','190','-8387.11','-411.978','252.113','0','0','0','100','0'),
('7442','191','-8385.15','-405.796','250.396','0','0','0','100','0'),
('7442','192','-8385.96','-400.745','247.909','0','0','0','100','0'),
('7442','193','-8389.98','-393.934','243.403','0','0','0','100','0'),
('7442','194','-8398.51','-387.423','239.668','0','0','0','100','0'),
('7442','195','-8401.82','-384.837','238.534','0','0','0','100','0'),
('7442','196','-8401.82','-384.837','238.534','0','0','0','100','0'),
('7442','197','-8395.04','-383.103','239.014','0','0','0','100','0'),
('7442','198','-8388.22','-381.598','240.082','0','0','0','100','0'),
('7442','199','-8380.67','-379.236','242.475','0','0','0','100','0'),
('7442','200','-8376.51','-375.548','243.732','0','0','0','100','0'),
('7442','201','-8374.6','-371.832','243.91','0','0','0','100','0'),
('7442','202','-8372.83','-364.107','243.44','0','0','0','100','0'),
('7442','203','-8370.97','-362.748','243.611','0','0','0','100','0'),
('7442','204','-8366.41','-360.388','243.941','0','0','0','100','0'),
('7442','205','-8359.95','-357.69','244.481','0','0','0','100','0'),
('7442','206','-8352.29','-354.273','246.233','0','0','0','100','0'),
('7442','207','-8352.29','-354.273','246.233','0','0','0','100','0'),
('7442','208','-8348.1','-351.325','247.522','0','0','0','100','0'),
('7442','209','-8343.91','-346.956','248.429','0','0','0','100','0'),
('7442','210','-8341.19','-343.172','248.733','0','0','0','100','0'),
('7442','211','-8337.68','-337.115','248.646','0','0','0','100','0'),
('7442','212','-8334.45','-330.907','247.616','0','0','0','100','0'),
('7442','213','-8331.09','-324.77','246.172','0','0','0','100','0'),
('7442','214','-8333.27','-318.657','242.317','0','0','0','100','0'),
('7442','215','-8338.4','-318.417','241.181','0','0','0','100','0'),
('7442','216','-8351.29','-313.4','231.229','0','0','0','100','0'),
('7442','217','-8357.25','-306.901','229.653','0','0','0','100','0'),
('7442','218','-8361','-300.991','228.085','0','0','0','100','0'),
('7442','219','-8368.5','-289.169','222.503','0','0','0','100','0'),
('7442','220','-8373.43','-280.402','222.508','0','0','0','100','0'),
('7442','221','-8375.73','-272.159','221.128','0','0','0','100','0'),
('7442','222','-8375.22','-263.799','219.564','0','0','0','100','0'),
('7442','223','-8373.21','-257.094','218.994','0','0','0','100','0'),
('7442','224','-8369.58','-249.592','219.364','0','0','0','100','0'),
('7442','225','-8365.13','-244.202','220.038','0','0','0','100','0'),
('7442','226','-8360.61','-238.867','220.209','0','0','0','100','0'),
('7442','227','-8356.71','-231.008','218.713','0','0','0','100','0'),
('7442','228','-8357.15','-224.039','216.137','0','0','0','100','0'),
('7442','229','-8358.1','-219.947','213.459','0','0','0','100','0'),
('7442','230','-8358.85','-217.746','213.194','0','0','0','100','0'),
('7442','231','-8359.6','-215.531','212.39','0','0','0','100','0'),
('7442','232','-8360.2','-213.768','211.365','0','0','0','100','0'),
('7442','233','-8368.27','-204.616','204.547','0','0','0','100','0'),
('7442','234','-8380.6','-199.108','204.335','0','0','0','100','0'),
('7442','235','-8387.46','-197.706','204.169','0','0','0','100','0'),
('7442','236','-8401.19','-194.985','203.281','0','0','0','100','0'),
('7442','237','-8407.29','-192.424','202.298','0','0','0','100','0'),
('7442','238','-8415.17','-185.889','199.846','0','0','0','100','0'),
('7442','239','-8420.29','-181.114','197.935','0','0','0','100','0'),
('7442','240','-8424.9','-175.848','197.046','0','0','0','100','0'),
('7442','241','-8432.54','-166.568','198.371','0','0','0','100','0'),
('7442','242','-8434.5','-163.406','199.245','0','0','0','100','0'),
('7442','243','-8437.29','-156.998','200.653','0','0','0','100','0'),
('7442','244','-8438.05','-148.227','201.678','0','0','0','100','0'),
('7442','245','-8437.9','-147.792','201.71','0','0','0','100','0'),
('7442','246','-8434.26','-141.813','202.251','0','0','0','100','0'),
('7442','247','-8430.48','-135.924','203.12','0','0','0','100','0'),
('7442','248','-8428.45','-133.374','203.513','0','0','0','100','0'),
('7442','249','-8425.84','-130.692','203.715','0','0','0','100','0'),
('7442','250','-8422.96','-128.321','203.582','0','0','0','100','0'),
('7442','251','-8418.64','-125.568','204.032','0','0','0','100','0'),
('7442','252','-8418.64','-125.568','204.032','0','0','0','100','0'),
('7442','253','-8418.64','-125.568','204.032','0','0','0','100','0'),
('7442','254','-8408.53','-119.746','208.269','0','0','0','100','0'),
('7442','255','-8403.04','-114.714','209.286','0','0','0','100','0'),
('7442','256','-8399.73','-107.364','209.469','0','0','0','100','0'),
('7442','257','-8402.16','-102.351','209.824','0','0','0','100','0'),
('7442','258','-8406.34','-96.7319','211.469','0','0','0','100','0'),
('7442','259','-8406.34','-96.7319','211.469','0','0','0','100','0'),
('7442','260','-8410.52','-91.1207','212.666','0','0','0','100','0'),
('7442','261','-8414.62','-85.4456','212.865','0','0','0','100','0'),
('7442','262','-8418.33','-79.5128','212.451','0','0','0','100','0'),
('7442','263','-8418.33','-79.5128','212.451','0','0','0','100','0'),
('7442','264','-8422.03','-73.5691','211.616','0','0','0','100','0'),
('7442','265','-8425.8','-67.6692','210.515','0','0','0','100','0'),
('7442','266','-8429.5','-58.1961','208.7','0','0','0','100','0'),
('7442','267','-8429.51','-52.6069','208.468','0','0','0','100','0'),
('7442','268','-8429.14','-50.3145','208.419','0','0','0','100','0'),
('7442','269','-8427.25','-43.5731','208.247','0','0','0','100','0'),
('7442','270','-8424.52','-37.6797','208.076','0','0','0','100','0'),
('7442','271','-8421.01','-33.3236','208.148','0','0','0','100','0'),
('7442','272','-8417.75','-30.005','208.345','0','0','0','100','0'),
('7442','273','-8412.48','-25.4001','208.815','0','0','0','100','0'),
('7442','274','-8407.09','-20.9348','209.3','0','0','0','100','0'),
('7442','275','-8404.06','-18.0438','209.433','0','0','0','100','0'),
('7442','276','-8402.51','-16.2878','209.459','0','0','0','100','0'),
('7442','277','-8399','-11.3306','209.014','0','0','0','100','0'),
('7442','278','-8396.74','-7.25918','207.845','0','0','0','100','0'),
('7442','279','-8395.6','-4.20839','206.88','0','0','0','100','0'),
('7442','280','-8394.75','0.374975','206.288','0','0','0','100','0'),
('7442','281','-8394.25','7.35265','206.776','0','0','0','100','0'),
('7442','282','-8394.25','7.35265','206.776','0','0','0','100','0'),
('7442','283','-8394.25','7.35265','206.776','0','0','0','100','0'),
('7442','284','-8393.4','20.3958','207.01','0','0','0','100','0'),
('7442','285','-8390.74','29.2943','207.252','0','0','0','100','0'),
('7442','286','-8388.62','32.9252','207.471','0','0','0','100','0'),
('7442','287','-8388.62','32.9252','207.471','0','0','0','100','0'),
('7442','288','-8383.24','43.6371','207.015','0','0','0','100','0'),
('7442','289','-8383.43','45.9592','206.491','0','0','0','100','0'),
('7442','290','-8385','51.8135','205.982','0','0','0','100','0'),
('7442','291','-8387.13','58.4709','206.497','0','0','0','100','0'),
('7442','292','-8389.21','65.1525','206.009','0','0','0','100','0'),
('7442','293','-8391.19','71.8634','205.133','0','0','0','100','0'),
('7442','294','-8390.6','80.1453','204.348','0','0','0','100','0'),
('7442','295','-8389.04','82.9933','204.61','0','0','0','100','0'),
('7442','296','-8386.59','85.7876','205.073','0','0','0','100','0'),
('7442','297','-8383.87','87.571','205.678','0','0','0','100','0'),
('7442','298','-8381.23','88.4516','206.364','0','0','0','100','0'),
('7442','299','-8371.95','89.1043','209.598','0','0','0','100','0'),
('7442','300','-8367.27','86.1044','212.246','0','0','0','100','0'),
('7442','301','-8364.44','81.8932','213.856','0','0','0','100','0'),
('7442','302','-8361.09','73.7011','215.077','0','0','0','100','0'),
('7442','303','-8360.3','68.6361','215.377','0','0','0','100','0'),
('7442','304','-8361.74','57.1288','215.055','0','0','0','100','0'),
('7442','305','-8362.86','54.0643','214.661','0','0','0','100','0'),
('7442','306','-8364.48','50.6963','213.759','0','0','0','100','0'),
('7442','307','-8370.93','39.9021','210.871','0','0','0','100','0'),
('7442','308','-8378.03','33.8832','210.138','0','0','0','100','0'),
('7442','309','-8380.72','32.0145','209.595','0','0','0','100','0'),
('7442','310','-8386.81','28.5725','208.303','0','0','0','100','0'),
('7442','311','-8393.58','23.7183','206.832','0','0','0','100','0'),
('7442','312','-8395.87','18.176','206.395','0','0','0','100','0'),
('7442','313','-8394.83','11.7963','206.733','0','0','0','100','0'),
('7442','314','-8391.5','6.21776','207.504','0','0','0','100','0'),
('7442','315','-8388.04','3.08925','207.671','0','0','0','100','0'),
('7442','316','-8388.04','3.08925','207.671','0','0','0','100','0'),
('7442','317','-8382.39','-1.04316','209.893','0','0','0','100','0'),
('7442','318','-8379.08','-2.68645','211.794','0','0','0','100','0'),
('7442','319','-8374.46','-3.39729','214.041','0','0','0','100','0'),
('7442','320','-8361.9','-4.08426','217.708','0','0','0','100','0'),
('7442','321','-8356','-2.78665','219.326','0','0','0','100','0'),
('7442','322','-8349.5','-0.185267','221.154','0','0','0','100','0'),
('7442','323','-8343.08','2.59745','222.543','0','0','0','100','0'),
('7442','324','-8336.66','5.38016','224.487','0','0','0','100','0'),
('7442','325','-8326.72','9.42917','228.442','0','0','0','100','0'),
('7442','326','-8318.28','9.87239','232.288','0','0','0','100','0'),
('7442','327','-8315.09','6.37278','232.988','0','0','0','100','0'),
('7442','328','-8315.68','-0.908441','232.203','0','0','0','100','0'),
('7442','329','-8316.4','-2.10493','231.953','0','0','0','100','0'),
('7442','330','-8321.33','-7.07729','230.529','0','0','0','100','0'),
('7442','331','-8321.33','-7.07729','230.529','0','0','0','100','0'),
('7442','332','-8328.82','-12.4695','228.352','0','0','0','100','0'),
('7442','333','-8333.79','-13.7369','226.831','0','0','0','100','0'),
('7442','334','-8340.76','-14.3321','224.535','0','0','0','100','0'),
('7442','335','-8347.75','-14.6684','222.183','0','0','0','100','0'),
('7442','336','-8357.97','-15.4997','218.967','0','0','0','100','0'),
('7442','337','-8362.48','-16.6865','217.617','0','0','0','100','0'),
('7442','338','-8371.72','-20.9451','214.719','0','0','0','100','0'),
('7442','339','-8376.98','-25.5551','213.784','0','0','0','100','0'),
('7442','340','-8382.71','-31.3648','214.271','0','0','0','100','0'),
('7442','341','-8384.9','-35.4624','214.653','0','0','0','100','0'),
('7442','342','-8385.9','-40.0135','214.839','0','0','0','100','0'),
('7442','343','-8386.48','-55.4883','215.245','0','0','0','100','0'),
('7442','344','-8384.58','-62.6992','215.85','0','0','0','100','0'),
('7442','345','-8381.79','-69.094','216.358','0','0','0','100','0'),
('7442','346','-8381.79','-69.094','216.358','0','0','0','100','0'),
('7442','347','-8377.23','-81.2674','216.114','0','0','0','100','0'),
('7442','348','-8376.97','-85.9397','215.341','0','0','0','100','0'),
('7442','349','-8380.07','-94.0382','212.837','0','0','0','100','0'),
('7442','350','-8384.98','-99.0102','210.95','0','0','0','100','0'),
('7442','351','-8387.25','-100.647','210.492','0','0','0','100','0'),
('7442','352','-8393.29','-104.172','210.14','0','0','0','100','0'),
('7442','353','-8403.54','-109.716','208.755','0','0','0','100','0'),
('7442','354','-8407.9','-114.556','208.907','0','0','0','100','0'),
('7442','355','-8409.22','-117.019','208.708','0','0','0','100','0'),
('7442','356','-8413.32','-124.327','206.326','0','0','0','100','0'),
('7442','357','-8415.35','-126.251','205.375','0','0','0','100','0'),
('7442','358','-8421.12','-130.204','203.527','0','0','0','100','0'),
('7442','359','-8426.93','-134.104','203.538','0','0','0','100','0'),
('7442','360','-8432.46','-138.393','202.735','0','0','0','100','0'),
('7442','361','-8434.48','-140.333','202.466','0','0','0','100','0'),
('7442','362','-8443.24','-151.242','201.925','0','0','0','100','0'),
('7442','363','-8447.55','-156.757','201.731','0','0','0','100','0'),
('7442','364','-8455.29','-165.624','200.356','0','0','0','100','0'),
('7442','365','-8458.05','-169.623','199.406','0','0','0','100','0'),
('7442','366','-8460.56','-174.886','198.08','0','0','0','100','0'),
('7442','367','-8461.48','-182.656','196.473','0','0','0','100','0'),
('7442','368','-8460.07','-188.533','195.295','0','0','0','100','0'),
('7442','369','-8456.6','-196.801','196.153','0','0','0','100','0');

-- Waypoint movement type guid 7443 (Madexx) Loc 2
UPDATE `creature` SET `MovementType`='2', `spawndist`='0' WHERE `guid`='7443';

-- Set WP for creature guid 7443 (Madexx)
DELETE FROM `creature_addon` WHERE (`guid`=7443);
INSERT INTO `creature_addon` (`guid`, `path_id`, `mount`, `bytes1`, `bytes2`, `emote`, `auras`) VALUES 
(7443, '7443', 0, 0, 1, 0, '');

-- WP For (Madexx)
DELETE FROM waypoint_data WHERE id='7443';
INSERT INTO `waypoint_data` (`id`, `point`, `position_x`, `position_y`, `position_z`, `delay`, `move_flag`, `action`, `action_chance`, `wpguid`) VALUES 
('7443','1','-9005.52','-316.161','141.837','0','0','0','100','0'),
('7443','2','-9002.23','-322.338','140.552','0','0','0','100','0'),
('7443','3','-8994.76','-337.855','143.039','0','0','0','100','0'),
('7443','4','-8996.86','-350.655','142.729','0','0','0','100','0'),
('7443','5','-9003.65','-357.719','141.223','0','0','0','100','0'),
('7443','6','-9015.12','-365.435','139.728','0','0','0','100','0'),
('7443','7','-9024.33','-367.085','139.931','0','0','0','100','0'),
('7443','8','-9039.37','-367.461','140.047','0','0','0','100','0'),
('7443','9','-9053.5','-361.956','140.844','0','0','0','100','0'),
('7443','10','-9065.69','-355.074','141.123','0','0','0','100','0'),
('7443','11','-9075.98','-348.263','141.384','0','0','0','100','0'),
('7443','12','-9082.24','-338.767','141.204','0','0','0','100','0'),
('7443','13','-9086.73','-325.516','140.553','0','0','0','100','0'),
('7443','14','-9088.02','-318.414','140.307','0','0','0','100','0'),
('7443','15','-9088.05','-304.424','140.721','0','0','0','100','0'),
('7443','16','-9087.7','-289.772','141.193','0','0','0','100','0'),
('7443','17','-9090.46','-276.058','140.571','0','0','0','100','0'),
('7443','18','-9092.42','-266.95','141.811','0','0','0','100','0'),
('7443','19','-9089.46','-251.9','144.113','0','0','0','100','0'),
('7443','20','-9080.21','-243.972','144.289','0','0','0','100','0'),
('7443','21','-9070.46','-240.765','143.305','0','0','0','100','0'),
('7443','22','-9058.92','-241.235','141.742','0','0','0','100','0'),
('7443','23','-9052.21','-243.223','141.509','0','0','0','100','0'),
('7443','24','-9038.26','-246.832','142.482','0','0','0','100','0'),
('7443','25','-9029.43','-246.055','143.249','0','0','0','100','0'),
('7443','26','-9018.82','-242.663','142.636','0','0','0','100','0'),
('7443','27','-9007.42','-236.202','142.512','0','0','0','100','0'),
('7443','28','-8996.43','-227.543','142.796','0','0','0','100','0'),
('7443','29','-8986.1','-218.104','143.366','0','0','0','100','0'),
('7443','30','-8976.39','-208.031','143.896','0','0','0','100','0'),
('7443','31','-8971.54','-202.98','144.143','0','0','0','100','0'),
('7443','32','-8961.65','-193.098','144.752','0','0','0','100','0'),
('7443','33','-8950.73','-184.365','145.54','0','0','0','100','0'),
('7443','34','-8940.69','-177.558','146.501','0','0','0','100','0'),
('7443','35','-8934.56','-174.195','146.822','0','0','0','100','0'),
('7443','36','-8918.98','-168.169','146.639','0','0','0','100','0'),
('7443','37','-8912.03','-167.389','146.432','0','0','0','100','0'),
('7443','38','-8898.06','-167.198','146.221','0','0','0','100','0'),
('7443','39','-8886.09','-168.969','147.257','0','0','0','100','0'),
('7443','40','-8877.44','-172.467','148.738','0','0','0','100','0'),
('7443','41','-8864.72','-178.293','151.531','0','0','0','100','0'),
('7443','42','-8855.97','-184.446','153.488','0','0','0','100','0'),
('7443','43','-8850.19','-191.739','154.548','0','0','0','100','0'),
('7443','44','-8846.27','-202.565','154.273','0','0','0','100','0'),
('7443','45','-8845.79','-208.141','153.924','0','0','0','100','0'),
('7443','46','-8845.16','-222.126','153.689','0','0','0','100','0'),
('7443','47','-8843.73','-232.61','155.543','0','0','0','100','0'),
('7443','48','-8839.42','-245.922','157.557','0','0','0','100','0'),
('7443','49','-8836.6','-252.317','158.148','0','0','0','100','0'),
('7443','50','-8830.48','-262.386','159.411','0','0','0','100','0'),
('7443','51','-8823.97','-269.053','159.694','0','0','0','100','0'),
('7443','52','-8810.77','-276.87','160.336','0','0','0','100','0'),
('7443','53','-8804.44','-279.858','162.009','0','0','0','100','0'),
('7443','54','-8798.11','-282.846','164.168','0','0','0','100','0'),
('7443','55','-8785.49','-289.831','168.175','0','0','0','100','0'),
('7443','56','-8778.97','-298.17','167.706','0','0','0','100','0'),
('7443','57','-8775.91','-308.463','168.91','0','0','0','100','0'),
('7443','58','-8776.24','-314.444','169.305','0','0','0','100','0'),
('7443','59','-8779.5','-324.751','170.488','0','0','0','100','0'),
('7443','60','-8787.5','-336.192','172.059','0','0','0','100','0'),
('7443','61','-8795.11','-342.967','172.603','0','0','0','100','0'),
('7443','62','-8804.26','-348.524','173.42','0','0','0','100','0'),
('7443','63','-8812.93','-350.655','172.923','0','0','0','100','0'),
('7443','64','-8822.54','-350.719','171.277','0','0','0','100','0'),
('7443','65','-8833.89','-348.051','168.79','0','0','0','100','0'),
('7443','66','-8846.37','-348.596','164.372','0','0','0','100','0'),
('7443','67','-8855.19','-352.839','160.699','0','0','0','100','0'),
('7443','68','-8862.78','-362.727','157.713','0','0','0','100','0'),
('7443','69','-8866.04','-368.919','157.85','0','0','0','100','0'),
('7443','70','-8872.08','-380.668','157.154','0','0','0','100','0'),
('7443','71','-8876.06','-385.645','156.332','0','0','0','100','0'),
('7443','72','-8886.7','-394.73','154.172','0','0','0','100','0'),
('7443','73','-8892.43','-398.746','153.987','0','0','0','100','0'),
('7443','74','-8901.73','-404.083','154.217','0','0','0','100','0'),
('7443','75','-8910.18','-406.681','153.084','0','0','0','100','0'),
('7443','76','-8924.11','-407.912','149.87','0','0','0','100','0'),
('7443','77','-8935.44','-408.567','147.187','0','0','0','100','0'),
('7443','78','-8942.28','-409.972','145.781','0','0','0','100','0'),
('7443','79','-8952.77','-415.039','145.09','0','0','0','100','0'),
('7443','80','-8959.63','-421.438','144.962','0','0','0','100','0'),
('7443','81','-8965.25','-429.437','144.296','0','0','0','100','0'),
('7443','82','-8968.91','-439.831','145.63','0','0','0','100','0'),
('7443','83','-8969.68','-453.234','146.877','0','0','0','100','0'),
('7443','84','-8964.88','-462.213','146.369','0','0','0','100','0'),
('7443','85','-8957.78','-469.868','145.472','0','0','0','100','0'),
('7443','86','-8952.79','-474.776','145.037','0','0','0','100','0'),
('7443','87','-8942.79','-484.568','147.457','0','0','0','100','0'),
('7443','88','-8937.79','-489.473','149.523','0','0','0','100','0'),
('7443','89','-8927.98','-499.461','152.047','0','0','0','100','0'),
('7443','90','-8923.08','-504.459','153.011','0','0','0','100','0'),
('7443','91','-8912.96','-514.127','154.597','0','0','0','100','0'),
('7443','92','-8903.83','-522.268','157.255','0','0','0','100','0'),
('7443','93','-8892.34','-530.266','160.287','0','0','0','100','0'),
('7443','94','-8883.99','-535.347','161.484','0','0','0','100','0'),
('7443','95','-8872.82','-538.664','163.281','0','0','0','100','0'),
('7443','96','-8856.06','-540.627','163.964','0','0','0','100','0'),
('7443','97','-8845.81','-538.26','164.775','0','0','0','100','0'),
('7443','98','-8840.76','-535.751','166.535','0','0','0','100','0'),
('7443','99','-8830.4','-524.84','169.393','0','0','0','100','0'),
('7443','100','-8825.89','-515.332','169.291','0','0','0','100','0'),
('7443','101','-8825.3','-509.18','168.581','0','0','0','100','0'),
('7443','102','-8829.12','-494.294','166.687','0','0','0','100','0'),
('7443','103','-8838.04','-483.312','163.48','0','0','0','100','0'),
('7443','104','-8845.29','-480.211','162.974','0','0','0','100','0'),
('7443','105','-8859.07','-477.739','161.028','0','0','0','100','0'),
('7443','106','-8867.91','-477.253','160.291','0','0','0','100','0'),
('7443','107','-8881.86','-478.409','158.83','0','0','0','100','0'),
('7443','108','-8893.24','-480.929','157.274','0','0','0','100','0'),
('7443','109','-8906.07','-486.464','154.196','0','0','0','100','0'),
('7443','110','-8917.5','-492.755','151.944','0','0','0','100','0'),
('7443','111','-8928.58','-501.305','152.438','0','0','0','100','0'),
('7443','112','-8939.33','-510.259','152.847','0','0','0','100','0'),
('7443','113','-8944.72','-514.716','152.423','0','0','0','100','0'),
('7443','114','-8954.47','-524.747','151.168','0','0','0','100','0'),
('7443','115','-8963.21','-535.681','150.183','0','0','0','100','0'),
('7443','116','-8967.28','-541.378','149.515','0','0','0','100','0'),
('7443','117','-8974.54','-553.342','149.084','0','0','0','100','0'),
('7443','118','-8981.68','-565.389','148.121','0','0','0','100','0'),
('7443','119','-8985.38','-571.327','147.187','0','0','0','100','0'),
('7443','120','-8994.28','-582.122','145.473','0','0','0','100','0'),
('7443','121','-9004.14','-592.053','144.928','0','0','0','100','0'),
('7443','122','-9012.86','-599.326','146','0','0','0','100','0'),
('7443','123','-9021.75','-603.766','145.933','0','0','0','100','0'),
('7443','124','-9035.51','-606.259','144.16','0','0','0','100','0'),
('7443','125','-9049.49','-606.991','143.072','0','0','0','100','0'),
('7443','126','-9063.49','-607','141.827','0','0','0','100','0'),
('7443','127','-9075.61','-607.634','139.86','0','0','0','100','0'),
('7443','128','-9089.29','-610.578','136.909','0','0','0','100','0'),
('7443','129','-9102.48','-615.261','135.559','0','0','0','100','0'),
('7443','130','-9115.18','-623.15','135.583','0','0','0','100','0'),
('7443','131','-9125.15','-632.963','135.117','0','0','0','100','0'),
('7443','132','-9134.18','-643.656','135.341','0','0','0','100','0'),
('7443','133','-9142.39','-654.987','135.763','0','0','0','100','0'),
('7443','134','-9150.19','-666.605','135.458','0','0','0','100','0'),
('7443','135','-9157.75','-678.388','134.169','0','0','0','100','0'),
('7443','136','-9161.54','-684.279','133.521','0','0','0','100','0'),
('7443','137','-9168.1','-696.543','133.902','0','0','0','100','0'),
('7443','138','-9171.77','-706.616','134.831','0','0','0','100','0'),
('7443','139','-9170.34','-719.433','136.019','0','0','0','100','0'),
('7443','140','-9159.31','-731.3','137.783','0','0','0','100','0'),
('7443','141','-9153.62','-735.378','138.187','0','0','0','100','0'),
('7443','142','-9135.92','-746.595','138.439','0','0','0','100','0'),
('7443','143','-9123.33','-752.719','142.088','0','0','0','100','0'),
('7443','144','-9114.35','-756.463','143.26','0','0','0','100','0'),
('7443','145','-9102.29','-758.918','143.892','0','0','0','100','0'),
('7443','146','-9090.44','-757.347','144.029','0','0','0','100','0'),
('7443','147','-9078.36','-752.524','145.655','0','0','0','100','0'),
('7443','148','-9062.89','-742.17','146','0','0','0','100','0'),
('7443','149','-9054.46','-732.823','145.23','0','0','0','100','0'),
('7443','150','-9050.67','-723.085','146.839','0','0','0','100','0'),
('7443','151','-9047.86','-709.369','148.179','0','0','0','100','0'),
('7443','152','-9046.45','-702.511','148.579','0','0','0','100','0'),
('7443','153','-9043.44','-688.844','148.053','0','0','0','100','0'),
('7443','154','-9038.79','-675.639','146.391','0','0','0','100','0'),
('7443','155','-9036.35','-669.08','145.48','0','0','0','100','0'),
('7443','156','-9029.84','-657.68','145.93','0','0','0','100','0'),
('7443','157','-9022.14','-645.988','145.204','0','0','0','100','0'),
('7443','158','-9014.27','-634.418','145.753','0','0','0','100','0'),
('7443','159','-9006.3','-622.902','146.633','0','0','0','100','0'),
('7443','160','-8998.56','-611.243','147.067','0','0','0','100','0'),
('7443','161','-8993.24','-602.055','147.1','0','0','0','100','0'),
('7443','162','-8990.67','-595.547','146.754','0','0','0','100','0'),
('7443','163','-8985.99','-578.523','146.469','0','0','0','100','0'),
('7443','164','-8985.91','-568.481','147.358','0','0','0','100','0'),
('7443','165','-8987.24','-551.026','147.183','0','0','0','100','0'),
('7443','166','-8986.66','-544.756','147.491','0','0','0','100','0'),
('7443','167','-8984.2','-530.976','147.629','0','0','0','100','0'),
('7443','168','-8980.67','-518.367','146.574','0','0','0','100','0'),
('7443','169','-8977.73','-512.019','146.371','0','0','0','100','0'),
('7443','170','-8970.85','-499.839','146.795','0','0','0','100','0'),
('7443','171','-8962.78','-488.402','146.211','0','0','0','100','0'),
('7443','172','-8954.69','-476.981','144.75','0','0','0','100','0'),
('7443','173','-8950.91','-471.093','145.889','0','0','0','100','0'),
('7443','174','-8945.06','-458.38','149.176','0','0','0','100','0'),
('7443','175','-8942.21','-448.119','150.857','0','0','0','100','0'),
('7443','176','-8940.59','-434.217','150.194','0','0','0','100','0'),
('7443','177','-8940.48','-420.711','147.659','0','0','0','100','0'),
('7443','178','-8942.49','-409.253','145.713','0','0','0','100','0'),
('7443','179','-8945.93','-401.605','146.519','0','0','0','100','0'),
('7443','180','-8952.81','-389.414','146.785','0','0','0','100','0'),
('7443','181','-8958.08','-379.003','145.665','0','0','0','100','0'),
('7443','182','-8961.75','-365.944','145.503','0','0','0','100','0'),
('7443','183','-8962.71','-351.212','147.178','0','0','0','100','0'),
('7443','184','-8960.97','-341.226','147.201','0','0','0','100','0'),
('7443','185','-8955.42','-328.394','145.959','0','0','0','100','0'),
('7443','186','-8952.16','-322.197','145.619','0','0','0','100','0'),
('7443','187','-8944.59','-310.467','148.45','0','0','0','100','0'),
('7443','188','-8935.46','-299.879','149.97','0','0','0','100','0'),
('7443','189','-8930.76','-294.692','149.984','0','0','0','100','0'),
('7443','190','-8920.73','-284.933','148.396','0','0','0','100','0'),
('7443','191','-8910.72','-275.141','149.141','0','0','0','100','0'),
('7443','192','-8901.83','-264.336','151.025','0','0','0','100','0'),
('7443','193','-8898.17','-258.388','152.415','0','0','0','100','0'),
('7443','194','-8892.95','-245.345','152.962','0','0','0','100','0'),
('7443','195','-8892','-234.67','150.919','0','0','0','100','0'),
('7443','196','-8893.05','-224.482','147.777','0','0','0','100','0'),
('7443','197','-8896.68','-215.465','148.577','0','0','0','100','0'),
('7443','198','-8905.5','-204.614','149.621','0','0','0','100','0'),
('7443','199','-8911.29','-199.193','149.218','0','0','0','100','0'),
('7443','200','-8919.67','-194.51','147.609','0','0','0','100','0'),
('7443','201','-8929.32','-191.593','146.272','0','0','0','100','0'),
('7443','202','-8942.9','-191.334','145.458','0','0','0','100','0'),
('7443','203','-8956.47','-195.162','144.659','0','0','0','100','0'),
('7443','204','-8964.9','-203.978','143.844','0','0','0','100','0'),
('7443','205','-8970.74','-218.546','142.434','0','0','0','100','0'),
('7443','206','-8970.23','-227.613','144.179','0','0','0','100','0'),
('7443','207','-8967.1','-236.005','145.833','0','0','0','100','0'),
('7443','208','-8958.62','-250.9','146.318','0','0','0','100','0'),
('7443','209','-8959.49','-266.948','143.675','0','0','0','100','0'),
('7443','210','-8969.27','-276.271','142.915','0','0','0','100','0'),
('7443','211','-8982.9','-281.69','144.118','0','0','0','100','0'),
('7443','212','-8996.68','-284.044','143.418','0','0','0','100','0'),
('7443','213','-9010.6','-285.532','142.275','0','0','0','100','0'),
('7443','214','-9022.49','-294.205','142.957','0','0','0','100','0'),
('7443','215','-9019.77','-296.836','143.22','0','0','0','100','0'),
('7443','216','-9015.62','-299.849','143.553','0','0','0','100','0'),
('7443','217','-9009.66','-309.23','143.436','0','0','0','100','0'),
('7443','218','-9007.15','-313.419','142.512','0','0','0','100','0');

-- Waypoint movement type guid 7450 (Madexx) Loc 3
UPDATE `creature` SET `MovementType`='2', `spawndist`='0' WHERE `guid`='7450';

-- Set WP for creature guid 7450 (Madexx)
DELETE FROM `creature_addon` WHERE (`guid`=7450);
INSERT INTO `creature_addon` (`guid`, `path_id`, `mount`, `bytes1`, `bytes2`, `emote`, `auras`) VALUES 
(7450, '7450', 0, 0, 1, 0, '');

-- WP For (Madexx)
DELETE FROM waypoint_data WHERE id='7450';
INSERT INTO `waypoint_data` (`id`, `point`, `position_x`, `position_y`, `position_z`, `delay`, `move_flag`, `action`, `action_chance`, `wpguid`) VALUES 
('7450','1','-8798.76','-936.068','173.707','0','0','0','100','0'),
('7450','2','-8793.41','-928.374','174.499','0','0','0','100','0'),
('7450','3','-8788.99','-925.143','175.109','0','0','0','100','0'),
('7450','4','-8772.66','-920.567','177.701','0','0','0','100','0'),
('7450','5','-8758.69','-921.151','180.403','0','0','0','100','0'),
('7450','6','-8746.57','-921.03','182.56','0','0','0','100','0'),
('7450','7','-8732.73','-919.013','184.74','0','0','0','100','0'),
('7450','8','-8719.16','-915.588','187.201','0','0','0','100','0'),
('7450','9','-8705.81','-911.358','190.244','0','0','0','100','0'),
('7450','10','-8692.56','-906.857','193.952','0','0','0','100','0'),
('7450','11','-8679.3','-902.413','198.621','0','0','0','100','0'),
('7450','12','-8658.94','-897.333','206.089','0','0','0','100','0'),
('7450','13','-8645.18','-894.789','211.404','0','0','0','100','0'),
('7450','14','-8631.28','-893.204','216.928','0','0','0','100','0'),
('7450','15','-8617.29','-893.536','222.637','0','0','0','100','0'),
('7450','16','-8606.69','-895.076','227.502','0','0','0','100','0'),
('7450','17','-8590.81','-902.605','236.421','0','0','0','100','0'),
('7450','18','-8580.78','-912.348','241.904','0','0','0','100','0'),
('7450','19','-8571.85','-922.485','246.112','0','0','0','100','0'),
('7450','20','-8568.55','-935.816','246.061','0','0','0','100','0'),
('7450','21','-8568.86','-947.275','244.043','0','0','0','100','0'),
('7450','22','-8573.02','-964.477','240.304','0','0','0','100','0'),
('7450','23','-8578.07','-974.544','238.111','0','0','0','100','0'),
('7450','24','-8586.53','-985.696','235.088','0','0','0','100','0'),
('7450','25','-8592.34','-994.39','232.897','0','0','0','100','0'),
('7450','26','-8596.82','-1007.75','231.495','0','0','0','100','0'),
('7450','27','-8594.45','-1021.03','231.063','0','0','0','100','0'),
('7450','28','-8590.69','-1027.75','231.866','0','0','0','100','0'),
('7450','29','-8581.72','-1038.49','234.778','0','0','0','100','0'),
('7450','30','-8570.42','-1047.78','238.191','0','0','0','100','0'),
('7450','31','-8556.95','-1047.13','245.904','0','0','0','100','0'),
('7450','32','-8553.24','-1042.68','247.857','0','0','0','100','0'),
('7450','33','-8552.34','-1030.09','248.192','0','0','0','100','0'),
('7450','34','-8555.95','-1021.49','247.103','0','0','0','100','0'),
('7450','35','-8561.1','-1013.09','245.037','0','0','0','100','0'),
('7450','36','-8573.01','-995.093','239.874','0','0','0','100','0'),
('7450','37','-8575.76','-985.17','239.36','0','0','0','100','0'),
('7450','38','-8573.75','-973.611','239.872','0','0','0','100','0'),
('7450','39','-8568.15','-960.806','242.354','0','0','0','100','0'),
('7450','40','-8559.61','-950.458','247.7','0','0','0','100','0'),
('7450','41','-8549.25','-945.276','253.943','0','0','0','100','0'),
('7450','42','-8535.48','-942.82','262.613','0','0','0','100','0'),
('7450','43','-8522.4','-944.033','272.408','0','0','0','100','0'),
('7450','44','-8513.97','-949.341','278.128','0','0','0','100','0'),
('7450','45','-8510.18','-964.212','281.179','0','0','0','100','0'),
('7450','46','-8509.63','-974.459','281.987','0','0','0','100','0'),
('7450','47','-8512.84','-985.04','280.916','0','0','0','100','0'),
('7450','48','-8519.5','-993.423','277.818','0','0','0','100','0'),
('7450','49','-8530.24','-1000.81','268.187','0','0','0','100','0'),
('7450','50','-8539.61','-1006.04','258.597','0','0','0','100','0'),
('7450','51','-8555.3','-1009.46','247.742','0','0','0','100','0'),
('7450','52','-8565.83','-1002.97','242.441','0','0','0','100','0'),
('7450','53','-8570.02','-990.156','240.738','0','0','0','100','0'),
('7450','54','-8571.83','-978.433','240.342','0','0','0','100','0'),
('7450','55','-8571.56','-971.44','240.587','0','0','0','100','0'),
('7450','56','-8570.38','-950.473','242.817','0','0','0','100','0'),
('7450','57','-8569.99','-943.487','244.137','0','0','0','100','0'),
('7450','58','-8569.21','-929.509','246.661','0','0','0','100','0'),
('7450','59','-8569.89','-914.258','248.046','0','0','0','100','0'),
('7450','60','-8577.65','-904.068','244.367','0','0','0','100','0'),
('7450','61','-8589.96','-900.048','237.037','0','0','0','100','0'),
('7450','62','-8596.92','-899.299','233.069','0','0','0','100','0'),
('7450','63','-8609.43','-897.833','225.925','0','0','0','100','0'),
('7450','64','-8623.06','-897.441','219.725','0','0','0','100','0'),
('7450','65','-8632.2','-894.323','216.421','0','0','0','100','0'),
('7450','66','-8643.58','-887.819','212.636','0','0','0','100','0'),
('7450','67','-8654.82','-879.473','208.83','0','0','0','100','0'),
('7450','68','-8665.24','-870.122','205.003','0','0','0','100','0'),
('7450','69','-8675.92','-861.087','200.897','0','0','0','100','0'),
('7450','70','-8684.66','-853.508','199.967','0','0','0','100','0'),
('7450','71','-8693.45','-842.613','200.471','0','0','0','100','0'),
('7450','72','-8701.07','-830.868','199.988','0','0','0','100','0'),
('7450','73','-8708.91','-819.282','198.325','0','0','0','100','0'),
('7450','74','-8715.58','-812.796','196.282','0','0','0','100','0'),
('7450','75','-8723.68','-809.101','193.837','0','0','0','100','0'),
('7450','76','-8737.27','-805.762','186.999','0','0','0','100','0'),
('7450','77','-8751.02','-803.227','184.135','0','0','0','100','0'),
('7450','78','-8762.4','-801.153','181.873','0','0','0','100','0'),
('7450','79','-8775.32','-795.792','180.583','0','0','0','100','0'),
('7450','80','-8787.82','-789.475','180.639','0','0','0','100','0'),
('7450','81','-8797.57','-783.912','180.177','0','0','0','100','0'),
('7450','82','-8806.43','-775.708','179.665','0','0','0','100','0'),
('7450','83','-8811.22','-770.607','178.865','0','0','0','100','0'),
('7450','84','-8818.76','-759.634','176.091','0','0','0','100','0'),
('7450','85','-8823.16','-751.479','174.807','0','0','0','100','0'),
('7450','86','-8825.61','-732.973','175.658','0','0','0','100','0'),
('7450','87','-8820.15','-722.687','176.462','0','0','0','100','0'),
('7450','88','-8814.65','-714.295','177.402','0','0','0','100','0'),
('7450','89','-8805.39','-704.612','178.79','0','0','0','100','0'),
('7450','90','-8796.78','-696.263','180.591','0','0','0','100','0'),
('7450','91','-8789.67','-686.021','181.893','0','0','0','100','0'),
('7450','92','-8784.06','-673.206','181.757','0','0','0','100','0'),
('7450','93','-8776','-657.647','184.718','0','0','0','100','0'),
('7450','94','-8767.04','-649.51','185.956','0','0','0','100','0'),
('7450','95','-8755.39','-641.749','187.789','0','0','0','100','0'),
('7450','96','-8747.23','-635.566','189.298','0','0','0','100','0'),
('7450','97','-8741.62','-625.561','191.591','0','0','0','100','0'),
('7450','98','-8742.03','-611.957','190.793','0','0','0','100','0'),
('7450','99','-8746.16','-604.206','189.06','0','0','0','100','0'),
('7450','100','-8755.63','-592.41','186.218','0','0','0','100','0'),
('7450','101','-8766.5','-583.729','182.786','0','0','0','100','0'),
('7450','102','-8775.98','-576.946','180.178','0','0','0','100','0'),
('7450','103','-8791.11','-562.389','179.372','0','0','0','100','0'),
('7450','104','-8802.53','-554.146','176.918','0','0','0','100','0'),
('7450','105','-8815.15','-548.755','173.534','0','0','0','100','0'),
('7450','106','-8824.62','-541.171','171.189','0','0','0','100','0'),
('7450','107','-8833.48','-536.01','168.828','0','0','0','100','0'),
('7450','108','-8844.04','-534.764','165.468','0','0','0','100','0'),
('7450','109','-8859.47','-538.709','163.77','0','0','0','100','0'),
('7450','110','-8865.71','-541.545','164.023','0','0','0','100','0'),
('7450','111','-8879.75','-553.603','162.935','0','0','0','100','0'),
('7450','112','-8884.79','-562.523','161.423','0','0','0','100','0'),
('7450','113','-8890.45','-572.705','159.809','0','0','0','100','0'),
('7450','114','-8904.2','-588.568','157.5','0','0','0','100','0'),
('7450','115','-8910.32','-598.989','157.46','0','0','0','100','0'),
('7450','116','-8913.81','-610.505','157.46','0','0','0','100','0'),
('7450','117','-8914.1','-624.493','157.46','0','0','0','100','0'),
('7450','118','-8914.91','-640.744','158.207','0','0','0','100','0'),
('7450','119','-8922.3','-651.873','159.825','0','0','0','100','0'),
('7450','120','-8928.97','-653.963','159.258','0','0','0','100','0'),
('7450','121','-8943.48','-655.24','156.945','0','0','0','100','0'),
('7450','122','-8964.02','-650.95','153.952','0','0','0','100','0'),
('7450','123','-8977.51','-647.235','152.291','0','0','0','100','0'),
('7450','124','-8991.03','-643.577','149.804','0','0','0','100','0'),
('7450','125','-9003.93','-635.959','146.59','0','0','0','100','0'),
('7450','126','-9011.63','-624.561','146.498','0','0','0','100','0'),
('7450','127','-9014.19','-610.811','146.629','0','0','0','100','0'),
('7450','128','-9015.77','-596.905','145.359','0','0','0','100','0'),
('7450','129','-9016.05','-580.862','142.877','0','0','0','100','0'),
('7450','130','-9011.82','-565.626','143.847','0','0','0','100','0'),
('7450','131','-9005.61','-554.142','145','0','0','0','100','0'),
('7450','132','-8997.54','-542.711','146.374','0','0','0','100','0'),
('7450','133','-8989.12','-531.525','147.069','0','0','0','100','0'),
('7450','134','-8980.89','-520.2','146.796','0','0','0','100','0'),
('7450','135','-8974.34','-509.992','146.802','0','0','0','100','0'),
('7450','136','-8968.89','-497.131','146.906','0','0','0','100','0'),
('7450','137','-8965.1','-484.639','145.19','0','0','0','100','0'),
('7450','138','-8963.77','-471.227','144.611','0','0','0','100','0'),
('7450','139','-8967.39','-457.786','146.83','0','0','0','100','0'),
('7450','140','-8972.1','-449.752','146.477','0','0','0','100','0'),
('7450','141','-8979.48','-437.858','143.633','0','0','0','100','0'),
('7450','142','-8983.91','-428.876','141.748','0','0','0','100','0'),
('7450','143','-8988.05','-415.503','144.2','0','0','0','100','0'),
('7450','144','-8990.52','-409.469','144.796','0','0','0','100','0'),
('7450','145','-9001.96','-395.001','143.593','0','0','0','100','0'),
('7450','146','-9010.21','-390.366','142.326','0','0','0','100','0'),
('7450','147','-9022.85','-384.347','140.386','0','0','0','100','0'),
('7450','148','-9035.71','-378.835','139.451','0','0','0','100','0'),
('7450','149','-9051.79','-376.377','140.291','0','0','0','100','0'),
('7450','150','-9062.33','-377.422','140.268','0','0','0','100','0'),
('7450','151','-9072.54','-381.126','140.041','0','0','0','100','0'),
('7450','152','-9080.44','-387.482','139.604','0','0','0','100','0'),
('7450','153','-9091.15','-401.882','137.98','0','0','0','100','0'),
('7450','154','-9094.32','-415.658','136.891','0','0','0','100','0'),
('7450','155','-9093.92','-432.633','136.625','0','0','0','100','0'),
('7450','156','-9090.33','-444.079','136.045','0','0','0','100','0'),
('7450','157','-9086.04','-455.962','136.304','0','0','0','100','0'),
('7450','158','-9083.49','-475.05','137.189','0','0','0','100','0'),
('7450','159','-9083.25','-482.044','136.718','0','0','0','100','0'),
('7450','160','-9083.58','-503.037','135.541','0','0','0','100','0'),
('7450','161','-9085.37','-516.902','136.336','0','0','0','100','0'),
('7450','162','-9088.17','-530.619','136.237','0','0','0','100','0'),
('7450','163','-9090.88','-544.353','136.076','0','0','0','100','0'),
('7450','164','-9093.58','-558.091','135.676','0','0','0','100','0'),
('7450','165','-9095.89','-577.254','134.818','0','0','0','100','0'),
('7450','166','-9091.84','-589.897','134.667','0','0','0','100','0'),
('7450','167','-9084.85','-602.025','137.671','0','0','0','100','0'),
('7450','168','-9078.29','-616.884','139.066','0','0','0','100','0'),
('7450','169','-9076.93','-628.442','138.894','0','0','0','100','0'),
('7450','170','-9079.02','-647.623','141.488','0','0','0','100','0'),
('7450','171','-9082.55','-661.17','143.12','0','0','0','100','0'),
('7450','172','-9087.12','-674.398','145.035','0','0','0','100','0'),
('7450','173','-9091.84','-696.547','144.001','0','0','0','100','0'),
('7450','174','-9090.71','-708.144','142.862','0','0','0','100','0'),
('7450','175','-9086.72','-725.847','144.361','0','0','0','100','0'),
('7450','176','-9081.39','-738.788','146.031','0','0','0','100','0'),
('7450','177','-9074.42','-749.797','145.963','0','0','0','100','0'),
('7450','178','-9069.36','-758.773','145.358','0','0','0','100','0'),
('7450','179','-9065.68','-771.278','145.05','0','0','0','100','0'),
('7450','180','-9065.02','-790.318','145.975','0','0','0','100','0'),
('7450','181','-9065.97','-797.252','147.176','0','0','0','100','0'),
('7450','182','-9068.18','-811.077','146.94','0','0','0','100','0'),
('7450','183','-9071.29','-828.113','144.782','0','0','0','100','0'),
('7450','184','-9077.65','-840.011','143.921','0','0','0','100','0'),
('7450','185','-9086.69','-850.698','145.182','0','0','0','100','0'),
('7450','186','-9094.56','-860.91','144.229','0','0','0','100','0'),
('7450','187','-9100.95','-873.356','141.614','0','0','0','100','0'),
('7450','188','-9104.75','-885.519','142.169','0','0','0','100','0'),
('7450','189','-9107.01','-899.074','143.985','0','0','0','100','0'),
('7450','190','-9107.14','-911.294','145.004','0','0','0','100','0'),
('7450','191','-9103','-922.145','145.63','0','0','0','100','0'),
('7450','192','-9095.38','-930.702','146.156','0','0','0','100','0'),
('7450','193','-9081.06','-935.889','146.965','0','0','0','100','0'),
('7450','194','-9075.22','-936.005','147.412','0','0','0','100','0'),
('7450','195','-9059.42','-932.381','149.1','0','0','0','100','0'),
('7450','196','-9053.13','-929.322','149.814','0','0','0','100','0'),
('7450','197','-9034.13','-923.171','150.777','0','0','0','100','0'),
('7450','198','-9027.24','-921.904','151.266','0','0','0','100','0'),
('7450','199','-9013.34','-920.27','152.025','0','0','0','100','0'),
('7450','200','-8999.5','-920.369','153.091','0','0','0','100','0'),
('7450','201','-8985.8','-923.115','154.538','0','0','0','100','0'),
('7450','202','-8971.04','-929.752','155.069','0','0','0','100','0'),
('7450','203','-8954.41','-939.651','154.404','0','0','0','100','0'),
('7450','204','-8944.13','-939.752','155.079','0','0','0','100','0'),
('7450','205','-8936.01','-935.717','156.973','0','0','0','100','0'),
('7450','206','-8927.48','-925.318','158.464','0','0','0','100','0'),
('7450','207','-8917.38','-922.29','160.18','0','0','0','100','0'),
('7450','208','-8903.43','-923.339','161.512','0','0','0','100','0'),
('7450','209','-8887.95','-928.361','162.022','0','0','0','100','0'),
('7450','210','-8871.19','-937.59','162.429','0','0','0','100','0'),
('7450','211','-8859.35','-945.054','162.701','0','0','0','100','0'),
('7450','212','-8842.86','-952.364','164.081','0','0','0','100','0'),
('7450','213','-8829.41','-956.232','166.575','0','0','0','100','0'),
('7450','214','-8818.43','-958.256','168.809','0','0','0','100','0'),
('7450','215','-8801.46','-940.677','173.216','0','0','0','100','0');

-- Waypoint movement type guid 7478 (Madexx) Loc 4
UPDATE `creature` SET `MovementType`='2', `spawndist`='0' WHERE `guid`='7478';

-- Set WP for creature guid 7478 (Madexx)
DELETE FROM `creature_addon` WHERE (`guid`=7478);
INSERT INTO `creature_addon` (`guid`, `path_id`, `mount`, `bytes1`, `bytes2`, `emote`, `auras`) VALUES 
(7478, '7478', 0, 0, 1, 0, '');

-- WP For (Madexx)
DELETE FROM waypoint_data WHERE id='7478';
INSERT INTO `waypoint_data` (`id`, `point`, `position_x`, `position_y`, `position_z`, `delay`, `move_flag`, `action`, `action_chance`, `wpguid`) VALUES 
('7478','1','-8879.35','-679.558','169.293','0','0','0','100','0'),
('7478','2','-8879.35','-679.558','169.293','0','0','0','100','0'),
('7478','3','-8886.83','-692.979','168.956','0','0','0','100','0'),
('7478','4','-8900.95','-705.826','166.488','0','0','0','100','0'),
('7478','5','-8906.58','-709.967','165.462','0','0','0','100','0'),
('7478','6','-8918.34','-717.558','163.452','0','0','0','100','0'),
('7478','7','-8930.48','-724.528','160.605','0','0','0','100','0'),
('7478','8','-8948.78','-734.83','155.973','0','0','0','100','0'),
('7478','9','-8961.01','-741.654','153.872','0','0','0','100','0'),
('7478','10','-8972.37','-749.825','153.362','0','0','0','100','0'),
('7478','11','-8982.89','-759.043','154.267','0','0','0','100','0'),
('7478','12','-8998.15','-773.471','152.966','0','0','0','100','0'),
('7478','13','-9008.25','-783.163','152.466','0','0','0','100','0'),
('7478','14','-9017.78','-793.405','151.694','0','0','0','100','0'),
('7478','15','-9026.8','-804.11','150.618','0','0','0','100','0'),
('7478','16','-9034.95','-815.493','150.158','0','0','0','100','0'),
('7478','17','-9047.53','-832.294','148.654','0','0','0','100','0'),
('7478','18','-9053.38','-839.721','147.762','0','0','0','100','0'),
('7478','19','-9063.91','-857.891','147.874','0','0','0','100','0'),
('7478','20','-9070.19','-870.39','147.855','0','0','0','100','0'),
('7478','21','-9075.96','-883.148','145.903','0','0','0','100','0'),
('7478','22','-9081.73','-895.901','144.86','0','0','0','100','0'),
('7478','23','-9089.86','-912.529','146.178','0','0','0','100','0'),
('7478','24','-9096.04','-921.287','146.083','0','0','0','100','0'),
('7478','25','-9107.52','-931.848','145.358','0','0','0','100','0'),
('7478','26','-9117.63','-937.599','144.596','0','0','0','100','0'),
('7478','27','-9132.12','-943.19','142.728','0','0','0','100','0'),
('7478','28','-9149.43','-943.518','140.122','0','0','0','100','0'),
('7478','29','-9167.47','-938.953','137.528','0','0','0','100','0'),
('7478','30','-9177.69','-935.32','137.261','0','0','0','100','0'),
('7478','31','-9189.94','-937.347','136.257','0','0','0','100','0'),
('7478','32','-9203.63','-940.278','134.818','0','0','0','100','0'),
('7478','33','-9217.32','-943.209','133.605','0','0','0','100','0'),
('7478','34','-9237.86','-947.592','131.155','0','0','0','100','0'),
('7478','35','-9251.79','-948.879','129.815','0','0','0','100','0'),
('7478','36','-9270.63','-950.368','128.424','0','0','0','100','0'),
('7478','37','-9281.96','-944.165','127.544','0','0','0','100','0'),
('7478','38','-9282.91','-934.46','127.265','0','0','0','100','0'),
('7478','39','-9280.6','-921.984','127.424','0','0','0','100','0'),
('7478','40','-9274.44','-909.558','128.11','0','0','0','100','0'),
('7478','41','-9268.38','-896.95','128.65','0','0','0','100','0'),
('7478','42','-9262.86','-884.084','128.819','0','0','0','100','0'),
('7478','43','-9257.18','-871.293','129.669','0','0','0','100','0'),
('7478','44','-9249.58','-860.018','129.692','0','0','0','100','0'),
('7478','45','-9239.67','-850.161','130.673','0','0','0','100','0'),
('7478','46','-9228.66','-841.504','131.962','0','0','0','100','0'),
('7478','47','-9218.23','-826.914','133.526','0','0','0','100','0'),
('7478','48','-9218.28','-818.766','133.011','0','0','0','100','0'),
('7478','49','-9220.86','-805.005','131.715','0','0','0','100','0'),
('7478','50','-9218.25','-791.474','131.835','0','0','0','100','0'),
('7478','51','-9209.66','-780.421','133.676','0','0','0','100','0'),
('7478','52','-9201.03','-769.402','134.487','0','0','0','100','0'),
('7478','53','-9196.82','-764.337','134.793','0','0','0','100','0'),
('7478','54','-9186.57','-754.83','134.165','0','0','0','100','0'),
('7478','55','-9174.19','-744.132','135.925','0','0','0','100','0'),
('7478','56','-9165.62','-733.068','136.94','0','0','0','100','0'),
('7478','57','-9156.88','-723.651','138.067','0','0','0','100','0'),
('7478','58','-9147','-713.738','139.173','0','0','0','100','0'),
('7478','59','-9137.64','-703.328','140.013','0','0','0','100','0'),
('7478','60','-9123.34','-693.565','141.637','0','0','0','100','0'),
('7478','61','-9111.12','-689.444','142.86','0','0','0','100','0'),
('7478','62','-9097.53','-686.104','144.535','0','0','0','100','0'),
('7478','63','-9082.61','-687.662','145.285','0','0','0','100','0'),
('7478','64','-9075.02','-692.879','145.672','0','0','0','100','0'),
('7478','65','-9060.95','-710.486','146.916','0','0','0','100','0'),
('7478','66','-9058.28','-716.649','146.625','0','0','0','100','0'),
('7478','67','-9050.85','-733.704','145.617','0','0','0','100','0'),
('7478','68','-9039.64','-744.015','148.067','0','0','0','100','0'),
('7478','69','-9029.56','-747.431','148.132','0','0','0','100','0'),
('7478','70','-9009.55','-744.304','148.647','0','0','0','100','0'),
('7478','71','-9001.94','-735.759','149.336','0','0','0','100','0'),
('7478','72','-9000.7','-719.809','151.497','0','0','0','100','0'),
('7478','73','-9003.93','-706.185','150.45','0','0','0','100','0'),
('7478','74','-9006.51','-689.588','148.658','0','0','0','100','0'),
('7478','75','-9007.55','-673.302','148.781','0','0','0','100','0'),
('7478','76','-9011.34','-659.826','147.882','0','0','0','100','0'),
('7478','77','-9014.13','-643.804','145.903','0','0','0','100','0'),
('7478','78','-9011.51','-626.811','146.422','0','0','0','100','0'),
('7478','79','-9007.64','-620.98','146.659','0','0','0','100','0'),
('7478','80','-8994.92','-607.692','147.197','0','0','0','100','0'),
('7478','81','-8982.1','-606.574','148.093','0','0','0','100','0'),
('7478','82','-8969.69','-611.721','148.934','0','0','0','100','0'),
('7478','83','-8961.3','-621.028','150.536','0','0','0','100','0'),
('7478','84','-8956.83','-632.8','153.275','0','0','0','100','0'),
('7478','85','-8950.41','-650.839','156.001','0','0','0','100','0'),
('7478','86','-8942.2','-663.765','156.339','0','0','0','100','0'),
('7478','87','-8934.02','-671.481','157.38','0','0','0','100','0'),
('7478','88','-8917.81','-678.963','158.074','0','0','0','100','0'),
('7478','89','-8904.65','-674.63','162.483','0','0','0','100','0'),
('7478','90','-8892.23','-668.174','165.745','0','0','0','100','0'),
('7478','91','-8851.77','-664.123','172.772','0','0','0','100','0'),
('7478','92','-8843.7','-659.904','174.16','0','0','0','100','0'),
('7478','93','-8836.81','-653.668','174.772','0','0','0','100','0'),
('7478','94','-8829.63','-641.681','176.811','0','0','0','100','0'),
('7478','95','-8823.22','-629.242','179.952','0','0','0','100','0'),
('7478','96','-8817.15','-616.626','181.587','0','0','0','100','0'),
('7478','97','-8813.08','-606.907','181.099','0','0','0','100','0'),
('7478','98','-8808.54','-593.436','178.762','0','0','0','100','0'),
('7478','99','-8801.6','-583.944','178.33','0','0','0','100','0'),
('7478','100','-8791.07','-573.707','179.196','0','0','0','100','0'),
('7478','101','-8780.72','-567.864','179.907','0','0','0','100','0'),
('7478','102','-8761.08','-560.438','183.699','0','0','0','100','0'),
('7478','103','-8749.7','-553.786','184.782','0','0','0','100','0'),
('7478','104','-8739.41','-539.451','182.013','0','0','0','100','0'),
('7478','105','-8733.99','-530.734','181.526','0','0','0','100','0'),
('7478','106','-8725.03','-519.981','183.112','0','0','0','100','0'),
('7478','107','-8715.83','-506.62','184.04','0','0','0','100','0'),
('7478','108','-8713.52','-494.736','183.673','0','0','0','100','0'),
('7478','109','-8720.5','-479.572','179.704','0','0','0','100','0'),
('7478','110','-8730.46','-469.842','177.78','0','0','0','100','0'),
('7478','111','-8748.2','-464.427','176.932','0','0','0','100','0'),
('7478','112','-8761.2','-465.748','176.621','0','0','0','100','0'),
('7478','113','-8774.12','-474.172','175.865','0','0','0','100','0'),
('7478','114','-8783.05','-486.037','175.919','0','0','0','100','0'),
('7478','115','-8790.09','-505.816','175.54','0','0','0','100','0'),
('7478','116','-8794.39','-519.137','175.852','0','0','0','100','0'),
('7478','117','-8798.02','-531.65','176.813','0','0','0','100','0'),
('7478','118','-8800.3','-552.526','177.433','0','0','0','100','0'),
('7478','119','-8812.23','-559.648','174.383','0','0','0','100','0'),
('7478','120','-8826.04','-561.891','170.407','0','0','0','100','0'),
('7478','121','-8839.96','-563.388','166.514','0','0','0','100','0'),
('7478','122','-8860.84','-565.586','164.43','0','0','0','100','0'),
('7478','123','-8874.73','-567.312','163.337','0','0','0','100','0'),
('7478','124','-8894.09','-574.843','158.889','0','0','0','100','0'),
('7478','125','-8900.68','-581.575','157.511','0','0','0','100','0'),
('7478','126','-8912.26','-597.538','157.46','0','0','0','100','0'),
('7478','127','-8910.83','-610.773','157.46','0','0','0','100','0'),
('7478','128','-8906.85','-623.121','157.734','0','0','0','100','0'),
('7478','129','-8895.98','-635.09','160.299','0','0','0','100','0'),
('7478','130','-8890.1','-638.87','162.394','0','0','0','100','0'),
('7478','131','-8876.64','-648.712','165.274','0','0','0','100','0'),
('7478','132','-8873.4','-655.935','166.339','0','0','0','100','0'),
('7478','133','-8872.31','-664.017','168.56','0','0','0','100','0'),
('7478','134','-8874.25','-670.332','169.736','0','0','0','100','0'),
('7478','135','-8877.63','-674.818','169.521','0','0','0','100','0');

-- ----
-- SAI
-- ----
-- SAI: Karoma <The Wolf Spirit>
SET @ENTRY := 50138;
SET @SOURCETYPE := 0;

DELETE FROM `smart_scripts` WHERE `entryorguid`=@ENTRY AND `source_type`=@SOURCETYPE;
UPDATE creature_template SET AIName="SmartAI" WHERE entry=@ENTRY LIMIT 1;
INSERT INTO `smart_scripts` (`entryorguid`,`source_type`,`id`,`link`,`event_type`,`event_phase_mask`,`event_chance`,`event_flags`,`event_param1`,`event_param2`,`event_param3`,`event_param4`,`action_type`,`action_param1`,`action_param2`,`action_param3`,`action_param4`,`action_param5`,`action_param6`,`target_type`,`target_param1`,`target_param2`,`target_param3`,`target_x`,`target_y`,`target_z`,`target_o`,`comment`) VALUES 
(@ENTRY,@SOURCETYPE,0,0,9,0,100,0,5,45,1000,2500,11,75002,0,0,0,0,0,2,0,0,0,0.0,0.0,0.0,0.0,"On player range - Cast Leaping Rush");

-- SAI: Sambas
SET @ENTRY := 50159 ;
SET @SOURCETYPE := 0;

DELETE FROM `smart_scripts` WHERE `entryorguid`=@ENTRY AND `source_type`=@SOURCETYPE;
UPDATE creature_template SET AIName="SmartAI" WHERE entry=@ENTRY LIMIT 1;
INSERT INTO `smart_scripts` (`entryorguid`,`source_type`,`id`,`link`,`event_type`,`event_phase_mask`,`event_chance`,`event_flags`,`event_param1`,`event_param2`,`event_param3`,`event_param4`,`action_type`,`action_param1`,`action_param2`,`action_param3`,`action_param4`,`action_param5`,`action_param6`,`target_type`,`target_param1`,`target_param2`,`target_param3`,`target_x`,`target_y`,`target_z`,`target_o`,`comment`) VALUES 
(@ENTRY,@SOURCETYPE,0,0,9,0,100,0,5,45,1000,2500,11,75002,0,0,0,0,0,2,0,0,0,0.0,0.0,0.0,0.0,"On player range - Cast Leaping Rush");

-- SAI; Jadefang
SET @ENTRY := 49822;
SET @SOURCETYPE := 0;

DELETE FROM `smart_scripts` WHERE `entryorguid`=@ENTRY AND `source_type`=@SOURCETYPE;
UPDATE creature_template SET AIName="SmartAI" WHERE entry=@ENTRY LIMIT 1;
INSERT INTO `smart_scripts` (`entryorguid`,`source_type`,`id`,`link`,`event_type`,`event_phase_mask`,`event_chance`,`event_flags`,`event_param1`,`event_param2`,`event_param3`,`event_param4`,`action_type`,`action_param1`,`action_param2`,`action_param3`,`action_param4`,`action_param5`,`action_param6`,`target_type`,`target_param1`,`target_param2`,`target_param3`,`target_x`,`target_y`,`target_z`,`target_o`,`comment`) VALUES 
(@ENTRY,@SOURCETYPE,0,0,9,0,100,0,5,45,3500,4600,11,96201,0,0,0,0,0,2,0,0,0,0.0,0.0,0.0,0.0,"On player are in range cast - Web Wrap"),
(@ENTRY,@SOURCETYPE,1,0,0,0,100,0,2500,3500,9500,10000,11,86570,0,0,0,0,0,2,0,0,0,0.0,0.0,0.0,0.0,"On IC cast: Shale Flurry"),
(@ENTRY,@SOURCETYPE,2,0,0,0,100,0,5500,5600,11000,12500,11,83381,0,0,0,0,0,2,0,0,0,0.0,0.0,0.0,0.0,"On IC cast: kill");

-- SAI: Golgarok
SET @ENTRY := 50059;
SET @SOURCETYPE := 0;

DELETE FROM `smart_scripts` WHERE `entryorguid`=@ENTRY AND `source_type`=@SOURCETYPE;
UPDATE creature_template SET AIName="SmartAI" WHERE entry=@ENTRY LIMIT 1;
INSERT INTO `smart_scripts` (`entryorguid`,`source_type`,`id`,`link`,`event_type`,`event_phase_mask`,`event_chance`,`event_flags`,`event_param1`,`event_param2`,`event_param3`,`event_param4`,`action_type`,`action_param1`,`action_param2`,`action_param3`,`action_param4`,`action_param5`,`action_param6`,`target_type`,`target_param1`,`target_param2`,`target_param3`,`target_x`,`target_y`,`target_z`,`target_o`,`comment`) VALUES 
(@ENTRY,@SOURCETYPE,0,0,9,0,100,0,5,10,3000,3500,11,86699,0,0,0,0,0,2,0,0,0,0.0,0.0,0.0,0.0,"On player on range cast: Sockwave"),
(@ENTRY,@SOURCETYPE,1,0,2,0,100,0,25,25,35000,48000,11,80117,0,0,0,0,0,5,0,0,0,0.0,0.0,0.0,0.0,"On 25% HP: Earth Spike"),
(@ENTRY,@SOURCETYPE,2,0,67,0,100,0,10000,11000,0,0,11,80182,0,0,0,0,0,2,0,0,0,0.0,0.0,0.0,0.0,"On behing target cast: Uppercut"),
(@ENTRY,@SOURCETYPE,3,0,0,0,100,0,25000,28000,60000,70000,11,86861,0,0,0,0,0,1,0,0,0,0.0,0.0,0.0,0.0,"On IC cast: Earthquake");

-- SAI: Terborus
SET @ENTRY := 50060;
SET @SOURCETYPE := 0;

DELETE FROM `smart_scripts` WHERE `entryorguid`=@ENTRY AND `source_type`=@SOURCETYPE;
UPDATE creature_template SET AIName="SmartAI" WHERE entry=@ENTRY LIMIT 1;
INSERT INTO `smart_scripts` (`entryorguid`,`source_type`,`id`,`link`,`event_type`,`event_phase_mask`,`event_chance`,`event_flags`,`event_param1`,`event_param2`,`event_param3`,`event_param4`,`action_type`,`action_param1`,`action_param2`,`action_param3`,`action_param4`,`action_param5`,`action_param6`,`target_type`,`target_param1`,`target_param2`,`target_param3`,`target_x`,`target_y`,`target_z`,`target_o`,`comment`) VALUES 
(@ENTRY,@SOURCETYPE,0,0,0,0,100,0,1000,60000,65000,70000,11,79927,0,0,0,0,0,1,0,0,0,0.0,0.0,0.0,0.0,"On IC cast: Earth Shield"),
(@ENTRY,@SOURCETYPE,1,0,0,0,100,0,5000,6000,45000,50000,11,32738,0,0,0,0,0,2,0,0,0,0.0,0.0,0.0,0.0,"On IC cast: Bore");

-- SAI: Mobus
SET @ENTRY := 50009;
SET @SOURCETYPE := 0;

DELETE FROM `smart_scripts` WHERE `entryorguid`=@ENTRY AND `source_type`=@SOURCETYPE;
UPDATE creature_template SET AIName="SmartAI" WHERE entry=@ENTRY LIMIT 1;
INSERT INTO `smart_scripts` (`entryorguid`,`source_type`,`id`,`link`,`event_type`,`event_phase_mask`,`event_chance`,`event_flags`,`event_param1`,`event_param2`,`event_param3`,`event_param4`,`action_type`,`action_param1`,`action_param2`,`action_param3`,`action_param4`,`action_param5`,`action_param6`,`target_type`,`target_param1`,`target_param2`,`target_param3`,`target_x`,`target_y`,`target_z`,`target_o`,`comment`) VALUES 
(@ENTRY,@SOURCETYPE,0,0,0,0,100,0,1300,2300,60000,70000,11,93492,0,0,0,0,0,2,0,0,0,0.0,0.0,0.0,0.0,"On IC cast: Ram"),
(@ENTRY,@SOURCETYPE,1,0,0,0,100,0,5500,6000,120000,130000,11,93491,0,0,0,0,0,2,0,0,0,0.0,0.0,0.0,0.0,"On IC cast: Algae"),
(@ENTRY,@SOURCETYPE,2,0,2,0,100,0,40,40,24000,25400,11,8599,0,0,0,0,0,1,0,0,0,0.0,0.0,0.0,0.0,"On 40% HP cast: Enrage"),
(@ENTRY,@SOURCETYPE,3,0,0,0,100,0,2500,3000,60000,120000,11,93494,0,0,0,0,0,2,0,0,0,0.0,0.0,0.0,0.0,"On IC cast: Wake");

-- SAI: Ghostcrawler
SET @ENTRY := 50051;
SET @SOURCETYPE := 0;

DELETE FROM `smart_scripts` WHERE `entryorguid`=@ENTRY AND `source_type`=@SOURCETYPE;
UPDATE creature_template SET AIName="SmartAI" WHERE entry=@ENTRY LIMIT 1;
INSERT INTO `smart_scripts` (`entryorguid`,`source_type`,`id`,`link`,`event_type`,`event_phase_mask`,`event_chance`,`event_flags`,`event_param1`,`event_param2`,`event_param3`,`event_param4`,`action_type`,`action_param1`,`action_param2`,`action_param3`,`action_param4`,`action_param5`,`action_param6`,`target_type`,`target_param1`,`target_param2`,`target_param3`,`target_x`,`target_y`,`target_z`,`target_o`,`comment`) VALUES 
(@ENTRY,@SOURCETYPE,0,0,4,0,100,0,0,0,0,0,11,53148,0,0,0,0,0,2,0,0,0,0.0,0.0,0.0,0.0,"On aggro: Charge"),
(@ENTRY,@SOURCETYPE,1,0,0,0,100,0,1300,1500,10000,15000,11,67982,4,0,0,0,0,2,0,0,0,0.0,0.0,0.0,0.0,"On IC cast: Claw"),
(@ENTRY,@SOURCETYPE,2,0,2,0,100,0,50,50,0,0,11,93082,0,0,0,0,0,2,0,0,0,0.0,0.0,0.0,0.0,"On 50% HP cast: Supernerf");

-- SAI: Burgy Blackheart
SET @ENTRY := 50052;
SET @SOURCETYPE := 0;

DELETE FROM `smart_scripts` WHERE `entryorguid`=@ENTRY AND `source_type`=@SOURCETYPE;
UPDATE creature_template SET AIName="SmartAI" WHERE entry=@ENTRY LIMIT 1;
INSERT INTO `smart_scripts` (`entryorguid`,`source_type`,`id`,`link`,`event_type`,`event_phase_mask`,`event_chance`,`event_flags`,`event_param1`,`event_param2`,`event_param3`,`event_param4`,`action_type`,`action_param1`,`action_param2`,`action_param3`,`action_param4`,`action_param5`,`action_param6`,`target_type`,`target_param1`,`target_param2`,`target_param3`,`target_x`,`target_y`,`target_z`,`target_o`,`comment`) VALUES 
(@ENTRY,@SOURCETYPE,0,0,9,0,100,0,1,30,1200,1300,11,75380,0,0,0,0,0,0,0,0,0,0.0,0.0,0.0,0.0,"On Range cast: Parrrley!"),
(@ENTRY,@SOURCETYPE,1,0,0,0,100,0,1600,1700,12000,15000,11,75361,0,0,0,0,0,2,0,0,0,0.0,0.0,0.0,0.0,"On IC Cast: Swashbuckling Slice"),
(@ENTRY,@SOURCETYPE,2,0,0,0,100,0,1200,1300,28000,30000,11,79414,0,0,0,0,0,2,0,0,0,0.0,0.0,0.0,0.0,"On IC Cast: Brittle Touch");

-- SAI: Poseidus
SET @ENTRY := 50005;
SET @SOURCETYPE := 0;

DELETE FROM `smart_scripts` WHERE `entryorguid`=@ENTRY AND `source_type`=@SOURCETYPE;
UPDATE creature_template SET AIName="SmartAI" WHERE entry=@ENTRY LIMIT 1;
INSERT INTO `smart_scripts` (`entryorguid`,`source_type`,`id`,`link`,`event_type`,`event_phase_mask`,`event_chance`,`event_flags`,`event_param1`,`event_param2`,`event_param3`,`event_param4`,`action_type`,`action_param1`,`action_param2`,`action_param3`,`action_param4`,`action_param5`,`action_param6`,`target_type`,`target_param1`,`target_param2`,`target_param3`,`target_x`,`target_y`,`target_z`,`target_o`,`comment`) VALUES 
(@ENTRY,@SOURCETYPE,0,0,9,0,100,0,8,25,3500,4000,11,93497,0,0,0,0,0,2,0,0,0,0.0,0.0,0.0,0.0,"On Range Cast: Bubble Charge"),
(@ENTRY,@SOURCETYPE,1,0,0,0,100,0,1300,1500,30000,35000,11,93500,0,0,0,0,0,2,0,0,0,0.0,0.0,0.0,0.0,"On IC Cast: Bubblebeam"),
(@ENTRY,@SOURCETYPE,2,0,2,0,100,0,10,50,25000,30000,11,93502,0,0,0,0,0,1,0,0,0,0.0,0.0,0.0,0.0,"On % HP Cast: Seascape");

-- SAI: Armagedillo
SET @ENTRY := 50065;
SET @SOURCETYPE := 0;

DELETE FROM `smart_scripts` WHERE `entryorguid`=@ENTRY AND `source_type`=@SOURCETYPE;
UPDATE creature_template SET AIName="SmartAI" WHERE entry=@ENTRY LIMIT 1;
INSERT INTO `smart_scripts` (`entryorguid`,`source_type`,`id`,`link`,`event_type`,`event_phase_mask`,`event_chance`,`event_flags`,`event_param1`,`event_param2`,`event_param3`,`event_param4`,`action_type`,`action_param1`,`action_param2`,`action_param3`,`action_param4`,`action_param5`,`action_param6`,`target_type`,`target_param1`,`target_param2`,`target_param3`,`target_x`,`target_y`,`target_z`,`target_o`,`comment`) VALUES 
(@ENTRY,@SOURCETYPE,0,0,9,0,100,0,5,30,1200,1300,11,93598,0,0,0,0,0,2,0,0,0,0.0,0.0,0.0,0.0,"On Range Cast: Spiked Charge"),
(@ENTRY,@SOURCETYPE,1,0,0,0,100,0,1500,1600,40000,45000,11,93592,0,0,0,0,0,2,0,0,0,0.0,0.0,0.0,0.0,"On Ic Cast: Diligeddon"),
(@ENTRY,@SOURCETYPE,2,0,0,0,100,0,1600,1700,16000,20000,11,93590,0,0,0,0,0,2,0,0,0,0.0,0.0,0.0,0.0,"On Ic Cast: Flame Breath");

-- SAI: Xariona
SET @ENTRY := 50061;
SET @SOURCETYPE := 0;

DELETE FROM `smart_scripts` WHERE `entryorguid`=@ENTRY AND `source_type`=@SOURCETYPE;
UPDATE creature_template SET AIName="SmartAI" WHERE entry=@ENTRY LIMIT 1;
INSERT INTO `smart_scripts` (`entryorguid`,`source_type`,`id`,`link`,`event_type`,`event_phase_mask`,`event_chance`,`event_flags`,`event_param1`,`event_param2`,`event_param3`,`event_param4`,`action_type`,`action_param1`,`action_param2`,`action_param3`,`action_param4`,`action_param5`,`action_param6`,`target_type`,`target_param1`,`target_param2`,`target_param3`,`target_x`,`target_y`,`target_z`,`target_o`,`comment`) VALUES 
(@ENTRY,@SOURCETYPE,0,0,0,0,100,0,1500,1600,25000,30000,11,93544,0,0,0,0,0,2,0,0,0,0.0,0.0,0.0,0.0,"On IC Cast: Twilight Breath"),
(@ENTRY,@SOURCETYPE,1,0,0,0,100,0,3500,4000,55000,60000,11,93546,0,0,0,0,0,5,0,0,0,0.0,0.0,0.0,0.0,"On IC Cast: Twilight Fissure"),
(@ENTRY,@SOURCETYPE,2,0,2,0,100,0,50,50,25000,30000,11,93553,0,0,0,0,0,1,0,0,0,0.0,0.0,0.0,0.0,"On 50% HP Cast: Twilight Zone"),
(@ENTRY,@SOURCETYPE,3,0,0,0,100,0,4000,4500,60000,70000,11,93556,0,0,0,0,0,1,0,0,0,0.0,0.0,0.0,0.0,"On Ic Cast: Unleashed Magic");

-- ---------
-- Gilneas 
-- --------
-- Gilneas City Guard Remove Scriptname now is handled by SAI
UPDATE `creature_template` SET `ScriptName`='' WHERE `entry`='34864';

-- SAI: Gilneas City Guard
SET @ENTRY := 34864;
SET @SOURCETYPE := 0;

DELETE FROM `smart_scripts` WHERE `entryorguid`=@ENTRY AND `source_type`=@SOURCETYPE;
UPDATE creature_template SET AIName="SmartAI" WHERE entry=@ENTRY LIMIT 1;
INSERT INTO `smart_scripts` (`entryorguid`,`source_type`,`id`,`link`,`event_type`,`event_phase_mask`,`event_chance`,`event_flags`,`event_param1`,`event_param2`,`event_param3`,`event_param4`,`action_type`,`action_param1`,`action_param2`,`action_param3`,`action_param4`,`action_param5`,`action_param6`,`target_type`,`target_param1`,`target_param2`,`target_param3`,`target_x`,`target_y`,`target_z`,`target_o`,`comment`) VALUES 
(@ENTRY,@SOURCETYPE,0,0,1,0,100,0,1200,1300,1400,1500,5,36,0,0,0,0,0,11,34884,2,0,0.0,0.0,0.0,0.0,"On OCC emote: Attack H1"),
(@ENTRY,@SOURCETYPE,1,0,1,0,100,0,1200,1300,1400,1500,5,36,0,0,0,0,0,11,50471,2,0,0.0,0.0,0.0,0.0,"On OCC emote: Attack H1");

-- Rampaging Worgen Remove Scriptname now is handled by SAI
UPDATE `creature_template` SET `ScriptName`='' WHERE `entry`='34884';

-- SAI: Rampaging Worgen
SET @ENTRY := 34884;
SET @SOURCETYPE := 0;

DELETE FROM `smart_scripts` WHERE `entryorguid`=@ENTRY AND `source_type`=@SOURCETYPE;
UPDATE creature_template SET AIName="SmartAI" WHERE entry=@ENTRY LIMIT 1;
INSERT INTO `smart_scripts` (`entryorguid`,`source_type`,`id`,`link`,`event_type`,`event_phase_mask`,`event_chance`,`event_flags`,`event_param1`,`event_param2`,`event_param3`,`event_param4`,`action_type`,`action_param1`,`action_param2`,`action_param3`,`action_param4`,`action_param5`,`action_param6`,`target_type`,`target_param1`,`target_param2`,`target_param3`,`target_x`,`target_y`,`target_z`,`target_o`,`comment`) VALUES 
(@ENTRY,@SOURCETYPE,0,0,1,0,100,0,1200,1300,1400,1500,5,36,0,0,0,0,0,11,34864,2,0,0.0,0.0,0.0,0.0,"On OCC emote: Attack H1");

-- SAI: Bloodfang Worgen Better way to spawn emote when need it
SET @ENTRY := 35118;
SET @SOURCETYPE := 0;

DELETE FROM `smart_scripts` WHERE `entryorguid`=@ENTRY AND `source_type`=@SOURCETYPE;
UPDATE creature_template SET AIName="SmartAI" WHERE entry=@ENTRY LIMIT 1;
INSERT INTO `smart_scripts` (`entryorguid`,`source_type`,`id`,`link`,`event_type`,`event_phase_mask`,`event_chance`,`event_flags`,`event_param1`,`event_param2`,`event_param3`,`event_param4`,`action_type`,`action_param1`,`action_param2`,`action_param3`,`action_param4`,`action_param5`,`action_param6`,`target_type`,`target_param1`,`target_param2`,`target_param3`,`target_x`,`target_y`,`target_z`,`target_o`,`comment`) VALUES 
(@ENTRY,@SOURCETYPE,0,0,1,0,100,0,0,0,0,0,8,1,0,0,0,0,0,1,0,0,0,0.0,0.0,0.0,0.0,"Only attack when attacked"),
(@ENTRY,@SOURCETYPE,1,0,2,0,100,0,5,10,2000,3000,11,8599,1,0,0,0,0,1,0,0,0,0.0,0.0,0.0,0.0,"Bloodfang Worgen"),
(@ENTRY,@SOURCETYPE,2,0,1,0,100,0,1200,1300,1400,1500,5,36,0,0,0,0,0,11,35232,2,0,0.0,0.0,0.0,0.0,"On OCC emote: Attack H1");

-- SAI: Gilnean Royal Guard Phase 2 SAI for spawn emote
SET @ENTRY := 35232;
SET @SOURCETYPE := 0;

DELETE FROM `smart_scripts` WHERE `entryorguid`=@ENTRY AND `source_type`=@SOURCETYPE;
UPDATE creature_template SET AIName="SmartAI" WHERE entry=@ENTRY LIMIT 1;
INSERT INTO `smart_scripts` (`entryorguid`,`source_type`,`id`,`link`,`event_type`,`event_phase_mask`,`event_chance`,`event_flags`,`event_param1`,`event_param2`,`event_param3`,`event_param4`,`action_type`,`action_param1`,`action_param2`,`action_param3`,`action_param4`,`action_param5`,`action_param6`,`target_type`,`target_param1`,`target_param2`,`target_param3`,`target_x`,`target_y`,`target_z`,`target_o`,`comment`) VALUES 
(@ENTRY,@SOURCETYPE,0,0,1,0,100,0,1200,1300,1400,1500,5,36,0,0,0,0,0,11,35118,2,0,0.0,0.0,0.0,0.0,"On OCC emote: Attack H1");

-- Gilnean Royal Guard wrong ID on phase 2, now are playing correct emote
UPDATE `creature` SET `id`='35232' WHERE `id`='34864' AND `guid`='5100';

-- SAI: Afflicted Gilnean Better way to spawn emote when need it
SET @ENTRY := 50471;
SET @SOURCETYPE := 0;

DELETE FROM `smart_scripts` WHERE `entryorguid`=@ENTRY AND `source_type`=@SOURCETYPE;
UPDATE creature_template SET AIName="SmartAI" WHERE entry=@ENTRY LIMIT 1;
INSERT INTO `smart_scripts` (`entryorguid`,`source_type`,`id`,`link`,`event_type`,`event_phase_mask`,`event_chance`,`event_flags`,`event_param1`,`event_param2`,`event_param3`,`event_param4`,`action_type`,`action_param1`,`action_param2`,`action_param3`,`action_param4`,`action_param5`,`action_param6`,`target_type`,`target_param1`,`target_param2`,`target_param3`,`target_x`,`target_y`,`target_z`,`target_o`,`comment`) VALUES 
(@ENTRY,@SOURCETYPE,0,0,1,0,100,0,0,0,0,0,8,1,0,0,0,0,0,1,0,0,0,0.0,0.0,0.0,0.0,"Only attack when attacked"),
(@ENTRY,@SOURCETYPE,1,0,1,0,100,0,1200,1300,1400,1500,5,36,0,0,0,0,0,11,34864,2,0,0.0,0.0,0.0,0.0,"On OCC emote: Attack H1"),
(@ENTRY,@SOURCETYPE,2,0,1,0,100,0,1200,1300,1400,1500,5,36,0,0,0,0,0,11,100001,2,0,0.0,0.0,0.0,0.0,"On OCC emote: Attack H1");

-- SAI: Gilneas City Guard Better way to spawn emote when need it
SET @ENTRY := 100001;
SET @SOURCETYPE := 0;

DELETE FROM `smart_scripts` WHERE `entryorguid`=@ENTRY AND `source_type`=@SOURCETYPE;
UPDATE creature_template SET AIName="SmartAI" WHERE entry=@ENTRY LIMIT 1;
INSERT INTO `smart_scripts` (`entryorguid`,`source_type`,`id`,`link`,`event_type`,`event_phase_mask`,`event_chance`,`event_flags`,`event_param1`,`event_param2`,`event_param3`,`event_param4`,`action_type`,`action_param1`,`action_param2`,`action_param3`,`action_param4`,`action_param5`,`action_param6`,`target_type`,`target_param1`,`target_param2`,`target_param3`,`target_x`,`target_y`,`target_z`,`target_o`,`comment`) VALUES 
(@ENTRY,@SOURCETYPE,0,0,1,0,1,0,100,150,200,250,1,0,500,0,0,0,0,0,0,0,0,0.0,0.0,0.0,0.0,"Gilneas City Guard - Talk"),
(@ENTRY,@SOURCETYPE,1,0,1,0,100,0,1200,1300,1400,1500,5,36,0,0,0,0,0,11,50471,2,0,0.0,0.0,0.0,0.0,"On OCC emote: Attack H1");

-- SAI: Bloodfang Stalker Better way to spawn emote when need it
SET @ENTRY := 51277;
SET @SOURCETYPE := 0;

DELETE FROM `smart_scripts` WHERE `entryorguid`=@ENTRY AND `source_type`=@SOURCETYPE;
UPDATE creature_template SET AIName="SmartAI" WHERE entry=@ENTRY LIMIT 1;
INSERT INTO `smart_scripts` (`entryorguid`,`source_type`,`id`,`link`,`event_type`,`event_phase_mask`,`event_chance`,`event_flags`,`event_param1`,`event_param2`,`event_param3`,`event_param4`,`action_type`,`action_param1`,`action_param2`,`action_param3`,`action_param4`,`action_param5`,`action_param6`,`target_type`,`target_param1`,`target_param2`,`target_param3`,`target_x`,`target_y`,`target_z`,`target_o`,`comment`) VALUES 
(@ENTRY,@SOURCETYPE,0,0,2,0,100,0,5,20,7000,8000,11,8599,1,0,0,0,0,1,0,0,0,0.0,0.0,0.0,0.0,"Bloodfang Stalker"),
(@ENTRY,@SOURCETYPE,1,0,1,0,100,0,1200,1300,1400,1500,5,36,0,0,0,0,0,11,36057,2,0,0.0,0.0,0.0,0.0,"On OCC emote: Attack H1");

-- SAI: Northgate Rebel Better way to spawn emote when need it
SET @ENTRY := 36057;
SET @SOURCETYPE := 0;

DELETE FROM `smart_scripts` WHERE `entryorguid`=@ENTRY AND `source_type`=@SOURCETYPE;
UPDATE creature_template SET AIName="SmartAI" WHERE entry=@ENTRY LIMIT 1;
INSERT INTO `smart_scripts` (`entryorguid`,`source_type`,`id`,`link`,`event_type`,`event_phase_mask`,`event_chance`,`event_flags`,`event_param1`,`event_param2`,`event_param3`,`event_param4`,`action_type`,`action_param1`,`action_param2`,`action_param3`,`action_param4`,`action_param5`,`action_param6`,`target_type`,`target_param1`,`target_param2`,`target_param3`,`target_x`,`target_y`,`target_z`,`target_o`,`comment`) VALUES 
(@ENTRY,@SOURCETYPE,0,0,0,0,100,0,100,400,600,800,11,59146,1,0,0,0,0,2,0,0,0,0.0,0.0,0.0,0.0,"Northgate Rebel"),
(@ENTRY,@SOURCETYPE,1,0,0,0,100,0,800,1000,1200,1400,11,21390,1,0,0,0,0,2,0,0,0,0.0,0.0,0.0,0.0,"Northgate Rebel"),
(@ENTRY,@SOURCETYPE,2,0,0,0,100,0,1300,2000,2200,2900,11,15496,1,0,0,0,0,2,0,0,0,0.0,0.0,0.0,0.0,"Northgate Rebel"),
(@ENTRY,@SOURCETYPE,3,0,2,0,100,0,40,70,3000,3400,11,61044,1,0,0,0,0,1,0,0,0,0.0,0.0,0.0,0.0,"Northgate Rebel"),
(@ENTRY,@SOURCETYPE,4,0,1,0,100,0,1200,1300,1400,1500,5,36,0,0,0,0,0,11,51277,2,0,0.0,0.0,0.0,0.0,"On OCC emote: Attack H1");

-- SAI: Frenzied Stalker Better way to spawn emote when need it
SET @ENTRY := 35627;
SET @SOURCETYPE := 0;

DELETE FROM `smart_scripts` WHERE `entryorguid`=@ENTRY AND `source_type`=@SOURCETYPE;
UPDATE creature_template SET AIName="SmartAI" WHERE entry=@ENTRY LIMIT 1;
INSERT INTO `smart_scripts` (`entryorguid`,`source_type`,`id`,`link`,`event_type`,`event_phase_mask`,`event_chance`,`event_flags`,`event_param1`,`event_param2`,`event_param3`,`event_param4`,`action_type`,`action_param1`,`action_param2`,`action_param3`,`action_param4`,`action_param5`,`action_param6`,`target_type`,`target_param1`,`target_param2`,`target_param3`,`target_x`,`target_y`,`target_z`,`target_o`,`comment`) VALUES 
(@ENTRY,@SOURCETYPE,0,0,1,0,100,0,0,0,0,0,8,1,0,0,0,0,0,1,0,0,0,0.0,0.0,0.0,0.0,"Only attack when attacked"),
(@ENTRY,@SOURCETYPE,1,0,2,0,100,0,5,10,2000,3000,11,8599,1,0,0,0,0,1,0,0,0,0.0,0.0,0.0,0.0,"Frenzied Stalke"),
(@ENTRY,@SOURCETYPE,2,0,1,0,100,0,1200,1300,1400,1500,5,36,0,0,0,0,0,11,41015,2,0,0.0,0.0,0.0,0.0,"On OCC emote: Attack H1");

-- SAI: Northgate Rebel Better way to spawn emote when need it
SET @ENTRY := 41015;
SET @SOURCETYPE := 0;

DELETE FROM `smart_scripts` WHERE `entryorguid`=@ENTRY AND `source_type`=@SOURCETYPE;
UPDATE creature_template SET AIName="SmartAI" WHERE entry=@ENTRY LIMIT 1;
INSERT INTO `smart_scripts` (`entryorguid`,`source_type`,`id`,`link`,`event_type`,`event_phase_mask`,`event_chance`,`event_flags`,`event_param1`,`event_param2`,`event_param3`,`event_param4`,`action_type`,`action_param1`,`action_param2`,`action_param3`,`action_param4`,`action_param5`,`action_param6`,`target_type`,`target_param1`,`target_param2`,`target_param3`,`target_x`,`target_y`,`target_z`,`target_o`,`comment`) VALUES 
(@ENTRY,@SOURCETYPE,0,0,1,0,100,0,1200,1300,1400,1500,5,36,0,0,0,0,0,11,35627,2,0,0.0,0.0,0.0,0.0,"On OCC emote: Attack H1");