-- NPC
-- WayPoints
-- SAI

-- -----
-- NPC
-- -----
-- Lieutenant Walden miss correct phases on 1 and 2
DELETE FROM `creature` WHERE `id`=34863;
INSERT INTO `creature` (`guid`,`id`,`map`,`spawnMask`,`phaseMask`,`modelid`,`equipment_id`,`position_x`,`position_y`,`position_z`,`orientation`,`spawntimesecs`,`spawndist`,`currentwaypoint`,`curhealth`,`curmana`,`DeathState`,`MovementType`,`npcflag`,`unit_flags`,`dynamicflags`) VALUES
(4833, 34863, 638, 1, 1, 0, 0, -1405.52, 1445.8, 35.5562, 2.99158, 600, 0, 0, 42, 0, 0, 0, 0, 0, 0),
(6716, 34863, 638, 1, 2, 0, 0, -1405.52, 1445.8, 35.5562, 2.99158, 600, 0, 0, 42, 0, 0, 0, 0, 0, 0),
(6565507, 50086, 0, 1, 2, 0, 0, -5077.7, -5142.05, 46.7283, 2.36466, 300, 6, 0, 929880, 0, 0, 1, 0, 0, 0); -- Correct loc for Overlord Sunderfury

-- Elites and rare npcs need special respawn
-- Karoma (http://www.wowhead.com/npc=50138) 7 hours for respawn
UPDATE `creature` SET `spawntimesecs`='25000' WHERE `id`='50138';
-- Sambas (http://www.wowhead.com/npc=50159) 6 hours for respawn
UPDATE `creature` SET `spawntimesecs`='21800' WHERE `id`='50159';
-- Overlord Sunderfury (http://www.wowhead.com/npc=50085) 6 hours for respawn
UPDATE `creature` SET `spawntimesecs`='21800' WHERE `id`='50085';
-- Overlord Sunderfury (http://www.wowhead.com/npc=50086) 7 hours for respawn
UPDATE `creature` SET `spawntimesecs`='25000' WHERE `id`='50086';
-- Jadefang (http://www.wowhead.com/npc=49822) 8 hours for respawn
UPDATE `creature` SET `spawntimesecs`='30500' WHERE `id`='49822';
-- Golgarok <The Crimson Shatterer> (http://www.wowhead.com/npc=50059) 5 hours for respawn
UPDATE `creature` SET `spawntimesecs`='19500' WHERE `id`='50059';
-- Terborus (http://www.wowhead.com/npc=50060) 2 hours for respawn
UPDATE `creature` SET `spawntimesecs`='8500' WHERE `id`='50060';
-- Aeonaxx <Mate of Aeosera> (http://www.wowhead.com/npc=50062) 2 days for respawn
UPDATE `creature` SET `spawntimesecs`='215000' WHERE `id`='50062';
-- Lady LaLa (http://www.wowhead.com/npc=49913) 2 hours for respawn
UPDATE `creature` SET `spawntimesecs`='9500' WHERE `id`='49913';
-- Ghostcrawler (http://www.wowhead.com/npc=50051) 8 hours for respawn
UPDATE `creature` SET `spawntimesecs`='30000' WHERE `id`='50051';
-- Burgy Blackheart (http://www.wowhead.com/npc=50052) 16 hours for respawn
UPDATE `creature` SET `spawntimesecs`='59500' WHERE `id`='50052';
-- Poseidus Blackheart (http://www.wowhead.com/npc=50005) 3 days for respawn
UPDATE `creature` SET `spawntimesecs`='270000' WHERE `id`='50005';
-- Armagedillo (http://www.wowhead.com/npc=50065) 4 hours for respawn
UPDATE `creature` SET `spawntimesecs`='16000' WHERE `id`='50065';
-- Cyrus the Black (http://www.wowhead.com/npc=50064) 8 hours for respawn
UPDATE `creature` SET `spawntimesecs`='30000' WHERE `id`='50064';
-- Madexx (http://www.wowhead.com/npc=51404) 2 days for respawn
UPDATE `creature` SET `spawntimesecs`='115000' WHERE `id`='51404';

-- NPC: Rates NPC's are rank 2 (rare) not 1 (Elite)
UPDATE `creature_template` SET `rank`='2' WHERE `entry` IN 
(50138,50159,50085,50086,49822,50059,50060,50062,49913,50051,50052,50005,50065,50064,51404);

-- NPC: Fix HP for rares creatures
UPDATE `creature_template` SET `Health_mod`='2.00' WHERE `entry` IN (50085); -- Overlord Sunderfury
UPDATE `creature` SET `curhealth`='0' WHERE `id` IN (50085);
UPDATE `creature_template` SET `Health_mod`='1.5' WHERE `entry` IN (50086); -- Tarvus the Vile
UPDATE `creature` SET `curhealth`='0' WHERE `id` IN (50086);
UPDATE `creature_template` SET `Health_mod`='9.37' WHERE `entry` IN (49822); -- Jadefang
UPDATE `creature` SET `curhealth`='0' WHERE `id` IN (49822);
UPDATE `creature_template` SET `Health_mod`='9.62' WHERE `entry` IN (50059); -- Golgarok
UPDATE `creature` SET `curhealth`='0' WHERE `id` IN (50059);
UPDATE `creature_template` SET `Health_mod`='109.62' WHERE `entry` IN (50051); -- Ghostcrawler
UPDATE `creature` SET `curhealth`='0' WHERE `id` IN (50051);
UPDATE `creature_template` SET `Health_mod`='4.520' WHERE `entry` IN (50052); -- Burgy Blackheart <Dreaded Captain of Diane's Fancy>
UPDATE `creature` SET `curhealth`='0' WHERE `id` IN (50052);
UPDATE `creature_template` SET `Health_mod`='4.50' WHERE `entry` IN (50005); -- Poseidus
UPDATE `creature` SET `curhealth`='0' WHERE `id` IN (50005);

-- ---------
-- WayPoints
-- ---------
-- Waypoint movement type guid 6596579 (Armagedillo)
UPDATE `creature` SET `MovementType`='2' WHERE `guid`='6596579';

-- Set WP for creature guid 6596579 (Armagedillo)
DELETE FROM `creature_addon` WHERE (`guid`=6596579);
INSERT INTO `creature_addon` (`guid`, `path_id`, `mount`, `bytes1`, `bytes2`, `emote`, `auras`) VALUES 
(6596579, '6596579', 0, 0, 1, 0, '');

-- WP For (Armagedillo)
DELETE FROM waypoint_data WHERE id='6596579';
INSERT INTO `waypoint_data` (`id`, `point`, `position_x`, `position_y`, `position_z`, `delay`, `move_flag`, `action`, `action_chance`, `wpguid`) VALUES 
('6596579','1','-9536.32','-298.726','101.644','0','0','0','100','0'),
('6596579','2','-9534.47','-301.697','101.883','0','0','0','100','0'),
('6596579','3','-9528.67','-310.438','102.382','0','0','0','100','0'),
('6596579','4','-9519.26','-324.171','102.787','0','0','0','100','0'),
('6596579','5','-9500.58','-351.377','106.473','0','0','0','100','0'),
('6596579','6','-9483.32','-363.91','109.728','0','0','0','100','0'),
('6596579','7','-9460.82','-375.724','112.76','0','0','0','100','0'),
('6596579','8','-9444.85','-382.875','113.856','0','0','0','100','0'),
('6596579','9','-9411.87','-403.902','117.868','0','0','0','100','0'),
('6596579','10','-9400.19','-412.455','117.661','0','0','0','100','0'),
('6596579','11','-9376','-416.11','116.861','0','0','0','100','0'),
('6596579','12','-9350.29','-404.582','117.796','0','0','0','100','0'),
('6596579','13','-9322.19','-383.709','120.878','0','0','0','100','0'),
('6596579','14','-9294.44','-355.343','129.71','0','0','0','100','0'),
('6596579','15','-9289.97','-338.425','131.339','0','0','0','100','0'),
('6596579','16','-9278.34','-305.46','134.371','0','0','0','100','0'),
('6596579','17','-9272.33','-289.023','136.271','0','0','0','100','0'),
('6596579','18','-9263.1','-265.825','137.96','0','0','0','100','0'),
('6596579','19','-9241.84','-233.557','139.314','0','0','0','100','0'),
('6596579','20','-9230.54','-220.23','140.842','0','0','0','100','0'),
('6596579','21','-9222.18','-210.903','141.467','0','0','0','100','0'),
('6596579','22','-9239.15','-194.099','141.841','0','0','0','100','0'),
('6596579','23','-9264.93','-182.999','141.584','0','0','0','100','0'),
('6596579','24','-9283.66','-189.224','140.107','0','0','0','100','0'),
('6596579','25','-9306.09','-204.961','136.38','0','0','0','100','0'),
('6596579','26','-9319.51','-215.222','133.525','0','0','0','100','0'),
('6596579','27','-9346.17','-231.454','129.332','0','0','0','100','0'),
('6596579','28','-9361.98','-238.955','129.331','0','0','0','100','0'),
('6596579','29','-9377.79','-246.455','132.262','0','0','0','100','0'),
('6596579','30','-9393.53','-254.1','137.532','0','0','0','100','0'),
('6596579','31','-9411.38','-262.922','136.896','0','0','0','100','0'),
('6596579','32','-9411.38','-262.922','136.896','0','0','0','100','0'),
('6596579','33','-9426.31','-266.556','133.204','0','0','0','100','0'),
('6596579','34','-9443.32','-270.694','127.415','0','0','0','100','0'),
('6596579','35','-9460.5','-274.018','121.553','0','0','0','100','0'),
('6596579','36','-9495.29','-277.504','111.26','0','0','0','100','0'),
('6596579','37','-9530.28','-277.932','103.774','0','0','0','100','0'),
('6596579','38','-9562.82','-276.87','99.0189','0','0','0','100','0'),
('6596579','39','-9588.5','-264.348','98.2436','0','0','0','100','0'),
('6596579','40','-9596.15','-248.613','100.256','0','0','0','100','0'),
('6596579','41','-9604.12','-233.073','101.533','0','0','0','100','0'),
('6596579','42','-9622.32','-203.178','100.323','0','0','0','100','0'),
('6596579','43','-9632.16','-174.023','97.7537','0','0','0','100','0'),
('6596579','44','-9627.05','-163.769','99.3545','0','0','0','100','0'),
('6596579','45','-9612.08','-149.82','104.407','0','0','0','100','0'),
('6596579','46','-9601.77','-133.824','105.4','0','0','0','100','0'),
('6596579','47','-9588.32','-101.51','94.1104','0','0','0','100','0'),
('6596579','48','-9583.43','-89.5952','92.4061','0','0','0','100','0'),
('6596579','49','-9605.9','-93.5186','94.61','0','0','0','100','0'),
('6596579','50','-9617.98','-111.078','99.5571','0','0','0','100','0'),
('6596579','51','-9617.26','-120.315','102.197','0','0','0','100','0'),
('6596579','52','-9612.92','-159.473','103.735','0','0','0','100','0'),
('6596579','53','-9622.24','-174.281','100.28','0','0','0','100','0'),
('6596579','54','-9635.38','-201.744','98.4219','0','0','0','100','0'),
('6596579','55','-9623.66','-249.751','99.0679','0','0','0','100','0'),
('6596579','56','-9621.26','-252.342','98.8055','0','0','0','100','0'),
('6596579','57','-9587.48','-280.42','96.6231','0','0','0','100','0'),
('6596579','58','-9577.92','-280.129','97.1149','0','0','0','100','0'),
('6596579','59','-9543.95','-280.567','101.022','0','0','0','100','0'),
('6596579','60','-9540.81','-291.967','101.032','0','0','0','100','0');

-- Waypoint movement type guid 6564982 (Karoma)
UPDATE `creature` SET `MovementType`='2' WHERE `guid`='6564982';

-- Set WP for creature guid 6564982 (Karoma)
DELETE FROM `creature_addon` WHERE (`guid`=6564982);
INSERT INTO `creature_addon` (`guid`, `path_id`, `mount`, `bytes1`, `bytes2`, `emote`, `auras`) VALUES 
(6564982, '6564982', 0, 0, 1, 0, '');

-- WP For (Karoma)
DELETE FROM waypoint_data WHERE id='6564982';
INSERT INTO `waypoint_data` (`id`, `point`, `position_x`, `position_y`, `position_z`, `delay`, `move_flag`, `action`, `action_chance`, `wpguid`) VALUES 
('6564982','1','-3624.5','-5587.19','30.6935','0','0','0','100','0'),
('6564982','2','-3624.5','-5587.19','30.6935','0','0','0','100','0'),
('6564982','3','-3614.27','-5572.99','31.4299','0','0','0','100','0'),
('6564982','4','-3603.83','-5558.95','33.5435','0','0','0','100','0'),
('6564982','5','-3597.81','-5552.77','33.8321','0','0','0','100','0'),
('6564982','6','-3589.31','-5548.49','33.2978','0','0','0','100','0'),
('6564982','7','-3578.99','-5546.56','32.4385','0','0','0','100','0'),
('6564982','8','-3569.02','-5543.33','32.5109','0','0','0','100','0'),
('6564982','9','-3561.39','-5540.36','30.8986','0','0','0','100','0'),
('6564982','10','-3554.45','-5539.49','27.9369','0','0','0','100','0'),
('6564982','11','-3546.02','-5538.38','25.3212','0','0','0','100','0'),
('6564982','12','-3542.9','-5535.79','23.4323','0','0','0','100','0'),
('6564982','13','-3541.46','-5529.67','20.1708','0','0','0','100','0'),
('6564982','14','-3539.12','-5526.05','18.3158','0','0','0','100','0'),
('6564982','15','-3535.47','-5520.51','14.9491','0','0','0','100','0'),
('6564982','16','-3530.96','-5514.36','16.6661','0','0','0','100','0'),
('6564982','17','-3526.02','-5510.31','18.0178','0','0','0','100','0'),
('6564982','18','-3519.79','-5504.75','17.801','0','0','0','100','0'),
('6564982','19','-3517.06','-5501.56','16.0643','0','0','0','100','0'),
('6564982','20','-3513.55','-5495.51','15.3762','0','0','0','100','0'),
('6564982','21','-3511.35','-5490.97','15.2533','0','0','0','100','0'),
('6564982','22','-3508.32','-5480.92','14.8428','0','0','0','100','0'),
('6564982','23','-3505.93','-5475.18','14.7398','0','0','0','100','0'),
('6564982','24','-3500.15','-5468.57','14.1511','0','0','0','100','0'),
('6564982','25','-3495.06','-5463.77','13.9937','0','0','0','100','0'),
('6564982','26','-3491.83','-5461.33','13.4587','0','0','0','100','0'),
('6564982','27','-3485.65','-5458.35','12.1617','0','0','0','100','0'),
('6564982','28','-3479.08','-5455.95','11.1941','0','0','0','100','0'),
('6564982','29','-3472.29','-5454.25','11.7332','0','0','0','100','0'),
('6564982','30','-3466.25','-5452.48','12.661','0','0','0','100','0'),
('6564982','31','-3462.19','-5449.04','14.5928','0','0','0','100','0'),
('6564982','32','-3459.5','-5444.54','14.2598','0','0','0','100','0'),
('6564982','33','-3458.86','-5441.9','14.4534','0','0','0','100','0'),
('6564982','34','-3460.6','-5435.12','10.7603','0','0','0','100','0'),
('6564982','35','-3461.67','-5429.06','8.96532','0','0','0','100','0'),
('6564982','36','-3460.89','-5423.64','7.96543','0','0','0','100','0'),
('6564982','37','-3461.29','-5422.37','7.87611','0','0','0','100','0'),
('6564982','38','-3465.03','-5416.45','8.00295','0','0','0','100','0'),
('6564982','39','-3468.06','-5410.46','8.3509','0','0','0','100','0'),
('6564982','40','-3469.27','-5400.38','8.96095','0','0','0','100','0'),
('6564982','41','-3469.67','-5393.39','9.09026','0','0','0','100','0'),
('6564982','42','-3469.78','-5386.39','9.07022','0','0','0','100','0'),
('6564982','43','-3469.42','-5379.4','9.16495','0','0','0','100','0'),
('6564982','44','-3468.28','-5372.5','9.30354','0','0','0','100','0'),
('6564982','45','-3465.38','-5362.44','9.0662','0','0','0','100','0'),
('6564982','46','-3462.51','-5356.05','8.6684','0','0','0','100','0'),
('6564982','47','-3459.72','-5351.06','8.49131','0','0','0','100','0'),
('6564982','48','-3455.52','-5347.08','8.02473','0','0','0','100','0'),
('6564982','49','-3450.42','-5344.86','7.02227','0','0','0','100','0'),
('6564982','50','-3445.6','-5343.18','6.36577','0','0','0','100','0'),
('6564982','51','-3438.91','-5341.74','6.28775','0','0','0','100','0'),
('6564982','52','-3431.28','-5341.62','6.31277','0','0','0','100','0'),
('6564982','53','-3424.28','-5341.69','7.20008','0','0','0','100','0'),
('6564982','54','-3417.05','-5341.61','8.0745','0','0','0','100','0'),
('6564982','55','-3413.1','-5341.95','8.23807','0','0','0','100','0'),
('6564982','56','-3406.24','-5344.21','8.06733','0','0','0','100','0'),
('6564982','57','-3398.4','-5346.24','8.85796','0','0','0','100','0'),
('6564982','58','-3393.08','-5343.38','9.47055','0','0','0','100','0'),
('6564982','59','-3387.57','-5337.08','9.30157','0','0','0','100','0'),
('6564982','60','-3384.83','-5328.84','9.33954','0','0','0','100','0'),
('6564982','61','-3387.05','-5325.1','10.9828','0','0','0','100','0'),
('6564982','62','-3392.03','-5320.19','11.0925','0','0','0','100','0'),
('6564982','63','-3396.62','-5317.79','10.6675','0','0','0','100','0'),
('6564982','64','-3402.51','-5313.15','10.1049','0','0','0','100','0'),
('6564982','65','-3404.89','-5309.86','10.3695','0','0','0','100','0'),
('6564982','66','-3407.49','-5303.36','9.84957','0','0','0','100','0'),
('6564982','67','-3411.34','-5293.59','9.97974','0','0','0','100','0'),
('6564982','68','-3414.4','-5287.31','9.30168','0','0','0','100','0'),
('6564982','69','-3417.95','-5281.28','8.94391','0','0','0','100','0'),
('6564982','70','-3421.89','-5275.45','8.56452','0','0','0','100','0'),
('6564982','71','-3428.84','-5270.7','8.51654','0','0','0','100','0'),
('6564982','72','-3433.81','-5269.48','8.32427','0','0','0','100','0'),
('6564982','73','-3440.81','-5269.56','7.40086','0','0','0','100','0'),
('6564982','74','-3446.76','-5269.85','6.29263','0','0','0','100','0'),
('6564982','75','-3451.93','-5271.16','6.27761','0','0','0','100','0'),
('6564982','76','-3458.27','-5274.29','7.40099','0','0','0','100','0'),
('6564982','77','-3462.92','-5277.39','8.88848','0','0','0','100','0'),
('6564982','78','-3468.2','-5281.99','10.2644','0','0','0','100','0'),
('6564982','79','-3473.82','-5286.91','10.8845','0','0','0','100','0'),
('6564982','80','-3478.75','-5293.12','11.4547','0','0','0','100','0'),
('6564982','81','-3481.45','-5298.9','12.006','0','0','0','100','0'),
('6564982','82','-3479.67','-5304.29','12.182','0','0','0','100','0'),
('6564982','83','-3478.82','-5313.91','11.1589','0','0','0','100','0'),
('6564982','84','-3478.97','-5317.01','11.0927','0','0','0','100','0'),
('6564982','85','-3480.54','-5325.91','11.0994','0','0','0','100','0'),
('6564982','86','-3481.77','-5329.19','11.1628','0','0','0','100','0'),
('6564982','87','-3486.94','-5338.62','12.1932','0','0','0','100','0'),
('6564982','88','-3489.07','-5341.4','12.2399','0','0','0','100','0'),
('6564982','89','-3493.32','-5346.95','11.9034','0','0','0','100','0'),
('6564982','90','-3499.22','-5353.77','12.0878','0','0','0','100','0'),
('6564982','91','-3503.47','-5356.03','12.3218','0','0','0','100','0'),
('6564982','92','-3510.24','-5357.79','12.5449','0','0','0','100','0'),
('6564982','93','-3515.05','-5357.3','11.9926','0','0','0','100','0'),
('6564982','94','-3516.12','-5355.62','12.7281','0','0','0','100','0'),
('6564982','95','-3519.47','-5349.48','14.2605','0','0','0','100','0'),
('6564982','96','-3521.79','-5346.43','14.3405','0','0','0','100','0'),
('6564982','97','-3523.5','-5345.61','13.6676','0','0','0','100','0'),
('6564982','98','-3531.09','-5344.05','13.4759','0','0','0','100','0'),
('6564982','99','-3536.99','-5343.74','15.3222','0','0','0','100','0'),
('6564982','100','-3542.25','-5345.98','18.1195','0','0','0','100','0'),
('6564982','101','-3548.33','-5346.95','18.521','0','0','0','100','0'),
('6564982','102','-3552.8','-5346.14','18.4531','0','0','0','100','0'),
('6564982','103','-3561.93','-5343.7','20.754','0','0','0','100','0'),
('6564982','104','-3569.27','-5345.83','21.5466','0','0','0','100','0'),
('6564982','105','-3570.84','-5349.95','22.739','0','0','0','100','0'),
('6564982','106','-3572.34','-5356.54','22.02','0','0','0','100','0'),
('6564982','107','-3573.36','-5363.46','23.2725','0','0','0','100','0'),
('6564982','108','-3574.55','-5370.36','22.9473','0','0','0','100','0'),
('6564982','109','-3576.72','-5376.22','23.1156','0','0','0','100','0'),
('6564982','110','-3579.95','-5380.19','23.6682','0','0','0','100','0'),
('6564982','111','-3584.23','-5384.02','24.7939','0','0','0','100','0'),
('6564982','112','-3589.79','-5387.15','26.0114','0','0','0','100','0'),
('6564982','113','-3595.52','-5391.41','27.8106','0','0','0','100','0'),
('6564982','114','-3599.21','-5396.69','28.1565','0','0','0','100','0'),
('6564982','115','-3600.65','-5399.87','28.7301','0','0','0','100','0'),
('6564982','116','-3604.82','-5409.5','32.49','0','0','0','100','0'),
('6564982','117','-3605.78','-5412.87','31.5389','0','0','0','100','0'),
('6564982','118','-3607.64','-5419.62','30.0914','0','0','0','100','0'),
('6564982','119','-3609.5','-5426.37','31.6759','0','0','0','100','0'),
('6564982','120','-3611.36','-5433.12','32.7701','0','0','0','100','0'),
('6564982','121','-3614.35','-5443.18','31.5234','0','0','0','100','0'),
('6564982','122','-3616.01','-5447.88','31.279','0','0','0','100','0'),
('6564982','123','-3621.14','-5457.03','31.0858','0','0','0','100','0'),
('6564982','124','-3625.09','-5462.81','32.2513','0','0','0','100','0'),
('6564982','125','-3631.44','-5471.17','34.4253','0','0','0','100','0'),
('6564982','126','-3635.33','-5476.99','34.7961','0','0','0','100','0'),
('6564982','127','-3638.3','-5483.32','34.1545','0','0','0','100','0'),
('6564982','128','-3642.54','-5491.78','34.2328','0','0','0','100','0'),
('6564982','129','-3644.9','-5494.62','34.4896','0','0','0','100','0'),
('6564982','130','-3652.15','-5500.53','35.7551','0','0','0','100','0'),
('6564982','131','-3656.22','-5502.62','35.3809','0','0','0','100','0'),
('6564982','132','-3665.22','-5504.04','34.4565','0','0','0','100','0'),
('6564982','133','-3672.22','-5504.17','34.5056','0','0','0','100','0'),
('6564982','134','-3680.88','-5504.39','34.9056','0','0','0','100','0'),
('6564982','135','-3687.93','-5506.42','35.4628','0','0','0','100','0'),
('6564982','136','-3693.63','-5511.04','36.6919','0','0','0','100','0'),
('6564982','137','-3697.93','-5520.51','37.3423','0','0','0','100','0'),
('6564982','138','-3698.68','-5524.15','37.0856','0','0','0','100','0'),
('6564982','139','-3698.59','-5531.15','36.156','0','0','0','100','0'),
('6564982','140','-3700.24','-5543.73','35.1421','0','0','0','100','0'),
('6564982','141','-3701.23','-5546.9','35.1964','0','0','0','100','0'),
('6564982','142','-3704.28','-5552.42','35.5784','0','0','0','100','0'),
('6564982','143','-3708.33','-5556.13','36.4243','0','0','0','100','0'),
('6564982','144','-3715.98','-5560.16','38.331','0','0','0','100','0'),
('6564982','145','-3722.68','-5562.18','39.7835','0','0','0','100','0'),
('6564982','146','-3729.46','-5563.91','40.7521','0','0','0','100','0'),
('6564982','147','-3733.97','-5565.37','41.1568','0','0','0','100','0'),
('6564982','148','-3740.7','-5569.98','41.3908','0','0','0','100','0'),
('6564982','149','-3743.12','-5574.24','41.2296','0','0','0','100','0'),
('6564982','150','-3746.49','-5580.37','41.277','0','0','0','100','0'),
('6564982','151','-3750.41','-5586.16','41.5509','0','0','0','100','0'),
('6564982','152','-3753.25','-5591.73','41.6362','0','0','0','100','0'),
('6564982','153','-3752.27','-5597.35','40.8257','0','0','0','100','0'),
('6564982','154','-3746.27','-5603.57','38.8434','0','0','0','100','0'),
('6564982','155','-3742.21','-5607.35','37.9338','0','0','0','100','0'),
('6564982','156','-3734.34','-5610.55','36.8975','0','0','0','100','0'),
('6564982','157','-3727.98','-5614.79','36.0228','0','0','0','100','0'),
('6564982','158','-3725.2','-5619.91','34.9634','0','0','0','100','0'),
('6564982','159','-3721.75','-5627.81','33.7495','0','0','0','100','0'),
('6564982','160','-3719.8','-5634.53','32.8789','0','0','0','100','0'),
('6564982','161','-3718.47','-5643.86','32.8309','0','0','0','100','0'),
('6564982','162','-3719','-5650.55','33.0371','0','0','0','100','0'),
('6564982','163','-3720.72','-5657.34','32.9319','0','0','0','100','0'),
('6564982','164','-3723.31','-5667.51','30.348','0','0','0','100','0'),
('6564982','165','-3724.18','-5670.9','30.7851','0','0','0','100','0'),
('6564982','166','-3725.9','-5677.69','29.8392','0','0','0','100','0'),
('6564982','167','-3727.28','-5683.5','28.8752','0','0','0','100','0'),
('6564982','168','-3728.41','-5693.93','27.8235','0','0','0','100','0'),
('6564982','169','-3727.99','-5699.61','27.3703','0','0','0','100','0'),
('6564982','170','-3725.89','-5706.29','26.5387','0','0','0','100','0'),
('6564982','171','-3722.43','-5715.27','25.3607','0','0','0','100','0'),
('6564982','172','-3718.09','-5720.34','25.3578','0','0','0','100','0'),
('6564982','173','-3711.52','-5722.74','26.1075','0','0','0','100','0'),
('6564982','174','-3704.97','-5723.01','26.3353','0','0','0','100','0'),
('6564982','175','-3699.82','-5720.84','26.8027','0','0','0','100','0'),
('6564982','176','-3696.98','-5718.79','26.6811','0','0','0','100','0'),
('6564982','177','-3692.01','-5715.01','26.3962','0','0','0','100','0'),
('6564982','178','-3688.12','-5708.08','26.2371','0','0','0','100','0'),
('6564982','179','-3683.39','-5703.48','25.81','0','0','0','100','0'),
('6564982','180','-3677.85','-5699.2','24.94','0','0','0','100','0'),
('6564982','181','-3670.16','-5694.37','24.9266','0','0','0','100','0'),
('6564982','182','-3663.92','-5691.2','25.6095','0','0','0','100','0'),
('6564982','183','-3660.75','-5689.1','25.1352','0','0','0','100','0'),
('6564982','184','-3655.38','-5678.12','25.0125','0','0','0','100','0'),
('6564982','185','-3651.61','-5668.32','25.6127','0','0','0','100','0'),
('6564982','186','-3648.32','-5659.41','26.9657','0','0','0','100','0'),
('6564982','187','-3646.4','-5652.68','28.0419','0','0','0','100','0'),
('6564982','188','-3641.55','-5645','29.5174','0','0','0','100','0'),
('6564982','189','-3635.51','-5644.93','29.9209','0','0','0','100','0'),
('6564982','190','-3629.43','-5647.78','29.3064','0','0','0','100','0'),
('6564982','191','-3625.75','-5652.75','28.2409','0','0','0','100','0'),
('6564982','192','-3623.26','-5657.9','28.6757','0','0','0','100','0'),
('6564982','193','-3621.12','-5665.93','29.7823','0','0','0','100','0'),
('6564982','194','-3621.55','-5675.32','29.6206','0','0','0','100','0'),
('6564982','195','-3625.27','-5681.14','28.8794','0','0','0','100','0'),
('6564982','196','-3630.74','-5685.51','26.8699','0','0','0','100','0'),
('6564982','197','-3636.34','-5691.6','23.6097','0','0','0','100','0'),
('6564982','198','-3633.87','-5696.93','21.408','0','0','0','100','0'),
('6564982','199','-3627.04','-5699.72','15.9747','0','0','0','100','0'),
('6564982','200','-3622.58','-5699.3','15.7148','0','0','0','100','0'),
('6564982','201','-3616.1','-5701.93','16.0022','0','0','0','100','0'),
('6564982','202','-3609.83','-5705.05','15.3332','0','0','0','100','0'),
('6564982','203','-3601.93','-5706.35','14.8882','0','0','0','100','0'),
('6564982','204','-3595.03','-5705.2','14.0746','0','0','0','100','0'),
('6564982','205','-3588.15','-5703.9','12.5702','0','0','0','100','0'),
('6564982','206','-3579.46','-5700.8','10.6818','0','0','0','100','0'),
('6564982','207','-3576.67','-5697.68','10.5129','0','0','0','100','0'),
('6564982','208','-3576.15','-5690.71','11.5573','0','0','0','100','0'),
('6564982','209','-3574.66','-5682.44','13.1803','0','0','0','100','0'),
('6564982','210','-3572.08','-5675.94','13.8243','0','0','0','100','0'),
('6564982','211','-3569.11','-5669.61','13.963','0','0','0','100','0'),
('6564982','212','-3566.14','-5663.27','13.8963','0','0','0','100','0'),
('6564982','213','-3565.07','-5658.2','14.4802','0','0','0','100','0'),
('6564982','214','-3566.65','-5653.39','15.2801','0','0','0','100','0'),
('6564982','215','-3570.56','-5647.32','15.9178','0','0','0','100','0'),
('6564982','216','-3576.27','-5644.26','20.7704','0','0','0','100','0'),
('6564982','217','-3579.62','-5643.69','23.5149','0','0','0','100','0'),
('6564982','218','-3586.25','-5645.94','27.8149','0','0','0','100','0'),
('6564982','219','-3592.66','-5648.72','29.7763','0','0','0','100','0'),
('6564982','220','-3598.2','-5648.15','29.793','0','0','0','100','0'),
('6564982','221','-3606.04','-5643.8','29.0411','0','0','0','100','0'),
('6564982','222','-3613','-5643.07','28.2383','0','0','0','100','0'),
('6564982','223','-3621.24','-5641.18','28.8191','0','0','0','100','0'),
('6564982','224','-3627.78','-5638.69','30.3461','0','0','0','100','0'),
('6564982','225','-3634.24','-5636','30.3444','0','0','0','100','0'),
('6564982','226','-3641.63','-5631.44','29.4359','0','0','0','100','0'),
('6564982','227','-3647.23','-5627.24','28.8369','0','0','0','100','0'),
('6564982','228','-3651.4','-5622.9','28.031','0','0','0','100','0'),
('6564982','229','-3654.56','-5617.23','27.3232','0','0','0','100','0'),
('6564982','230','-3655.67','-5611.83','27.7402','0','0','0','100','0'),
('6564982','231','-3654.53','-5604.47','29.2927','0','0','0','100','0'),
('6564982','232','-3650.07','-5599.85','28.6465','0','0','0','100','0'),
('6564982','233','-3645.41','-5598.43','28.628','0','0','0','100','0'),
('6564982','234','-3639.65','-5598.85','29.5521','0','0','0','100','0'),
('6564982','235','-3637.37','-5601.26','29.4591','0','0','0','100','0'),
('6564982','236','-3633.33','-5606.97','28.7982','0','0','0','100','0'),
('6564982','237','-3626.35','-5611.5','29.7327','0','0','0','100','0'),
('6564982','238','-3623.03','-5608.08','29.91','0','0','0','100','0'),
('6564982','239','-3622.44','-5604.91','29.6806','0','0','0','100','0'),
('6564982','240','-3622.11','-5595.47','29.9081','0','0','0','100','0'),
('6564982','241','-3623.17','-5591.1','30.2296','0','0','0','100','0');

-- ----
-- SAI
-- ----
-- SAI: Karoma <The Wolf Spirit>
SET @ENTRY := 50138;
SET @SOURCETYPE := 0;

DELETE FROM `smart_scripts` WHERE `entryorguid`=@ENTRY AND `source_type`=@SOURCETYPE;
UPDATE creature_template SET AIName="SmartAI" WHERE entry=@ENTRY LIMIT 1;
INSERT INTO `smart_scripts` (`entryorguid`,`source_type`,`id`,`link`,`event_type`,`event_phase_mask`,`event_chance`,`event_flags`,`event_param1`,`event_param2`,`event_param3`,`event_param4`,`action_type`,`action_param1`,`action_param2`,`action_param3`,`action_param4`,`action_param5`,`action_param6`,`target_type`,`target_param1`,`target_param2`,`target_param3`,`target_x`,`target_y`,`target_z`,`target_o`,`comment`) VALUES 
(@ENTRY,@SOURCETYPE,0,0,9,0,100,0,5,45,1000,2500,11,75002,0,0,0,0,0,2,0,0,0,0.0,0.0,0.0,0.0,"On player range - Cast Leaping Rush");

-- SAI: Sambas
SET @ENTRY := 50159 ;
SET @SOURCETYPE := 0;

DELETE FROM `smart_scripts` WHERE `entryorguid`=@ENTRY AND `source_type`=@SOURCETYPE;
UPDATE creature_template SET AIName="SmartAI" WHERE entry=@ENTRY LIMIT 1;
INSERT INTO `smart_scripts` (`entryorguid`,`source_type`,`id`,`link`,`event_type`,`event_phase_mask`,`event_chance`,`event_flags`,`event_param1`,`event_param2`,`event_param3`,`event_param4`,`action_type`,`action_param1`,`action_param2`,`action_param3`,`action_param4`,`action_param5`,`action_param6`,`target_type`,`target_param1`,`target_param2`,`target_param3`,`target_x`,`target_y`,`target_z`,`target_o`,`comment`) VALUES 
(@ENTRY,@SOURCETYPE,0,0,9,0,100,0,5,45,1000,2500,11,75002,0,0,0,0,0,2,0,0,0,0.0,0.0,0.0,0.0,"On player range - Cast Leaping Rush");

-- SAI; Jadefang
SET @ENTRY := 49822;
SET @SOURCETYPE := 0;

DELETE FROM `smart_scripts` WHERE `entryorguid`=@ENTRY AND `source_type`=@SOURCETYPE;
UPDATE creature_template SET AIName="SmartAI" WHERE entry=@ENTRY LIMIT 1;
INSERT INTO `smart_scripts` (`entryorguid`,`source_type`,`id`,`link`,`event_type`,`event_phase_mask`,`event_chance`,`event_flags`,`event_param1`,`event_param2`,`event_param3`,`event_param4`,`action_type`,`action_param1`,`action_param2`,`action_param3`,`action_param4`,`action_param5`,`action_param6`,`target_type`,`target_param1`,`target_param2`,`target_param3`,`target_x`,`target_y`,`target_z`,`target_o`,`comment`) VALUES 
(@ENTRY,@SOURCETYPE,0,0,9,0,100,0,5,45,3500,4600,11,96201,0,0,0,0,0,2,0,0,0,0.0,0.0,0.0,0.0,"On player are in range cast - Web Wrap"),
(@ENTRY,@SOURCETYPE,1,0,0,0,100,0,2500,3500,9500,10000,11,86570,0,0,0,0,0,2,0,0,0,0.0,0.0,0.0,0.0,"On IC cast: Shale Flurry"),
(@ENTRY,@SOURCETYPE,2,0,0,0,100,0,5500,5600,11000,12500,11,83381,0,0,0,0,0,2,0,0,0,0.0,0.0,0.0,0.0,"On IC cast: kill");

-- SAI: Golgarok
SET @ENTRY := 50059;
SET @SOURCETYPE := 0;

DELETE FROM `smart_scripts` WHERE `entryorguid`=@ENTRY AND `source_type`=@SOURCETYPE;
UPDATE creature_template SET AIName="SmartAI" WHERE entry=@ENTRY LIMIT 1;
INSERT INTO `smart_scripts` (`entryorguid`,`source_type`,`id`,`link`,`event_type`,`event_phase_mask`,`event_chance`,`event_flags`,`event_param1`,`event_param2`,`event_param3`,`event_param4`,`action_type`,`action_param1`,`action_param2`,`action_param3`,`action_param4`,`action_param5`,`action_param6`,`target_type`,`target_param1`,`target_param2`,`target_param3`,`target_x`,`target_y`,`target_z`,`target_o`,`comment`) VALUES 
(@ENTRY,@SOURCETYPE,0,0,9,0,100,0,5,10,3000,3500,11,86699,0,0,0,0,0,2,0,0,0,0.0,0.0,0.0,0.0,"On player on range cast: Sockwave"),
(@ENTRY,@SOURCETYPE,1,0,2,0,100,0,25,25,35000,48000,11,80117,0,0,0,0,0,5,0,0,0,0.0,0.0,0.0,0.0,"On 25% HP: Earth Spike"),
(@ENTRY,@SOURCETYPE,2,0,67,0,100,0,10000,11000,0,0,11,80182,0,0,0,0,0,2,0,0,0,0.0,0.0,0.0,0.0,"On behing target cast: Uppercut"),
(@ENTRY,@SOURCETYPE,3,0,0,0,100,0,25000,28000,60000,70000,11,86861,0,0,0,0,0,1,0,0,0,0.0,0.0,0.0,0.0,"On IC cast: Earthquake");

-- SAI: Terborus
SET @ENTRY := 50060;
SET @SOURCETYPE := 0;

DELETE FROM `smart_scripts` WHERE `entryorguid`=@ENTRY AND `source_type`=@SOURCETYPE;
UPDATE creature_template SET AIName="SmartAI" WHERE entry=@ENTRY LIMIT 1;
INSERT INTO `smart_scripts` (`entryorguid`,`source_type`,`id`,`link`,`event_type`,`event_phase_mask`,`event_chance`,`event_flags`,`event_param1`,`event_param2`,`event_param3`,`event_param4`,`action_type`,`action_param1`,`action_param2`,`action_param3`,`action_param4`,`action_param5`,`action_param6`,`target_type`,`target_param1`,`target_param2`,`target_param3`,`target_x`,`target_y`,`target_z`,`target_o`,`comment`) VALUES 
(@ENTRY,@SOURCETYPE,0,0,0,0,100,0,1000,60000,65000,70000,11,79927,0,0,0,0,0,1,0,0,0,0.0,0.0,0.0,0.0,"On IC cast: Earth Shield"),
(@ENTRY,@SOURCETYPE,1,0,0,0,100,0,5000,6000,45000,50000,11,32738,0,0,0,0,0,2,0,0,0,0.0,0.0,0.0,0.0,"On IC cast: Bore");

-- SAI: Mobus
SET @ENTRY := 50009;
SET @SOURCETYPE := 0;

DELETE FROM `smart_scripts` WHERE `entryorguid`=@ENTRY AND `source_type`=@SOURCETYPE;
UPDATE creature_template SET AIName="SmartAI" WHERE entry=@ENTRY LIMIT 1;
INSERT INTO `smart_scripts` (`entryorguid`,`source_type`,`id`,`link`,`event_type`,`event_phase_mask`,`event_chance`,`event_flags`,`event_param1`,`event_param2`,`event_param3`,`event_param4`,`action_type`,`action_param1`,`action_param2`,`action_param3`,`action_param4`,`action_param5`,`action_param6`,`target_type`,`target_param1`,`target_param2`,`target_param3`,`target_x`,`target_y`,`target_z`,`target_o`,`comment`) VALUES 
(@ENTRY,@SOURCETYPE,0,0,0,0,100,0,1300,2300,60000,70000,11,93492,0,0,0,0,0,2,0,0,0,0.0,0.0,0.0,0.0,"On IC cast: Ram"),
(@ENTRY,@SOURCETYPE,1,0,0,0,100,0,5500,6000,120000,130000,11,93491,0,0,0,0,0,2,0,0,0,0.0,0.0,0.0,0.0,"On IC cast: Algae"),
(@ENTRY,@SOURCETYPE,2,0,2,0,100,0,40,40,24000,25400,11,8599,0,0,0,0,0,1,0,0,0,0.0,0.0,0.0,0.0,"On 40% HP cast: Enrage"),
(@ENTRY,@SOURCETYPE,3,0,0,0,100,0,2500,3000,60000,120000,11,93494,0,0,0,0,0,2,0,0,0,0.0,0.0,0.0,0.0,"On IC cast: Wake");

-- SAI: Ghostcrawler
SET @ENTRY := 50051;
SET @SOURCETYPE := 0;

DELETE FROM `smart_scripts` WHERE `entryorguid`=@ENTRY AND `source_type`=@SOURCETYPE;
UPDATE creature_template SET AIName="SmartAI" WHERE entry=@ENTRY LIMIT 1;
INSERT INTO `smart_scripts` (`entryorguid`,`source_type`,`id`,`link`,`event_type`,`event_phase_mask`,`event_chance`,`event_flags`,`event_param1`,`event_param2`,`event_param3`,`event_param4`,`action_type`,`action_param1`,`action_param2`,`action_param3`,`action_param4`,`action_param5`,`action_param6`,`target_type`,`target_param1`,`target_param2`,`target_param3`,`target_x`,`target_y`,`target_z`,`target_o`,`comment`) VALUES 
(@ENTRY,@SOURCETYPE,0,0,4,0,100,0,0,0,0,0,11,53148,0,0,0,0,0,2,0,0,0,0.0,0.0,0.0,0.0,"On aggro: Charge"),
(@ENTRY,@SOURCETYPE,1,0,0,0,100,0,1300,1500,10000,15000,11,67982,4,0,0,0,0,2,0,0,0,0.0,0.0,0.0,0.0,"On IC cast: Claw"),
(@ENTRY,@SOURCETYPE,2,0,2,0,100,0,50,50,0,0,11,93082,0,0,0,0,0,2,0,0,0,0.0,0.0,0.0,0.0,"On 50% HP cast: Supernerf");

-- SAI: Burgy Blackheart
SET @ENTRY := 50052;
SET @SOURCETYPE := 0;

DELETE FROM `smart_scripts` WHERE `entryorguid`=@ENTRY AND `source_type`=@SOURCETYPE;
UPDATE creature_template SET AIName="SmartAI" WHERE entry=@ENTRY LIMIT 1;
INSERT INTO `smart_scripts` (`entryorguid`,`source_type`,`id`,`link`,`event_type`,`event_phase_mask`,`event_chance`,`event_flags`,`event_param1`,`event_param2`,`event_param3`,`event_param4`,`action_type`,`action_param1`,`action_param2`,`action_param3`,`action_param4`,`action_param5`,`action_param6`,`target_type`,`target_param1`,`target_param2`,`target_param3`,`target_x`,`target_y`,`target_z`,`target_o`,`comment`) VALUES 
(@ENTRY,@SOURCETYPE,0,0,9,0,100,0,1,30,1200,1300,11,75380,0,0,0,0,0,0,0,0,0,0.0,0.0,0.0,0.0,"On Range cast: Parrrley!"),
(@ENTRY,@SOURCETYPE,1,0,0,0,100,0,1600,1700,12000,15000,11,75361,0,0,0,0,0,2,0,0,0,0.0,0.0,0.0,0.0,"On IC Cast: Swashbuckling Slice"),
(@ENTRY,@SOURCETYPE,2,0,0,0,100,0,1200,1300,28000,30000,11,79414,0,0,0,0,0,2,0,0,0,0.0,0.0,0.0,0.0,"On IC Cast: Brittle Touch");

-- SAI: Poseidus
SET @ENTRY := 50005;
SET @SOURCETYPE := 0;

DELETE FROM `smart_scripts` WHERE `entryorguid`=@ENTRY AND `source_type`=@SOURCETYPE;
UPDATE creature_template SET AIName="SmartAI" WHERE entry=@ENTRY LIMIT 1;
INSERT INTO `smart_scripts` (`entryorguid`,`source_type`,`id`,`link`,`event_type`,`event_phase_mask`,`event_chance`,`event_flags`,`event_param1`,`event_param2`,`event_param3`,`event_param4`,`action_type`,`action_param1`,`action_param2`,`action_param3`,`action_param4`,`action_param5`,`action_param6`,`target_type`,`target_param1`,`target_param2`,`target_param3`,`target_x`,`target_y`,`target_z`,`target_o`,`comment`) VALUES 
(@ENTRY,@SOURCETYPE,0,0,9,0,100,0,8,25,3500,4000,11,93497,0,0,0,0,0,2,0,0,0,0.0,0.0,0.0,0.0,"On Range Cast: Bubble Charge"),
(@ENTRY,@SOURCETYPE,1,0,0,0,100,0,1300,1500,30000,35000,11,93500,0,0,0,0,0,2,0,0,0,0.0,0.0,0.0,0.0,"On IC Cast: Bubblebeam"),
(@ENTRY,@SOURCETYPE,2,0,2,0,100,0,10,50,25000,30000,11,93502,0,0,0,0,0,1,0,0,0,0.0,0.0,0.0,0.0,"On % HP Cast: Seascape");

-- SAI: Armagedillo
SET @ENTRY := 50065;
SET @SOURCETYPE := 0;

DELETE FROM `smart_scripts` WHERE `entryorguid`=@ENTRY AND `source_type`=@SOURCETYPE;
UPDATE creature_template SET AIName="SmartAI" WHERE entry=@ENTRY LIMIT 1;
INSERT INTO `smart_scripts` (`entryorguid`,`source_type`,`id`,`link`,`event_type`,`event_phase_mask`,`event_chance`,`event_flags`,`event_param1`,`event_param2`,`event_param3`,`event_param4`,`action_type`,`action_param1`,`action_param2`,`action_param3`,`action_param4`,`action_param5`,`action_param6`,`target_type`,`target_param1`,`target_param2`,`target_param3`,`target_x`,`target_y`,`target_z`,`target_o`,`comment`) VALUES 
(@ENTRY,@SOURCETYPE,0,0,9,0,100,0,5,30,1200,1300,11,0,0,0,0,0,0,2,0,0,0,0.0,0.0,0.0,0.0,"On Range Cast: Spiked Charge"),
(@ENTRY,@SOURCETYPE,1,0,0,0,100,0,1500,1600,40000,45000,11,93592,0,0,0,0,0,2,0,0,0,0.0,0.0,0.0,0.0,"On Ic Cast: Diligeddon"),
(@ENTRY,@SOURCETYPE,2,0,0,0,100,0,1600,1700,16000,20000,11,93590,0,0,0,0,0,2,0,0,0,0.0,0.0,0.0,0.0,"On Ic Cast: Flame Breath");

-- SAI: Xariona
SET @ENTRY := 50061;
SET @SOURCETYPE := 0;

DELETE FROM `smart_scripts` WHERE `entryorguid`=@ENTRY AND `source_type`=@SOURCETYPE;
UPDATE creature_template SET AIName="SmartAI" WHERE entry=@ENTRY LIMIT 1;
INSERT INTO `smart_scripts` (`entryorguid`,`source_type`,`id`,`link`,`event_type`,`event_phase_mask`,`event_chance`,`event_flags`,`event_param1`,`event_param2`,`event_param3`,`event_param4`,`action_type`,`action_param1`,`action_param2`,`action_param3`,`action_param4`,`action_param5`,`action_param6`,`target_type`,`target_param1`,`target_param2`,`target_param3`,`target_x`,`target_y`,`target_z`,`target_o`,`comment`) VALUES 
(@ENTRY,@SOURCETYPE,0,0,0,0,100,0,1500,1600,25000,30000,11,93544,0,0,0,0,0,2,0,0,0,0.0,0.0,0.0,0.0,"On IC Cast: Twilight Breath"),
(@ENTRY,@SOURCETYPE,1,0,0,0,100,0,3500,4000,55000,60000,11,93546,0,0,0,0,0,5,0,0,0,0.0,0.0,0.0,0.0,"On IC Cast: Twilight Fissure"),
(@ENTRY,@SOURCETYPE,2,0,2,0,100,0,50,50,25000,30000,11,93553,0,0,0,0,0,1,0,0,0,0.0,0.0,0.0,0.0,"On 50% HP Cast: Twilight Zone"),
(@ENTRY,@SOURCETYPE,3,0,0,0,100,0,4000,4500,60000,70000,11,93556,0,0,0,0,0,1,0,0,0,0.0,0.0,0.0,0.0,"On Ic Cast: Unleashed Magic");